[00:49:25] [main/INFO] (FabricLoader/GameProvider) Loading Minecraft 1.21.10 with Fabric Loader 0.17.3
[00:49:25] [main/INFO] (FabricLoader) Loading 52 mods:
	- carpet 1.4.188+v251016
	- fabric-api 0.136.0+1.21.10
	- fabric-api-base 1.0.0+14b92d896f
	- fabric-api-lookup-api-v1 1.6.106+d17682156f
	- fabric-biome-api-v1 16.1.0+c2417d4f6f
	- fabric-block-api-v1 1.1.5+d17682156f
	- fabric-block-view-api-v2 1.0.34+e4fd1b926f
	- fabric-client-gametest-api-v1 4.2.13+14b92d896f
	- fabric-command-api-v2 2.4.0+c0ab2d5d6f
	- fabric-content-registries-v0 10.2.4+b6a242646f
	- fabric-convention-tags-v1 2.1.48+7f945d5b6f
	- fabric-convention-tags-v2 2.16.0+552403eb6f
	- fabric-crash-report-info-v1 0.3.18+33df5e6e6f
	- fabric-data-attachment-api-v1 1.8.30+68e881bd6f
	- fabric-data-generation-api-v1 23.2.24+d8b85ef16f
	- fabric-dimensions-v1 4.0.22+38b9cc196f
	- fabric-entity-events-v1 2.1.13+fde3702c6f
	- fabric-events-interaction-v0 4.0.36+5ba217126f
	- fabric-game-rule-api-v1 1.1.1+e47eaae56f
	- fabric-gametest-api-v1 3.1.19+33df5e6e6f
	- fabric-item-api-v1 11.5.9+9bce411b6f
	- fabric-item-group-api-v1 4.2.25+86b3ae576f
	- fabric-key-binding-api-v1 1.1.1+b3ba9c486f
	- fabric-lifecycle-events-v1 2.6.9+33df5e6e6f
	- fabric-loot-api-v2 3.0.65+3f89f5a56f
	- fabric-loot-api-v3 2.0.12+d17682156f
	- fabric-message-api-v1 6.1.7+3154c1c86f
	- fabric-model-loading-api-v1 6.0.2+3ffd6ef06f
	- fabric-networking-api-v1 5.1.0+b095d8db6f
	- fabric-object-builder-api-v1 21.1.26+9bce411b6f
	- fabric-particles-v1 4.2.3+a0ee59a46f
	- fabric-recipe-api-v1 8.1.27+d17682156f
	- fabric-registry-sync-v0 6.1.42+679c8c5c6f
	- fabric-renderer-api-v1 7.2.0+3706cdf36f
	- fabric-renderer-indigo 4.1.1+d7df91576f
	- fabric-rendering-fluids-v1 3.1.38+86b3ae576f
	- fabric-rendering-v1 16.0.2+19a99b056f
	- fabric-resource-conditions-api-v1 5.0.28+33df5e6e6f
	- fabric-resource-loader-v0 3.2.3+3388a3b26f
	- fabric-resource-loader-v1 1.0.3+8cc86c156f
	- fabric-screen-api-v1 3.1.0+9c82a7986f
	- fabric-screen-handler-api-v1 1.3.151+d17682156f
	- fabric-serialization-api-v1 1.0.0+d857c9766f
	- fabric-sound-api-v1 1.0.45+328a75ba6f
	- fabric-tag-api-v1 1.2.11+2fa446b26f
	- fabric-transfer-api-v1 6.0.15+79ec2c126f
	- fabric-transitive-access-wideners-v1 6.5.3+41eb43436f
	- fabricloader 0.17.3
	- java 21
	- minecraft 1.21.10
	- minecraftaimod 1.0-SNAPSHOT
	- mixinextras 0.5.0
[00:49:25] [main/INFO] (FabricLoader/Mixin) SpongePowered MIXIN Subsystem Version=0.8.7 Source=file:/home/sandhm1/.gradle/caches/modules-2/files-2.1/net.fabricmc/sponge-mixin/0.16.5+mixin.0.8.7/80fc3a9f592673cea87f4cd702f87991c6c9fe4d/sponge-mixin-0.16.5+mixin.0.8.7.jar Service=Knot/Fabric Env=CLIENT
[00:49:26] [main/INFO] (FabricLoader/Mixin) Loaded Fabric development mappings for mixin remapper!
[00:49:26] [main/INFO] (FabricLoader/Mixin) Compatibility level set to JAVA_21
[00:49:27] [main/INFO] (FabricLoader/MixinExtras|Service) Initializing MixinExtras via com.llamalad7.mixinextras.service.MixinExtrasServiceImpl(version=0.5.0).
[00:49:28] [Datafixer Bootstrap/INFO] (Minecraft) 278 Datafixer optimizations took 306 milliseconds
[00:49:32] [Render thread/INFO] (Minecraft) Environment: Environment[sessionHost=https://sessionserver.mojang.com, servicesHost=https://api.minecraftservices.com, profilesHost=https://api.mojang.com, name=PROD]
[00:49:32] [Render thread/INFO] (Minecraft) Setting user: Player927
[00:49:32] [Render thread/INFO] (Indigo) [Indigo] Registering Indigo renderer!
[00:49:32] [Download-2/ERROR] (Minecraft) Failed to fetch user properties
com.mojang.authlib.exceptions.InvalidCredentialsException: Status: 401
	at knot/com.mojang.authlib.exceptions.MinecraftClientHttpException.toAuthenticationException(MinecraftClientHttpException.java:59) ~[authlib-7.0.61.jar:?]
	at knot/com.mojang.authlib.yggdrasil.YggdrasilUserApiService.fetchProperties(YggdrasilUserApiService.java:150) ~[authlib-7.0.61.jar:?]
	at knot/net.minecraft.client.MinecraftClient.method_55608(MinecraftClient.java:465) ~[minecraft-clientOnly-41f1a071a7-1.21.10-net.fabricmc.yarn.1_21_10.1.21.10+build.2-v2.jar:?]
	at java.base/java.util.concurrent.CompletableFuture$AsyncSupply.run(CompletableFuture.java:1768) ~[?:?]
	at java.base/java.util.concurrent.ThreadPoolExecutor.runWorker(ThreadPoolExecutor.java:1144) ~[?:?]
	at java.base/java.util.concurrent.ThreadPoolExecutor$Worker.run(ThreadPoolExecutor.java:642) ~[?:?]
	at java.base/java.lang.Thread.run(Thread.java:1583) [?:?]
Caused by: com.mojang.authlib.exceptions.MinecraftClientHttpException: Status: 401
	at knot/com.mojang.authlib.minecraft.client.MinecraftClient.readInputStream(MinecraftClient.java:103) ~[authlib-7.0.61.jar:?]
	at knot/com.mojang.authlib.minecraft.client.MinecraftClient.get(MinecraftClient.java:56) ~[authlib-7.0.61.jar:?]
	at knot/com.mojang.authlib.yggdrasil.YggdrasilUserApiService.fetchProperties(YggdrasilUserApiService.java:121) ~[authlib-7.0.61.jar:?]
	... 5 more
[00:49:32] [Render thread/INFO] (Minecraft) Backend library: LWJGL version 3.3.3-snapshot
[00:49:33] [Render thread/INFO] (Minecraft) Using optional rendering extensions: GL_ARB_buffer_storage, GL_KHR_debug, GL_ARB_vertex_attrib_binding, GL_ARB_direct_state_access
[00:49:34] [Render thread/INFO] (Minecraft) Reloading ResourceManager: vanilla, fabric, carpet, fabric-api, fabric-api-base, fabric-api-lookup-api-v1, fabric-biome-api-v1, fabric-block-api-v1, fabric-block-view-api-v2, fabric-client-gametest-api-v1, fabric-command-api-v2, fabric-content-registries-v0, fabric-convention-tags-v1, fabric-convention-tags-v2, fabric-crash-report-info-v1, fabric-data-attachment-api-v1, fabric-data-generation-api-v1, fabric-dimensions-v1, fabric-entity-events-v1, fabric-events-interaction-v0, fabric-game-rule-api-v1, fabric-gametest-api-v1, fabric-item-api-v1, fabric-item-group-api-v1, fabric-key-binding-api-v1, fabric-lifecycle-events-v1, fabric-loot-api-v2, fabric-loot-api-v3, fabric-message-api-v1, fabric-model-loading-api-v1, fabric-networking-api-v1, fabric-object-builder-api-v1, fabric-particles-v1, fabric-recipe-api-v1, fabric-registry-sync-v0, fabric-renderer-api-v1, fabric-renderer-indigo, fabric-rendering-fluids-v1, fabric-rendering-v1, fabric-resource-conditions-api-v1, fabric-resource-loader-v0, fabric-resource-loader-v1, fabric-screen-api-v1, fabric-screen-handler-api-v1, fabric-serialization-api-v1, fabric-sound-api-v1, fabric-tag-api-v1, fabric-transfer-api-v1, fabric-transitive-access-wideners-v1, fabricloader
[00:49:34] [Worker-Main-10/INFO] (Minecraft) Found unifont_pua-16.0.03.hex, loading
[00:49:34] [Worker-Main-11/INFO] (Minecraft) Found unifont_all_no_pua-16.0.03.hex, loading
[00:49:34] [Worker-Main-6/INFO] (Minecraft) Found unifont_jp_patch-16.0.03.hex, loading
[00:49:34] [Download-1/INFO] (Minecraft) Could not authorize you against Realms server: java.lang.RuntimeException: Failed to parse into SignedJWT: FabricMC
[00:49:34] [Download-1/ERROR] (Minecraft) Failed to fetch Realms feature flags
net.minecraft.client.realms.exception.RealmsServiceException: Realms authentication error with message 'java.lang.RuntimeException: Failed to parse into SignedJWT: FabricMC'
	at knot/net.minecraft.client.realms.RealmsClient.execute(RealmsClient.java:536) ~[minecraft-clientOnly-41f1a071a7-1.21.10-net.fabricmc.yarn.1_21_10.1.21.10+build.2-v2.jar:?]
	at knot/net.minecraft.client.realms.RealmsClient.fetchFeatureFlags(RealmsClient.java:189) ~[minecraft-clientOnly-41f1a071a7-1.21.10-net.fabricmc.yarn.1_21_10.1.21.10+build.2-v2.jar:?]
	at java.base/java.util.concurrent.CompletableFuture$AsyncSupply.run(CompletableFuture.java:1768) ~[?:?]
	at java.base/java.util.concurrent.ThreadPoolExecutor.runWorker(ThreadPoolExecutor.java:1144) ~[?:?]
	at java.base/java.util.concurrent.ThreadPoolExecutor$Worker.run(ThreadPoolExecutor.java:642) ~[?:?]
	at java.base/java.lang.Thread.run(Thread.java:1583) [?:?]
[00:49:35] [Render thread/INFO] (Minecraft) OpenAL initialized on device WH-1000XM4
[00:49:35] [Render thread/INFO] (Minecraft) Sound engine started
[00:49:35] [Render thread/INFO] (Minecraft) Created: 512x256x0 minecraft:textures/atlas/particles.png-atlas
[00:49:35] [Render thread/INFO] (Minecraft) Created: 128x64x0 minecraft:textures/atlas/decorated_pot.png-atlas
[00:49:35] [Render thread/INFO] (Minecraft) Created: 2048x1024x0 minecraft:textures/atlas/armor_trims.png-atlas
[00:49:35] [Render thread/INFO] (Minecraft) Created: 512x256x0 minecraft:textures/atlas/paintings.png-atlas
[00:49:35] [Render thread/INFO] (Minecraft) Created: 512x512x0 minecraft:textures/atlas/shield_patterns.png-atlas
[00:49:35] [Render thread/INFO] (Minecraft) Created: 1024x512x4 minecraft:textures/atlas/blocks.png-atlas
[00:49:35] [Render thread/INFO] (Minecraft) Created: 512x256x0 minecraft:textures/atlas/chest.png-atlas
[00:49:35] [Render thread/INFO] (Minecraft) Created: 512x512x0 minecraft:textures/atlas/banner_patterns.png-atlas
[00:49:35] [Render thread/INFO] (Minecraft) Created: 512x256x0 minecraft:textures/atlas/beds.png-atlas
[00:49:35] [Render thread/INFO] (Minecraft) Created: 1024x512x0 minecraft:textures/atlas/gui.png-atlas
[00:49:35] [Render thread/INFO] (Minecraft) Created: 64x64x0 minecraft:textures/atlas/map_decorations.png-atlas
[00:49:35] [Render thread/INFO] (Minecraft) Created: 256x256x0 minecraft:textures/atlas/signs.png-atlas
[00:49:35] [Render thread/INFO] (Minecraft) Created: 512x256x0 minecraft:textures/atlas/shulker_boxes.png-atlas
[00:49:35] [IO-Worker-1/INFO] (Minecraft) Could not authorize you against Realms server: java.lang.RuntimeException: Failed to parse into SignedJWT: FabricMC
[00:49:35] [IO-Worker-1/ERROR] (Minecraft) Couldn't connect to realms
net.minecraft.client.realms.exception.RealmsServiceException: Realms authentication error with message 'java.lang.RuntimeException: Failed to parse into SignedJWT: FabricMC'
	at knot/net.minecraft.client.realms.RealmsClient.execute(RealmsClient.java:536) ~[minecraft-clientOnly-41f1a071a7-1.21.10-net.fabricmc.yarn.1_21_10.1.21.10+build.2-v2.jar:?]
	at knot/net.minecraft.client.realms.RealmsClient.clientCompatible(RealmsClient.java:316) ~[minecraft-clientOnly-41f1a071a7-1.21.10-net.fabricmc.yarn.1_21_10.1.21.10+build.2-v2.jar:?]
	at knot/net.minecraft.client.realms.RealmsAvailability.method_52627(RealmsAvailability.java:49) ~[minecraft-clientOnly-41f1a071a7-1.21.10-net.fabricmc.yarn.1_21_10.1.21.10+build.2-v2.jar:?]
	at java.base/java.util.concurrent.CompletableFuture$AsyncSupply.run(CompletableFuture.java:1768) ~[?:?]
	at java.base/java.util.concurrent.ThreadPoolExecutor.runWorker(ThreadPoolExecutor.java:1144) ~[?:?]
	at java.base/java.util.concurrent.ThreadPoolExecutor$Worker.run(ThreadPoolExecutor.java:642) ~[?:?]
	at java.base/java.lang.Thread.run(Thread.java:1583) [?:?]
[00:49:40] [Render thread/INFO] (Minecraft) Loaded 1461 recipes
[00:49:40] [Render thread/INFO] (Minecraft) Loaded 1574 advancements
[00:49:40] [Render thread/INFO] (BiomeModificationImpl) Applied 0 biome modifications to 0 of 65 new biomes in 929.2 μs
[00:49:40] [Server thread/INFO] (Minecraft) Starting integrated minecraft server version 1.21.10
[00:49:40] [Server thread/INFO] (Minecraft) Generating keypair
[00:49:40] [Server thread/INFO] (Minecraft) Loading 0 persistent chunks...
[00:49:40] [Server thread/INFO] (Minecraft) Preparing spawn area: 16%
[00:49:41] [Server thread/INFO] (Minecraft) Loading 49 chunks for player spawn...
[00:49:41] [Server thread/INFO] (Minecraft) Preparing spawn area: 16%
[00:49:41] [Server thread/INFO] (Minecraft) Preparing spawn area: 100%
[00:49:41] [Server thread/INFO] (Minecraft) Time elapsed: 1011 ms
[00:49:42] [Server thread/INFO] (Minecraft) Player927[local:E:f3761c5d] logged in with entity id 89 at (139.60844022454123, 76.62611552405195, -25.212504049480234)
[00:49:42] [Server thread/INFO] (Minecraft) Player927 joined the game
[00:49:42] [Server thread/INFO] (Minecraft) Player927 has made the advancement [Suit Up]
[00:49:42] [Server thread/INFO] (Minecraft) Player927 has made the advancement [Cover Me with Diamonds]
[00:49:42] [Render thread/INFO] (Minecraft) [System] [CHAT] Player927 has made the advancement [Suit Up]
[00:49:42] [Render thread/INFO] (Minecraft) [System] [CHAT] Player927 has made the advancement [Cover Me with Diamonds]
[00:49:42] [Render thread/INFO] (Minecraft) Resizing Dynamic Transforms UBO, capacity limit of 2 reached during a single frame. New capacity will be 4.
[00:49:42] [Server thread/INFO] (Minecraft) Changing view distance to 12, from 10
[00:49:42] [Server thread/INFO] (Minecraft) Changing simulation distance to 12, from 0
[00:49:42] [Render thread/INFO] (Minecraft) Resizing Dynamic Transforms UBO, capacity limit of 4 reached during a single frame. New capacity will be 8.
[00:49:42] [Render thread/INFO] (Minecraft) Loaded 29 advancements
[00:49:42] [Render thread/INFO] (Minecraft) Resizing Dynamic Transforms UBO, capacity limit of 8 reached during a single frame. New capacity will be 16.
[00:49:42] [Render thread/INFO] (Minecraft) Resizing Dynamic Transforms UBO, capacity limit of 16 reached during a single frame. New capacity will be 32.
[00:49:42] [Render thread/INFO] (Minecraft) Resizing Dynamic Transforms UBO, capacity limit of 32 reached during a single frame. New capacity will be 64.
[00:49:42] [Render thread/INFO] (Minecraft) Resizing Dynamic Transforms UBO, capacity limit of 64 reached during a single frame. New capacity will be 128.
[00:49:42] [Render thread/INFO] (Minecraft) Resizing Dynamic Transforms UBO, capacity limit of 128 reached during a single frame. New capacity will be 256.
[00:49:43] [Render thread/INFO] (Minecraft) Resizing Dynamic Transforms UBO, capacity limit of 256 reached during a single frame. New capacity will be 512.
[00:49:43] [Render thread/INFO] (Minecraft) Resizing Dynamic Transforms UBO, capacity limit of 512 reached during a single frame. New capacity will be 1024.
[00:49:44] [Server thread/INFO] (Minecraft) [STDOUT]: INFO: Made process
[00:49:44] [Render thread/INFO] (Minecraft) [System] [CHAT] Started training!
[00:49:44] [Server thread/INFO] (Minecraft) [STDOUT]: INFO: Socket Connected
[00:49:44] [Server thread/INFO] (Minecraft) [STDOUT]: Success? 
[00:49:44] [Server thread/INFO] (Minecraft) Empirecreator[local] logged in with entity id 411 at (128.0, 68.0, -96.0)
[00:49:44] [Server thread/INFO] (Minecraft) Empirecreator joined the game
[00:49:44] [Render thread/INFO] (Minecraft) [System] [CHAT] Empirecreator joined the game
[00:49:44] [Server thread/INFO] (Minecraft) Set Empirecreator's game mode to Survival Mode
[00:49:44] [Server thread/INFO] (Minecraft) [STDOUT]: found
[00:49:44] [Server thread/INFO] (Minecraft) [STDOUT]: Sending Info now
[00:49:44] [Render thread/INFO] (Minecraft) [System] [CHAT] [Server: Set Empirecreator's game mode to Survival Mode]
[00:49:45] [Server thread/INFO] (Minecraft) [STDOUT]: LEN: 4
[00:49:45] [Server thread/INFO] (Minecraft) [STDOUT]: [1.0, 1.0, 2.0, 1.0]
[00:49:45] [Server thread/INFO] (Minecraft) [STDOUT]: Sending Info now
[00:49:45] [Server thread/INFO] (Minecraft) [STDOUT]: LEN: 4
[00:49:45] [Server thread/INFO] (Minecraft) [STDOUT]: [1.0, 1.0, 2.0, 1.0]
[00:49:45] [Server thread/INFO] (Minecraft) [STDOUT]: Sending Info now
[00:49:45] [Server thread/INFO] (Minecraft) [STDOUT]: LEN: 4
[00:49:45] [Server thread/INFO] (Minecraft) [STDOUT]: [1.0, 1.0, 2.0, 1.0]
[00:49:45] [Server thread/INFO] (Minecraft) [STDOUT]: Sending Info now
[00:49:45] [Server thread/INFO] (Minecraft) [STDOUT]: LEN: 4
[00:49:45] [Server thread/INFO] (Minecraft) [STDOUT]: [1.0, 1.0, 2.0, 1.0]
[00:49:45] [Server thread/INFO] (Minecraft) [STDOUT]: Sending Info now
[00:49:45] [Server thread/INFO] (Minecraft) [STDOUT]: LEN: 4
[00:49:45] [Server thread/INFO] (Minecraft) [STDOUT]: [1.0, 1.0, 2.0, 1.0]
[00:49:45] [Server thread/INFO] (Minecraft) [STDOUT]: Sending Info now
[00:49:45] [Server thread/INFO] (Minecraft) [STDOUT]: LEN: 4
[00:49:45] [Server thread/INFO] (Minecraft) [STDOUT]: [1.0, 1.0, 2.0, 1.0]
[00:49:45] [Server thread/INFO] (Minecraft) [STDOUT]: Sending Info now
[00:49:45] [Server thread/INFO] (Minecraft) [STDOUT]: LEN: 4
[00:49:45] [Server thread/INFO] (Minecraft) [STDOUT]: [1.0, 1.0, 2.0, 1.0]
[00:49:45] [Server thread/INFO] (Minecraft) [STDOUT]: Sending Info now
[00:49:45] [Server thread/INFO] (Minecraft) [STDOUT]: LEN: 4
[00:49:45] [Server thread/INFO] (Minecraft) [STDOUT]: [1.0, 1.0, 2.0, 1.0]
[00:49:45] [Server thread/INFO] (Minecraft) [STDOUT]: Sending Info now
[00:49:45] [Server thread/INFO] (Minecraft) [STDOUT]: LEN: 4
[00:49:45] [Server thread/INFO] (Minecraft) [STDOUT]: [1.0, 1.0, 2.0, 1.0]
[00:49:45] [Server thread/INFO] (Minecraft) [STDOUT]: Sending Info now
[00:49:45] [Server thread/INFO] (Minecraft) [STDOUT]: LEN: 4
[00:49:45] [Server thread/INFO] (Minecraft) [STDOUT]: [1.0, 1.0, 2.0, 1.0]
[00:49:45] [Server thread/INFO] (Minecraft) [STDOUT]: Sending Info now
[00:49:46] [Server thread/INFO] (Minecraft) [STDOUT]: LEN: 4
[00:49:46] [Server thread/INFO] (Minecraft) [STDOUT]: [1.0, 1.0, 2.0, 1.0]
[00:49:46] [Server thread/INFO] (Minecraft) [STDOUT]: Sending Info now
[00:49:46] [Server thread/INFO] (Minecraft) [STDOUT]: LEN: 4
[00:49:46] [Server thread/INFO] (Minecraft) [STDOUT]: [1.0, 1.0, 2.0, 1.0]
[00:49:46] [Server thread/INFO] (Minecraft) [STDOUT]: Sending Info now
[00:49:46] [Server thread/INFO] (Minecraft) [STDOUT]: LEN: 4
[00:49:46] [Server thread/INFO] (Minecraft) [STDOUT]: [1.0, 1.0, 2.0, 1.0]
[00:49:46] [Server thread/INFO] (Minecraft) [STDOUT]: Sending Info now
[00:49:46] [Server thread/INFO] (Minecraft) [STDOUT]: LEN: 4
[00:49:46] [Server thread/INFO] (Minecraft) [STDOUT]: [1.0, 1.0, 2.0, 1.0]
[00:49:46] [Server thread/INFO] (Minecraft) [STDOUT]: Sending Info now
[00:49:46] [Server thread/INFO] (Minecraft) [STDOUT]: LEN: 4
[00:49:46] [Server thread/INFO] (Minecraft) [STDOUT]: [1.0, 1.0, 2.0, 1.0]
[00:49:46] [Server thread/INFO] (Minecraft) [STDOUT]: Sending Info now
[00:49:46] [Server thread/INFO] (Minecraft) [STDOUT]: LEN: 4
[00:49:46] [Server thread/INFO] (Minecraft) [STDOUT]: [1.0, 1.0, 2.0, 1.0]
[00:49:46] [Server thread/INFO] (Minecraft) [STDOUT]: Sending Info now
[00:49:46] [Server thread/INFO] (Minecraft) [STDOUT]: LEN: 4
[00:49:46] [Server thread/INFO] (Minecraft) [STDOUT]: [1.0, 1.0, 2.0, 1.0]
[00:49:46] [Server thread/INFO] (Minecraft) [STDOUT]: Sending Info now
[00:49:46] [Server thread/INFO] (Minecraft) [STDOUT]: LEN: 4
[00:49:46] [Server thread/INFO] (Minecraft) [STDOUT]: [1.0, 1.0, 2.0, 1.0]
[00:49:46] [Server thread/INFO] (Minecraft) [STDOUT]: Sending Info now
[00:49:46] [Server thread/INFO] (Minecraft) [STDOUT]: LEN: 4
[00:49:46] [Server thread/INFO] (Minecraft) [STDOUT]: [1.0, 1.0, 2.0, 1.0]
[00:49:46] [Server thread/INFO] (Minecraft) [STDOUT]: Sending Info now
[00:49:46] [Server thread/INFO] (Minecraft) [STDOUT]: LEN: 4
[00:49:46] [Server thread/INFO] (Minecraft) [STDOUT]: [1.0, 1.0, 2.0, 1.0]
[00:49:46] [Server thread/INFO] (Minecraft) [STDOUT]: Sending Info now
[00:49:46] [Server thread/INFO] (Minecraft) [STDOUT]: LEN: 4
[00:49:46] [Server thread/INFO] (Minecraft) [STDOUT]: [1.0, 1.0, 2.0, 1.0]
[00:49:46] [Server thread/INFO] (Minecraft) [STDOUT]: Sending Info now
[00:49:46] [Server thread/INFO] (Minecraft) [STDOUT]: LEN: 4
[00:49:46] [Server thread/INFO] (Minecraft) [STDOUT]: [1.0, 1.0, 2.0, 1.0]
[00:49:46] [Server thread/INFO] (Minecraft) [STDOUT]: Sending Info now
[00:49:46] [Server thread/INFO] (Minecraft) [STDOUT]: LEN: 4
[00:49:46] [Server thread/INFO] (Minecraft) [STDOUT]: [1.0, 1.0, 2.0, 1.0]
[00:49:46] [Server thread/INFO] (Minecraft) [STDOUT]: Sending Info now
[00:49:47] [Server thread/INFO] (Minecraft) [STDOUT]: LEN: 4
[00:49:47] [Server thread/INFO] (Minecraft) [STDOUT]: [1.0, 1.0, 2.0, 1.0]
[00:49:47] [Server thread/INFO] (Minecraft) [STDOUT]: Sending Info now
[00:49:47] [Server thread/INFO] (Minecraft) [STDOUT]: LEN: 4
[00:49:47] [Server thread/INFO] (Minecraft) [STDOUT]: [1.0, 1.0, 2.0, 1.0]
[00:49:47] [Server thread/INFO] (Minecraft) [STDOUT]: Sending Info now
[00:49:47] [Server thread/INFO] (Minecraft) [STDOUT]: LEN: 4
[00:49:47] [Server thread/INFO] (Minecraft) [STDOUT]: [1.0, 1.0, 2.0, 1.0]
[00:49:47] [Server thread/INFO] (Minecraft) [STDOUT]: Sending Info now
[00:49:47] [Server thread/INFO] (Minecraft) [STDOUT]: LEN: 4
[00:49:47] [Server thread/INFO] (Minecraft) [STDOUT]: [1.0, 1.0, 2.0, 1.0]
[00:49:47] [Server thread/INFO] (Minecraft) [STDOUT]: Sending Info now
[00:49:47] [Server thread/INFO] (Minecraft) [STDOUT]: LEN: 4
[00:49:47] [Server thread/INFO] (Minecraft) [STDOUT]: [1.0, 1.0, 2.0, 1.0]
[00:49:47] [Server thread/INFO] (Minecraft) [STDOUT]: Sending Info now
[00:49:47] [Server thread/INFO] (Minecraft) [STDOUT]: LEN: 4
[00:49:47] [Server thread/INFO] (Minecraft) [STDOUT]: [1.0, 1.0, 2.0, 1.0]
[00:49:47] [Server thread/INFO] (Minecraft) [STDOUT]: Sending Info now
[00:49:47] [Server thread/INFO] (Minecraft) [STDOUT]: LEN: 4
[00:49:47] [Server thread/INFO] (Minecraft) [STDOUT]: [1.0, 1.0, 2.0, 1.0]
[00:49:47] [Server thread/INFO] (Minecraft) [STDOUT]: Sending Info now
[00:49:47] [Server thread/INFO] (Minecraft) [STDOUT]: LEN: 4
[00:49:47] [Server thread/INFO] (Minecraft) [STDOUT]: [1.0, 1.0, 2.0, 1.0]
[00:49:47] [Server thread/INFO] (Minecraft) [STDOUT]: Sending Info now
[00:49:47] [Server thread/INFO] (Minecraft) [STDOUT]: LEN: 4
[00:49:47] [Server thread/INFO] (Minecraft) [STDOUT]: [1.0, 1.0, 2.0, 1.0]
[00:49:47] [Server thread/INFO] (Minecraft) [STDOUT]: Sending Info now
[00:49:47] [Server thread/INFO] (Minecraft) [STDOUT]: LEN: 4
[00:49:47] [Server thread/INFO] (Minecraft) [STDOUT]: [1.0, 1.0, 2.0, 1.0]
[00:49:47] [Server thread/INFO] (Minecraft) [STDOUT]: Sending Info now
[00:49:47] [Server thread/INFO] (Minecraft) [STDOUT]: LEN: 4
[00:49:47] [Server thread/INFO] (Minecraft) [STDOUT]: [1.0, 1.0, 2.0, 1.0]
[00:49:47] [Server thread/INFO] (Minecraft) [STDOUT]: Sending Info now
[00:49:47] [Server thread/INFO] (Minecraft) [STDOUT]: LEN: 4
[00:49:47] [Server thread/INFO] (Minecraft) [STDOUT]: [1.0, 1.0, 2.0, 1.0]
[00:49:47] [Server thread/INFO] (Minecraft) [STDOUT]: Sending Info now
[00:49:47] [Server thread/INFO] (Minecraft) [STDOUT]: LEN: 4
[00:49:47] [Server thread/INFO] (Minecraft) [STDOUT]: [1.0, 1.0, 2.0, 1.0]
[00:49:47] [Server thread/INFO] (Minecraft) [STDOUT]: Sending Info now
[00:49:47] [Server thread/INFO] (Minecraft) [STDOUT]: LEN: 4
[00:49:47] [Server thread/INFO] (Minecraft) [STDOUT]: [1.0, 1.0, 2.0, 1.0]
[00:49:48] [Server thread/INFO] (Minecraft) [STDOUT]: Sending Info now
[00:49:48] [Server thread/INFO] (Minecraft) [STDOUT]: LEN: 4
[00:49:48] [Server thread/INFO] (Minecraft) [STDOUT]: [1.0, 1.0, 2.0, 1.0]
[00:49:48] [Server thread/INFO] (Minecraft) [STDOUT]: Sending Info now
[00:49:48] [Server thread/INFO] (Minecraft) [STDOUT]: LEN: 4
[00:49:48] [Server thread/INFO] (Minecraft) [STDOUT]: [1.0, 1.0, 2.0, 1.0]
[00:49:48] [Server thread/INFO] (Minecraft) [STDOUT]: Sending Info now
[00:49:48] [Server thread/INFO] (Minecraft) [STDOUT]: LEN: 4
[00:49:48] [Server thread/INFO] (Minecraft) [STDOUT]: [1.0, 1.0, 2.0, 1.0]
[00:49:48] [Server thread/INFO] (Minecraft) [STDOUT]: Sending Info now
[00:49:48] [Server thread/INFO] (Minecraft) [STDOUT]: LEN: 4
[00:49:48] [Server thread/INFO] (Minecraft) [STDOUT]: [1.0, 1.0, 2.0, 1.0]
[00:49:48] [Server thread/INFO] (Minecraft) [STDOUT]: Sending Info now
[00:49:48] [Server thread/INFO] (Minecraft) [STDOUT]: LEN: 4
[00:49:48] [Server thread/INFO] (Minecraft) [STDOUT]: [1.0, 1.0, 2.0, 1.0]
[00:49:48] [Server thread/INFO] (Minecraft) [STDOUT]: Sending Info now
[00:49:48] [Server thread/INFO] (Minecraft) [STDOUT]: LEN: 4
[00:49:48] [Server thread/INFO] (Minecraft) [STDOUT]: [1.0, 1.0, 2.0, 1.0]
[00:49:48] [Server thread/INFO] (Minecraft) [STDOUT]: Sending Info now
[00:49:48] [Server thread/INFO] (Minecraft) [STDOUT]: LEN: 4
[00:49:48] [Server thread/INFO] (Minecraft) [STDOUT]: [1.0, 1.0, 2.0, 1.0]
[00:49:48] [Server thread/INFO] (Minecraft) [STDOUT]: Sending Info now
[00:49:48] [Server thread/INFO] (Minecraft) [STDOUT]: LEN: 4
[00:49:48] [Server thread/INFO] (Minecraft) [STDOUT]: [1.0, 1.0, 2.0, 1.0]
[00:49:48] [Server thread/INFO] (Minecraft) [STDOUT]: Sending Info now
[00:49:48] [Server thread/INFO] (Minecraft) [STDOUT]: LEN: 4
[00:49:48] [Server thread/INFO] (Minecraft) [STDOUT]: [1.0, 1.0, 2.0, 1.0]
[00:49:48] [Server thread/INFO] (Minecraft) [STDOUT]: Sending Info now
[00:49:48] [Server thread/INFO] (Minecraft) [STDOUT]: LEN: 4
[00:49:48] [Server thread/INFO] (Minecraft) [STDOUT]: [1.0, 1.0, 2.0, 1.0]
[00:49:48] [Server thread/INFO] (Minecraft) [STDOUT]: Sending Info now
[00:49:48] [Server thread/INFO] (Minecraft) [STDOUT]: LEN: 4
[00:49:48] [Server thread/INFO] (Minecraft) [STDOUT]: [1.0, 1.0, 2.0, 1.0]
[00:49:49] [Server thread/INFO] (Minecraft) [STDOUT]: Sending Info now
[00:49:49] [Server thread/INFO] (Minecraft) [STDOUT]: LEN: 4
[00:49:49] [Server thread/INFO] (Minecraft) [STDOUT]: [1.0, 1.0, 2.0, 1.0]
[00:49:49] [Server thread/INFO] (Minecraft) [STDOUT]: Sending Info now
[00:49:49] [Server thread/INFO] (Minecraft) [STDOUT]: LEN: 4
[00:49:49] [Server thread/INFO] (Minecraft) [STDOUT]: [1.0, 1.0, 2.0, 1.0]
[00:49:49] [Server thread/INFO] (Minecraft) [STDOUT]: Sending Info now
[00:49:49] [Server thread/INFO] (Minecraft) [STDOUT]: LEN: 4
[00:49:49] [Server thread/INFO] (Minecraft) [STDOUT]: [1.0, 1.0, 2.0, 1.0]
[00:49:49] [Server thread/INFO] (Minecraft) [STDOUT]: Sending Info now
[00:49:49] [Server thread/INFO] (Minecraft) [STDOUT]: LEN: 4
[00:49:49] [Server thread/INFO] (Minecraft) [STDOUT]: [1.0, 1.0, 2.0, 1.0]
[00:49:49] [Server thread/INFO] (Minecraft) [STDOUT]: Sending Info now
[00:49:49] [Server thread/INFO] (Minecraft) [STDOUT]: LEN: 4
[00:49:49] [Server thread/INFO] (Minecraft) [STDOUT]: [1.0, 1.0, 2.0, 1.0]
[00:49:49] [Server thread/INFO] (Minecraft) [STDOUT]: Sending Info now
[00:49:49] [Server thread/INFO] (Minecraft) [STDOUT]: LEN: 4
[00:49:49] [Server thread/INFO] (Minecraft) [STDOUT]: [1.0, 1.0, 2.0, 1.0]
[00:49:49] [Server thread/INFO] (Minecraft) [STDOUT]: Sending Info now
[00:49:49] [Server thread/INFO] (Minecraft) [STDOUT]: LEN: 4
[00:49:49] [Server thread/INFO] (Minecraft) [STDOUT]: [1.0, 1.0, 2.0, 1.0]
[00:49:49] [Server thread/INFO] (Minecraft) [STDOUT]: Sending Info now
[00:49:49] [Server thread/INFO] (Minecraft) [STDOUT]: LEN: 4
[00:49:49] [Server thread/INFO] (Minecraft) [STDOUT]: [1.0, 1.0, 2.0, 1.0]
[00:49:49] [Server thread/INFO] (Minecraft) [STDOUT]: Sending Info now
[00:49:49] [Server thread/INFO] (Minecraft) [STDOUT]: LEN: 4
[00:49:49] [Server thread/INFO] (Minecraft) [STDOUT]: [1.0, 1.0, 2.0, 1.0]
[00:49:49] [Server thread/INFO] (Minecraft) [STDOUT]: Sending Info now
[00:49:49] [Server thread/INFO] (Minecraft) [STDOUT]: LEN: 4
[00:49:49] [Server thread/INFO] (Minecraft) [STDOUT]: [1.0, 1.0, 2.0, 1.0]
[00:49:50] [Server thread/INFO] (Minecraft) [STDOUT]: Sending Info now
[00:49:50] [Server thread/INFO] (Minecraft) [STDOUT]: LEN: 4
[00:49:50] [Server thread/INFO] (Minecraft) [STDOUT]: [1.0, 1.0, 2.0, 1.0]
[00:49:50] [Server thread/INFO] (Minecraft) [STDOUT]: Sending Info now
[00:49:50] [Server thread/INFO] (Minecraft) [STDOUT]: LEN: 4
[00:49:50] [Server thread/INFO] (Minecraft) [STDOUT]: [1.0, 1.0, 2.0, 1.0]
[00:49:50] [Server thread/INFO] (Minecraft) [STDOUT]: Sending Info now
[00:49:50] [Server thread/INFO] (Minecraft) [STDOUT]: LEN: 4
[00:49:50] [Server thread/INFO] (Minecraft) [STDOUT]: [1.0, 1.0, 2.0, 1.0]
[00:49:50] [Server thread/INFO] (Minecraft) [STDOUT]: Sending Info now
[00:49:50] [Server thread/INFO] (Minecraft) [STDOUT]: LEN: 4
[00:49:50] [Server thread/INFO] (Minecraft) [STDOUT]: [1.0, 1.0, 2.0, 1.0]
[00:49:50] [Server thread/INFO] (Minecraft) [STDOUT]: Sending Info now
[00:49:50] [Server thread/INFO] (Minecraft) [STDOUT]: LEN: 4
[00:49:50] [Server thread/INFO] (Minecraft) [STDOUT]: [1.0, 1.0, 2.0, 1.0]
[00:49:50] [Server thread/INFO] (Minecraft) [STDOUT]: Sending Info now
[00:49:50] [Server thread/INFO] (Minecraft) [STDOUT]: LEN: 4
[00:49:50] [Server thread/INFO] (Minecraft) [STDOUT]: [1.0, 1.0, 2.0, 1.0]
[00:49:50] [Server thread/INFO] (Minecraft) [STDOUT]: Sending Info now
[00:49:50] [Server thread/INFO] (Minecraft) [STDOUT]: LEN: 4
[00:49:50] [Server thread/INFO] (Minecraft) [STDOUT]: [1.0, 1.0, 2.0, 1.0]
[00:49:50] [Server thread/INFO] (Minecraft) [STDOUT]: Sending Info now
[00:49:50] [Server thread/INFO] (Minecraft) [STDOUT]: LEN: 4
[00:49:50] [Server thread/INFO] (Minecraft) [STDOUT]: [1.0, 1.0, 2.0, 1.0]
[00:49:50] [Server thread/INFO] (Minecraft) [STDOUT]: Sending Info now
[00:49:50] [Server thread/INFO] (Minecraft) [STDOUT]: LEN: 4
[00:49:50] [Server thread/INFO] (Minecraft) [STDOUT]: [1.0, 1.0, 2.0, 1.0]
[00:49:50] [Server thread/INFO] (Minecraft) [STDOUT]: Sending Info now
[00:49:51] [Server thread/INFO] (Minecraft) [STDOUT]: LEN: 4
[00:49:51] [Server thread/INFO] (Minecraft) [STDOUT]: [1.0, 1.0, 2.0, 1.0]
[00:49:51] [Server thread/INFO] (Minecraft) [STDOUT]: Sending Info now
[00:49:51] [Render thread/INFO] (Minecraft) Resizing Dynamic Transforms UBO, capacity limit of 1024 reached during a single frame. New capacity will be 2048.
[00:49:51] [Server thread/INFO] (Minecraft) [STDOUT]: LEN: 4
[00:49:51] [Server thread/INFO] (Minecraft) [STDOUT]: [1.0, 1.0, 2.0, 1.0]
[00:49:51] [Server thread/INFO] (Minecraft) [STDOUT]: Sending Info now
[00:49:51] [Server thread/INFO] (Minecraft) [STDOUT]: LEN: 4
[00:49:51] [Server thread/INFO] (Minecraft) [STDOUT]: [1.0, 1.0, 2.0, 1.0]
[00:49:51] [Server thread/INFO] (Minecraft) [STDOUT]: Sending Info now
[00:49:51] [Server thread/INFO] (Minecraft) [STDOUT]: LEN: 4
[00:49:51] [Server thread/INFO] (Minecraft) [STDOUT]: [1.0, 1.0, 2.0, 1.0]
[00:49:51] [Server thread/INFO] (Minecraft) [STDOUT]: Sending Info now
[00:49:51] [Server thread/INFO] (Minecraft) [STDOUT]: LEN: 4
[00:49:51] [Server thread/INFO] (Minecraft) [STDOUT]: [1.0, 1.0, 2.0, 1.0]
[00:49:51] [Server thread/INFO] (Minecraft) [STDOUT]: Sending Info now
[00:49:51] [Server thread/INFO] (Minecraft) [STDOUT]: LEN: 4
[00:49:51] [Server thread/INFO] (Minecraft) [STDOUT]: [1.0, 1.0, 2.0, 1.0]
[00:49:51] [Server thread/INFO] (Minecraft) [STDOUT]: Sending Info now
[00:49:51] [Server thread/INFO] (Minecraft) [STDOUT]: LEN: 4
[00:49:51] [Server thread/INFO] (Minecraft) [STDOUT]: [1.0, 1.0, 2.0, 1.0]
[00:49:51] [Server thread/INFO] (Minecraft) [STDOUT]: Sending Info now
[00:49:51] [Server thread/INFO] (Minecraft) [STDOUT]: LEN: 4
[00:49:51] [Server thread/INFO] (Minecraft) [STDOUT]: [1.0, 1.0, 2.0, 1.0]
[00:49:51] [Server thread/INFO] (Minecraft) [STDOUT]: Sending Info now
[00:49:51] [Server thread/INFO] (Minecraft) [STDOUT]: LEN: 4
[00:49:51] [Server thread/INFO] (Minecraft) [STDOUT]: [1.0, 1.0, 2.0, 1.0]
[00:49:51] [Server thread/INFO] (Minecraft) [STDOUT]: Sending Info now
[00:49:51] [Server thread/INFO] (Minecraft) [STDOUT]: LEN: 4
[00:49:51] [Server thread/INFO] (Minecraft) [STDOUT]: [1.0, 1.0, 2.0, 1.0]
[00:49:51] [Server thread/INFO] (Minecraft) [STDOUT]: Sending Info now
[00:49:52] [Server thread/INFO] (Minecraft) [STDOUT]: LEN: 4
[00:49:52] [Server thread/INFO] (Minecraft) [STDOUT]: [1.0, 1.0, 2.0, 1.0]
[00:49:52] [Server thread/INFO] (Minecraft) [STDOUT]: Sending Info now
[00:49:52] [Server thread/INFO] (Minecraft) [STDOUT]: LEN: 4
[00:49:52] [Server thread/INFO] (Minecraft) [STDOUT]: [1.0, 1.0, 2.0, 1.0]
[00:49:52] [Server thread/INFO] (Minecraft) [STDOUT]: Sending Info now
[00:49:52] [Server thread/INFO] (Minecraft) [STDOUT]: LEN: 4
[00:49:52] [Server thread/INFO] (Minecraft) [STDOUT]: [1.0, 1.0, 2.0, 1.0]
[00:49:52] [Server thread/INFO] (Minecraft) [STDOUT]: Sending Info now
[00:49:52] [Server thread/INFO] (Minecraft) [STDOUT]: LEN: 4
[00:49:52] [Server thread/INFO] (Minecraft) [STDOUT]: [1.0, 1.0, 2.0, 1.0]
[00:49:52] [Server thread/INFO] (Minecraft) [STDOUT]: Sending Info now
[00:49:52] [Server thread/INFO] (Minecraft) [STDOUT]: LEN: 4
[00:49:52] [Server thread/INFO] (Minecraft) [STDOUT]: [1.0, 1.0, 2.0, 1.0]
[00:49:52] [Server thread/INFO] (Minecraft) [STDOUT]: Sending Info now
[00:49:52] [Server thread/INFO] (Minecraft) [STDOUT]: LEN: 4
[00:49:52] [Server thread/INFO] (Minecraft) [STDOUT]: [1.0, 1.0, 2.0, 1.0]
[00:49:52] [Server thread/INFO] (Minecraft) [STDOUT]: Sending Info now
[00:49:52] [Server thread/INFO] (Minecraft) [STDOUT]: LEN: 4
[00:49:52] [Server thread/INFO] (Minecraft) [STDOUT]: [1.0, 1.0, 2.0, 1.0]
[00:49:52] [Server thread/INFO] (Minecraft) [STDOUT]: Sending Info now
[00:49:52] [Server thread/INFO] (Minecraft) [STDOUT]: LEN: 4
[00:49:52] [Server thread/INFO] (Minecraft) [STDOUT]: [1.0, 1.0, 2.0, 1.0]
[00:49:52] [Server thread/INFO] (Minecraft) [STDOUT]: Sending Info now
[00:49:52] [Server thread/INFO] (Minecraft) [STDOUT]: LEN: 4
[00:49:52] [Server thread/INFO] (Minecraft) [STDOUT]: [1.0, 1.0, 2.0, 1.0]
[00:49:52] [Server thread/INFO] (Minecraft) [STDOUT]: Sending Info now
[00:49:52] [Server thread/INFO] (Minecraft) [STDOUT]: LEN: 4
[00:49:52] [Server thread/INFO] (Minecraft) [STDOUT]: [1.0, 1.0, 2.0, 1.0]
[00:49:52] [Server thread/INFO] (Minecraft) [STDOUT]: Sending Info now
[00:49:53] [Server thread/INFO] (Minecraft) [STDOUT]: LEN: 4
[00:49:53] [Server thread/INFO] (Minecraft) [STDOUT]: [1.0, 1.0, 2.0, 1.0]
[00:49:53] [Server thread/INFO] (Minecraft) [STDOUT]: Sending Info now
[00:49:53] [Server thread/INFO] (Minecraft) [STDOUT]: LEN: 4
[00:49:53] [Server thread/INFO] (Minecraft) [STDOUT]: [1.0, 1.0, 2.0, 1.0]
[00:49:53] [Server thread/INFO] (Minecraft) [STDOUT]: Sending Info now
[00:49:53] [Server thread/INFO] (Minecraft) [STDOUT]: LEN: 4
[00:49:53] [Server thread/INFO] (Minecraft) [STDOUT]: [1.0, 1.0, 2.0, 1.0]
[00:49:53] [Server thread/INFO] (Minecraft) [STDOUT]: Sending Info now
[00:49:53] [Server thread/INFO] (Minecraft) [STDOUT]: LEN: 4
[00:49:53] [Server thread/INFO] (Minecraft) [STDOUT]: [1.0, 1.0, 2.0, 1.0]
[00:49:53] [Server thread/INFO] (Minecraft) [STDOUT]: Sending Info now
[00:49:53] [Server thread/INFO] (Minecraft) [STDOUT]: LEN: 4
[00:49:53] [Server thread/INFO] (Minecraft) [STDOUT]: [1.0, 1.0, 2.0, 1.0]
[00:49:53] [Server thread/INFO] (Minecraft) [STDOUT]: Sending Info now
[00:49:53] [Server thread/INFO] (Minecraft) [STDOUT]: LEN: 4
[00:49:53] [Server thread/INFO] (Minecraft) [STDOUT]: [1.0, 1.0, 2.0, 1.0]
[00:49:53] [Server thread/INFO] (Minecraft) [STDOUT]: Sending Info now
[00:49:53] [Server thread/INFO] (Minecraft) [STDOUT]: LEN: 4
[00:49:53] [Server thread/INFO] (Minecraft) [STDOUT]: [1.0, 1.0, 2.0, 1.0]
[00:49:53] [Server thread/INFO] (Minecraft) [STDOUT]: Sending Info now
[00:49:53] [Server thread/INFO] (Minecraft) [STDOUT]: LEN: 4
[00:49:53] [Server thread/INFO] (Minecraft) [STDOUT]: [1.0, 1.0, 2.0, 1.0]
[00:49:53] [Server thread/INFO] (Minecraft) [STDOUT]: Sending Info now
[00:49:53] [Server thread/INFO] (Minecraft) [STDOUT]: LEN: 4
[00:49:53] [Server thread/INFO] (Minecraft) [STDOUT]: [1.0, 1.0, 2.0, 1.0]
[00:49:53] [Server thread/INFO] (Minecraft) [STDOUT]: Sending Info now
[00:49:53] [Server thread/INFO] (Minecraft) [STDOUT]: LEN: 4
[00:49:53] [Server thread/INFO] (Minecraft) [STDOUT]: [1.0, 1.0, 2.0, 1.0]
[00:49:53] [Server thread/INFO] (Minecraft) [STDOUT]: Sending Info now
[00:49:54] [Server thread/INFO] (Minecraft) [STDOUT]: LEN: 4
[00:49:54] [Server thread/INFO] (Minecraft) [STDOUT]: [1.0, 1.0, 2.0, 1.0]
[00:49:54] [Server thread/INFO] (Minecraft) [STDOUT]: Sending Info now
[00:49:54] [Server thread/INFO] (Minecraft) [STDOUT]: LEN: 4
[00:49:54] [Server thread/INFO] (Minecraft) [STDOUT]: [1.0, 1.0, 2.0, 1.0]
[00:49:54] [Server thread/INFO] (Minecraft) [STDOUT]: Sending Info now
[00:49:54] [Server thread/INFO] (Minecraft) [STDOUT]: LEN: 4
[00:49:54] [Server thread/INFO] (Minecraft) [STDOUT]: [1.0, 1.0, 2.0, 1.0]
[00:49:54] [Server thread/INFO] (Minecraft) [STDOUT]: Sending Info now
[00:49:54] [Server thread/INFO] (Minecraft) [STDOUT]: LEN: 4
[00:49:54] [Server thread/INFO] (Minecraft) [STDOUT]: [1.0, 1.0, 2.0, 1.0]
[00:49:54] [Server thread/INFO] (Minecraft) [STDOUT]: Sending Info now
[00:49:54] [Server thread/INFO] (Minecraft) [STDOUT]: LEN: 4
[00:49:54] [Server thread/INFO] (Minecraft) [STDOUT]: [1.0, 1.0, 2.0, 1.0]
[00:49:54] [Server thread/INFO] (Minecraft) [STDOUT]: Sending Info now
[00:49:54] [Server thread/INFO] (Minecraft) [STDOUT]: LEN: 4
[00:49:54] [Server thread/INFO] (Minecraft) [STDOUT]: [1.0, 1.0, 2.0, 1.0]
[00:49:54] [Server thread/INFO] (Minecraft) [STDOUT]: Sending Info now
[00:49:54] [Server thread/INFO] (Minecraft) [STDOUT]: LEN: 4
[00:49:54] [Server thread/INFO] (Minecraft) [STDOUT]: [1.0, 1.0, 2.0, 1.0]
[00:49:54] [Server thread/INFO] (Minecraft) [STDOUT]: Sending Info now
[00:49:54] [Server thread/INFO] (Minecraft) [STDOUT]: LEN: 4
[00:49:54] [Server thread/INFO] (Minecraft) [STDOUT]: [1.0, 1.0, 2.0, 1.0]
[00:49:54] [Server thread/INFO] (Minecraft) [STDOUT]: Sending Info now
[00:49:54] [Server thread/INFO] (Minecraft) [STDOUT]: LEN: 4
[00:49:54] [Server thread/INFO] (Minecraft) [STDOUT]: [1.0, 1.0, 2.0, 1.0]
[00:49:54] [Server thread/INFO] (Minecraft) [STDOUT]: Sending Info now
[00:49:54] [Server thread/INFO] (Minecraft) [STDOUT]: LEN: 4
[00:49:54] [Server thread/INFO] (Minecraft) [STDOUT]: [1.0, 1.0, 2.0, 1.0]
[00:49:54] [Server thread/INFO] (Minecraft) [STDOUT]: Sending Info now
[00:49:54] [Server thread/INFO] (Minecraft) [STDOUT]: LEN: 4
[00:49:54] [Server thread/INFO] (Minecraft) [STDOUT]: [1.0, 1.0, 2.0, 1.0]
[00:49:55] [Server thread/INFO] (Minecraft) [STDOUT]: Sending Info now
[00:49:55] [Server thread/INFO] (Minecraft) [STDOUT]: LEN: 4
[00:49:55] [Server thread/INFO] (Minecraft) [STDOUT]: [1.0, 1.0, 2.0, 1.0]
[00:49:55] [Server thread/INFO] (Minecraft) [STDOUT]: Sending Info now
[00:49:55] [Server thread/INFO] (Minecraft) [STDOUT]: LEN: 4
[00:49:55] [Server thread/INFO] (Minecraft) [STDOUT]: [1.0, 1.0, 2.0, 1.0]
[00:49:55] [Server thread/INFO] (Minecraft) [STDOUT]: Sending Info now
[00:49:55] [Server thread/INFO] (Minecraft) [STDOUT]: LEN: 4
[00:49:55] [Server thread/INFO] (Minecraft) [STDOUT]: [1.0, 1.0, 2.0, 1.0]
[00:49:55] [Server thread/INFO] (Minecraft) [STDOUT]: Sending Info now
[00:49:55] [Server thread/INFO] (Minecraft) [STDOUT]: LEN: 4
[00:49:55] [Server thread/INFO] (Minecraft) [STDOUT]: [1.0, 1.0, 2.0, 1.0]
[00:49:55] [Server thread/INFO] (Minecraft) [STDOUT]: Sending Info now
[00:49:55] [Server thread/INFO] (Minecraft) [STDOUT]: LEN: 4
[00:49:55] [Server thread/INFO] (Minecraft) [STDOUT]: [1.0, 1.0, 2.0, 1.0]
[00:49:55] [Server thread/INFO] (Minecraft) [STDOUT]: Sending Info now
[00:49:55] [Server thread/INFO] (Minecraft) [STDOUT]: LEN: 4
[00:49:55] [Server thread/INFO] (Minecraft) [STDOUT]: [1.0, 1.0, 2.0, 1.0]
[00:49:55] [Server thread/INFO] (Minecraft) [STDOUT]: Sending Info now
[00:49:55] [Server thread/INFO] (Minecraft) [STDOUT]: LEN: 4
[00:49:55] [Server thread/INFO] (Minecraft) [STDOUT]: [1.0, 1.0, 2.0, 1.0]
[00:49:55] [Server thread/INFO] (Minecraft) [STDOUT]: Sending Info now
[00:49:55] [Server thread/INFO] (Minecraft) [STDOUT]: LEN: 4
[00:49:55] [Server thread/INFO] (Minecraft) [STDOUT]: [1.0, 1.0, 2.0, 1.0]
[00:49:55] [Server thread/INFO] (Minecraft) [STDOUT]: Sending Info now
[00:49:55] [Server thread/INFO] (Minecraft) [STDOUT]: LEN: 4
[00:49:55] [Server thread/INFO] (Minecraft) [STDOUT]: [1.0, 1.0, 2.0, 1.0]
[00:49:55] [Server thread/INFO] (Minecraft) [STDOUT]: Sending Info now
[00:49:56] [Server thread/INFO] (Minecraft) [STDOUT]: LEN: 4
[00:49:56] [Server thread/INFO] (Minecraft) [STDOUT]: [1.0, 1.0, 2.0, 1.0]
[00:49:56] [Server thread/INFO] (Minecraft) [STDOUT]: Sending Info now
[00:49:56] [Server thread/INFO] (Minecraft) [STDOUT]: LEN: 4
[00:49:56] [Server thread/INFO] (Minecraft) [STDOUT]: [1.0, 1.0, 2.0, 1.0]
[00:49:56] [Server thread/INFO] (Minecraft) [STDOUT]: Sending Info now
[00:49:56] [Server thread/INFO] (Minecraft) [STDOUT]: LEN: 4
[00:49:56] [Server thread/INFO] (Minecraft) [STDOUT]: [1.0, 1.0, 2.0, 1.0]
[00:49:56] [Server thread/INFO] (Minecraft) [STDOUT]: Sending Info now
[00:49:56] [Server thread/INFO] (Minecraft) [STDOUT]: LEN: 4
[00:49:56] [Server thread/INFO] (Minecraft) [STDOUT]: [1.0, 1.0, 2.0, 1.0]
[00:49:56] [Server thread/INFO] (Minecraft) [STDOUT]: Sending Info now
[00:49:56] [Server thread/INFO] (Minecraft) [STDOUT]: LEN: 4
[00:49:56] [Server thread/INFO] (Minecraft) [STDOUT]: [1.0, 1.0, 2.0, 1.0]
[00:49:56] [Server thread/INFO] (Minecraft) [STDOUT]: Sending Info now
[00:49:56] [Server thread/INFO] (Minecraft) [STDOUT]: LEN: 4
[00:49:56] [Server thread/INFO] (Minecraft) [STDOUT]: [1.0, 1.0, 2.0, 1.0]
[00:49:56] [Server thread/INFO] (Minecraft) [STDOUT]: Sending Info now
[00:49:56] [Server thread/INFO] (Minecraft) [STDOUT]: LEN: 4
[00:49:56] [Server thread/INFO] (Minecraft) [STDOUT]: [1.0, 1.0, 2.0, 1.0]
[00:49:56] [Server thread/INFO] (Minecraft) [STDOUT]: Sending Info now
[00:49:56] [Server thread/INFO] (Minecraft) [STDOUT]: LEN: 4
[00:49:56] [Server thread/INFO] (Minecraft) [STDOUT]: [1.0, 1.0, 2.0, 1.0]
[00:49:56] [Server thread/INFO] (Minecraft) [STDOUT]: Sending Info now
[00:49:56] [Server thread/INFO] (Minecraft) [STDOUT]: LEN: 4
[00:49:56] [Server thread/INFO] (Minecraft) [STDOUT]: [1.0, 1.0, 2.0, 1.0]
[00:49:56] [Server thread/INFO] (Minecraft) [STDOUT]: Sending Info now
[00:49:56] [Server thread/INFO] (Minecraft) [STDOUT]: LEN: 4
[00:49:56] [Server thread/INFO] (Minecraft) [STDOUT]: [1.0, 1.0, 2.0, 1.0]
[00:49:56] [Server thread/INFO] (Minecraft) [STDOUT]: Sending Info now
[00:49:57] [Server thread/INFO] (Minecraft) [STDOUT]: LEN: 4
[00:49:57] [Server thread/INFO] (Minecraft) [STDOUT]: [1.0, 1.0, 2.0, 1.0]
[00:49:57] [Server thread/INFO] (Minecraft) [STDOUT]: Sending Info now
[00:49:57] [Server thread/INFO] (Minecraft) [STDOUT]: LEN: 4
[00:49:57] [Server thread/INFO] (Minecraft) [STDOUT]: [1.0, 1.0, 2.0, 1.0]
[00:49:57] [Server thread/INFO] (Minecraft) [STDOUT]: Sending Info now
[00:49:57] [Server thread/INFO] (Minecraft) [STDOUT]: LEN: 4
[00:49:57] [Server thread/INFO] (Minecraft) [STDOUT]: [1.0, 1.0, 2.0, 1.0]
[00:49:57] [Server thread/INFO] (Minecraft) [STDOUT]: Sending Info now
[00:49:57] [Server thread/INFO] (Minecraft) [STDOUT]: LEN: 4
[00:49:57] [Server thread/INFO] (Minecraft) [STDOUT]: [1.0, 1.0, 2.0, 1.0]
[00:49:57] [Server thread/INFO] (Minecraft) [STDOUT]: Sending Info now
[00:49:57] [Server thread/INFO] (Minecraft) [STDOUT]: LEN: 4
[00:49:57] [Server thread/INFO] (Minecraft) [STDOUT]: [1.0, 1.0, 2.0, 1.0]
[00:49:57] [Server thread/INFO] (Minecraft) [STDOUT]: Sending Info now
[00:49:57] [Server thread/INFO] (Minecraft) [STDOUT]: LEN: 4
[00:49:57] [Server thread/INFO] (Minecraft) [STDOUT]: [1.0, 1.0, 2.0, 1.0]
[00:49:57] [Server thread/INFO] (Minecraft) [STDOUT]: Sending Info now
[00:49:57] [Server thread/INFO] (Minecraft) [STDOUT]: LEN: 4
[00:49:57] [Server thread/INFO] (Minecraft) [STDOUT]: [1.0, 1.0, 2.0, 1.0]
[00:49:57] [Server thread/INFO] (Minecraft) [STDOUT]: Sending Info now
[00:49:57] [Server thread/INFO] (Minecraft) [STDOUT]: LEN: 4
[00:49:57] [Server thread/INFO] (Minecraft) [STDOUT]: [1.0, 1.0, 2.0, 1.0]
[00:49:57] [Server thread/INFO] (Minecraft) [STDOUT]: Sending Info now
[00:49:57] [Server thread/INFO] (Minecraft) [STDOUT]: LEN: 4
[00:49:57] [Server thread/INFO] (Minecraft) [STDOUT]: [1.0, 1.0, 2.0, 1.0]
[00:49:57] [Server thread/INFO] (Minecraft) [STDOUT]: Sending Info now
[00:49:57] [Server thread/INFO] (Minecraft) [STDOUT]: LEN: 4
[00:49:57] [Server thread/INFO] (Minecraft) [STDOUT]: [1.0, 1.0, 2.0, 1.0]
[00:49:57] [Server thread/INFO] (Minecraft) [STDOUT]: Sending Info now
[00:49:57] [Server thread/INFO] (Minecraft) [STDOUT]: LEN: 4
[00:49:57] [Server thread/INFO] (Minecraft) [STDOUT]: [1.0, 1.0, 2.0, 1.0]
[00:49:58] [Server thread/INFO] (Minecraft) [STDOUT]: Sending Info now
[00:49:58] [Server thread/INFO] (Minecraft) [STDOUT]: LEN: 4
[00:49:58] [Server thread/INFO] (Minecraft) [STDOUT]: [1.0, 1.0, 2.0, 1.0]
[00:49:58] [Server thread/INFO] (Minecraft) [STDOUT]: Sending Info now
[00:49:58] [Server thread/INFO] (Minecraft) [STDOUT]: LEN: 4
[00:49:58] [Server thread/INFO] (Minecraft) [STDOUT]: [1.0, 1.0, 2.0, 1.0]
[00:49:58] [Server thread/INFO] (Minecraft) [STDOUT]: Sending Info now
[00:49:58] [Server thread/INFO] (Minecraft) [STDOUT]: LEN: 4
[00:49:58] [Server thread/INFO] (Minecraft) [STDOUT]: [1.0, 1.0, 2.0, 1.0]
[00:49:58] [Server thread/INFO] (Minecraft) [STDOUT]: Sending Info now
[00:49:58] [Server thread/INFO] (Minecraft) [STDOUT]: LEN: 4
[00:49:58] [Server thread/INFO] (Minecraft) [STDOUT]: [1.0, 1.0, 2.0, 1.0]
[00:49:58] [Server thread/INFO] (Minecraft) [STDOUT]: Sending Info now
[00:49:58] [Server thread/INFO] (Minecraft) [STDOUT]: LEN: 4
[00:49:58] [Server thread/INFO] (Minecraft) [STDOUT]: [1.0, 1.0, 2.0, 1.0]
[00:49:58] [Server thread/INFO] (Minecraft) [STDOUT]: Sending Info now
[00:49:58] [Server thread/INFO] (Minecraft) [STDOUT]: LEN: 4
[00:49:58] [Server thread/INFO] (Minecraft) [STDOUT]: [1.0, 1.0, 2.0, 1.0]
[00:49:58] [Server thread/INFO] (Minecraft) [STDOUT]: Sending Info now
[00:49:58] [Server thread/INFO] (Minecraft) [STDOUT]: LEN: 4
[00:49:58] [Server thread/INFO] (Minecraft) [STDOUT]: [1.0, 1.0, 2.0, 1.0]
[00:49:58] [Server thread/INFO] (Minecraft) [STDOUT]: Sending Info now
[00:49:58] [Server thread/INFO] (Minecraft) [STDOUT]: LEN: 4
[00:49:58] [Server thread/INFO] (Minecraft) [STDOUT]: [1.0, 1.0, 2.0, 1.0]
[00:49:58] [Server thread/INFO] (Minecraft) [STDOUT]: Sending Info now
[00:49:58] [Server thread/INFO] (Minecraft) [STDOUT]: LEN: 4
[00:49:58] [Server thread/INFO] (Minecraft) [STDOUT]: [1.0, 1.0, 2.0, 1.0]
[00:49:58] [Server thread/INFO] (Minecraft) [STDOUT]: Sending Info now
[00:49:58] [Server thread/INFO] (Minecraft) [STDOUT]: LEN: 4
[00:49:58] [Server thread/INFO] (Minecraft) [STDOUT]: [1.0, 1.0, 2.0, 1.0]
[00:49:59] [Server thread/INFO] (Minecraft) [STDOUT]: Sending Info now
[00:49:59] [Server thread/INFO] (Minecraft) [STDOUT]: LEN: 4
[00:49:59] [Server thread/INFO] (Minecraft) [STDOUT]: [1.0, 1.0, 2.0, 1.0]
[00:49:59] [Server thread/INFO] (Minecraft) [STDOUT]: Sending Info now
[00:49:59] [Server thread/INFO] (Minecraft) [STDOUT]: LEN: 4
[00:49:59] [Server thread/INFO] (Minecraft) [STDOUT]: [1.0, 1.0, 2.0, 1.0]
[00:49:59] [Server thread/INFO] (Minecraft) [STDOUT]: Sending Info now
[00:49:59] [Server thread/INFO] (Minecraft) [STDOUT]: LEN: 4
[00:49:59] [Server thread/INFO] (Minecraft) [STDOUT]: [1.0, 1.0, 2.0, 1.0]
[00:49:59] [Server thread/INFO] (Minecraft) [STDOUT]: Sending Info now
[00:49:59] [Server thread/INFO] (Minecraft) [STDOUT]: LEN: 4
[00:49:59] [Server thread/INFO] (Minecraft) [STDOUT]: [1.0, 1.0, 2.0, 1.0]
[00:49:59] [Server thread/INFO] (Minecraft) [STDOUT]: Sending Info now
[00:49:59] [Server thread/INFO] (Minecraft) [STDOUT]: LEN: 4
[00:49:59] [Server thread/INFO] (Minecraft) [STDOUT]: [1.0, 1.0, 2.0, 1.0]
[00:49:59] [Server thread/INFO] (Minecraft) [STDOUT]: Sending Info now
[00:49:59] [Server thread/INFO] (Minecraft) [STDOUT]: LEN: 4
[00:49:59] [Server thread/INFO] (Minecraft) [STDOUT]: [1.0, 1.0, 2.0, 1.0]
[00:49:59] [Server thread/INFO] (Minecraft) [STDOUT]: Sending Info now
[00:49:59] [Server thread/INFO] (Minecraft) [STDOUT]: LEN: 4
[00:49:59] [Server thread/INFO] (Minecraft) [STDOUT]: [1.0, 1.0, 2.0, 1.0]
[00:49:59] [Server thread/INFO] (Minecraft) [STDOUT]: Sending Info now
[00:49:59] [Server thread/INFO] (Minecraft) [STDOUT]: LEN: 4
[00:49:59] [Server thread/INFO] (Minecraft) [STDOUT]: [1.0, 1.0, 2.0, 1.0]
[00:49:59] [Server thread/INFO] (Minecraft) [STDOUT]: Sending Info now
[00:49:59] [Server thread/INFO] (Minecraft) [STDOUT]: LEN: 4
[00:49:59] [Server thread/INFO] (Minecraft) [STDOUT]: [1.0, 1.0, 2.0, 1.0]
[00:49:59] [Server thread/INFO] (Minecraft) [STDOUT]: Sending Info now
[00:50:00] [Server thread/INFO] (Minecraft) [STDOUT]: LEN: 4
[00:50:00] [Server thread/INFO] (Minecraft) [STDOUT]: [1.0, 1.0, 2.0, 1.0]
[00:50:00] [Server thread/INFO] (Minecraft) [STDOUT]: Sending Info now
[00:50:00] [Server thread/INFO] (Minecraft) [STDOUT]: LEN: 4
[00:50:00] [Server thread/INFO] (Minecraft) [STDOUT]: [1.0, 1.0, 2.0, 1.0]
[00:50:00] [Server thread/INFO] (Minecraft) [STDOUT]: Sending Info now
[00:50:00] [Server thread/INFO] (Minecraft) [STDOUT]: LEN: 4
[00:50:00] [Server thread/INFO] (Minecraft) [STDOUT]: [1.0, 1.0, 2.0, 1.0]
[00:50:00] [Server thread/INFO] (Minecraft) [STDOUT]: Sending Info now
[00:50:00] [Server thread/INFO] (Minecraft) [STDOUT]: LEN: 4
[00:50:00] [Server thread/INFO] (Minecraft) [STDOUT]: [1.0, 1.0, 2.0, 1.0]
[00:50:00] [Server thread/INFO] (Minecraft) [STDOUT]: Sending Info now
[00:50:00] [Server thread/INFO] (Minecraft) [STDOUT]: LEN: 4
[00:50:00] [Server thread/INFO] (Minecraft) [STDOUT]: [1.0, 1.0, 2.0, 1.0]
[00:50:00] [Server thread/INFO] (Minecraft) [STDOUT]: Sending Info now
[00:50:00] [Server thread/INFO] (Minecraft) [STDOUT]: LEN: 4
[00:50:00] [Server thread/INFO] (Minecraft) [STDOUT]: [1.0, 1.0, 2.0, 1.0]
[00:50:00] [Server thread/INFO] (Minecraft) [STDOUT]: Sending Info now
[00:50:00] [Server thread/INFO] (Minecraft) [STDOUT]: LEN: 4
[00:50:00] [Server thread/INFO] (Minecraft) [STDOUT]: [1.0, 1.0, 2.0, 1.0]
[00:50:00] [Server thread/INFO] (Minecraft) [STDOUT]: Sending Info now
[00:50:00] [Server thread/INFO] (Minecraft) [STDOUT]: LEN: 4
[00:50:00] [Server thread/INFO] (Minecraft) [STDOUT]: [1.0, 1.0, 2.0, 1.0]
[00:50:00] [Server thread/INFO] (Minecraft) [STDOUT]: Sending Info now
[00:50:00] [Server thread/INFO] (Minecraft) [STDOUT]: LEN: 4
[00:50:00] [Server thread/INFO] (Minecraft) [STDOUT]: [1.0, 1.0, 2.0, 1.0]
[00:50:00] [Server thread/INFO] (Minecraft) [STDOUT]: Sending Info now
[00:50:00] [Server thread/INFO] (Minecraft) [STDOUT]: LEN: 4
[00:50:00] [Server thread/INFO] (Minecraft) [STDOUT]: [1.0, 1.0, 2.0, 1.0]
[00:50:00] [Server thread/INFO] (Minecraft) [STDOUT]: Sending Info now
[00:50:00] [Server thread/INFO] (Minecraft) [STDOUT]: LEN: 4
[00:50:00] [Server thread/INFO] (Minecraft) [STDOUT]: [1.0, 1.0, 2.0, 1.0]
[00:50:01] [Server thread/INFO] (Minecraft) [STDOUT]: Sending Info now
[00:50:01] [Server thread/INFO] (Minecraft) [STDOUT]: LEN: 4
[00:50:01] [Server thread/INFO] (Minecraft) [STDOUT]: [1.0, 1.0, 2.0, 1.0]
[00:50:01] [Server thread/INFO] (Minecraft) [STDOUT]: Sending Info now
[00:50:01] [Server thread/INFO] (Minecraft) [STDOUT]: LEN: 4
[00:50:01] [Server thread/INFO] (Minecraft) [STDOUT]: [1.0, 1.0, 2.0, 1.0]
[00:50:01] [Server thread/INFO] (Minecraft) [STDOUT]: Sending Info now
[00:50:01] [Server thread/INFO] (Minecraft) [STDOUT]: LEN: 4
[00:50:01] [Server thread/INFO] (Minecraft) [STDOUT]: [1.0, 1.0, 2.0, 1.0]
[00:50:01] [Server thread/INFO] (Minecraft) [STDOUT]: Sending Info now
[00:50:01] [Server thread/INFO] (Minecraft) [STDOUT]: LEN: 4
[00:50:01] [Server thread/INFO] (Minecraft) [STDOUT]: [1.0, 1.0, 2.0, 1.0]
[00:50:01] [Server thread/INFO] (Minecraft) [STDOUT]: Sending Info now
[00:50:01] [Server thread/INFO] (Minecraft) [STDOUT]: LEN: 4
[00:50:01] [Server thread/INFO] (Minecraft) [STDOUT]: [1.0, 1.0, 2.0, 1.0]
[00:50:01] [Server thread/INFO] (Minecraft) [STDOUT]: Sending Info now
[00:50:01] [Server thread/INFO] (Minecraft) [STDOUT]: LEN: 4
[00:50:01] [Server thread/INFO] (Minecraft) [STDOUT]: [1.0, 1.0, 2.0, 1.0]
[00:50:01] [Server thread/INFO] (Minecraft) [STDOUT]: Sending Info now
[00:50:01] [Server thread/INFO] (Minecraft) [STDOUT]: LEN: 4
[00:50:01] [Server thread/INFO] (Minecraft) [STDOUT]: [1.0, 1.0, 2.0, 1.0]
[00:50:01] [Server thread/INFO] (Minecraft) [STDOUT]: Sending Info now
[00:50:01] [Server thread/INFO] (Minecraft) [STDOUT]: LEN: 4
[00:50:01] [Server thread/INFO] (Minecraft) [STDOUT]: [1.0, 1.0, 2.0, 1.0]
[00:50:01] [Server thread/INFO] (Minecraft) [STDOUT]: Sending Info now
[00:50:01] [Server thread/INFO] (Minecraft) [STDOUT]: LEN: 4
[00:50:01] [Server thread/INFO] (Minecraft) [STDOUT]: [1.0, 1.0, 2.0, 1.0]
[00:50:01] [Server thread/INFO] (Minecraft) [STDOUT]: Sending Info now
[00:50:01] [Server thread/INFO] (Minecraft) [STDOUT]: LEN: 4
[00:50:01] [Server thread/INFO] (Minecraft) [STDOUT]: [1.0, 1.0, 2.0, 1.0]
[00:50:02] [Server thread/INFO] (Minecraft) [STDOUT]: Sending Info now
[00:50:02] [Server thread/INFO] (Minecraft) [STDOUT]: LEN: 4
[00:50:02] [Server thread/INFO] (Minecraft) [STDOUT]: [1.0, 1.0, 2.0, 1.0]
[00:50:02] [Server thread/INFO] (Minecraft) [STDOUT]: Sending Info now
[00:50:02] [Server thread/INFO] (Minecraft) [STDOUT]: LEN: 4
[00:50:02] [Server thread/INFO] (Minecraft) [STDOUT]: [1.0, 1.0, 2.0, 1.0]
[00:50:02] [Server thread/INFO] (Minecraft) [STDOUT]: Sending Info now
[00:50:02] [Server thread/INFO] (Minecraft) [STDOUT]: LEN: 4
[00:50:02] [Server thread/INFO] (Minecraft) [STDOUT]: [1.0, 1.0, 2.0, 1.0]
[00:50:02] [Server thread/INFO] (Minecraft) [STDOUT]: Sending Info now
[00:50:02] [Server thread/INFO] (Minecraft) [STDOUT]: LEN: 4
[00:50:02] [Server thread/INFO] (Minecraft) [STDOUT]: [1.0, 1.0, 2.0, 1.0]
[00:50:02] [Server thread/INFO] (Minecraft) [STDOUT]: Sending Info now
[00:50:02] [Server thread/INFO] (Minecraft) [STDOUT]: LEN: 4
[00:50:02] [Server thread/INFO] (Minecraft) [STDOUT]: [1.0, 1.0, 2.0, 1.0]
[00:50:02] [Server thread/INFO] (Minecraft) [STDOUT]: Sending Info now
[00:50:02] [Server thread/INFO] (Minecraft) [STDOUT]: LEN: 4
[00:50:02] [Server thread/INFO] (Minecraft) [STDOUT]: [1.0, 1.0, 2.0, 1.0]
[00:50:02] [Server thread/INFO] (Minecraft) [STDOUT]: Sending Info now
[00:50:02] [Server thread/INFO] (Minecraft) [STDOUT]: LEN: 4
[00:50:02] [Server thread/INFO] (Minecraft) [STDOUT]: [1.0, 1.0, 2.0, 1.0]
[00:50:02] [Server thread/INFO] (Minecraft) [STDOUT]: Sending Info now
[00:50:02] [Server thread/INFO] (Minecraft) [STDOUT]: LEN: 4
[00:50:02] [Server thread/INFO] (Minecraft) [STDOUT]: [1.0, 1.0, 2.0, 1.0]
[00:50:02] [Server thread/INFO] (Minecraft) [STDOUT]: Sending Info now
[00:50:02] [Server thread/INFO] (Minecraft) [STDOUT]: LEN: 4
[00:50:02] [Server thread/INFO] (Minecraft) [STDOUT]: [1.0, 1.0, 2.0, 1.0]
[00:50:02] [Server thread/INFO] (Minecraft) [STDOUT]: Sending Info now
[00:50:03] [Server thread/INFO] (Minecraft) [STDOUT]: LEN: 4
[00:50:03] [Server thread/INFO] (Minecraft) [STDOUT]: [1.0, 1.0, 2.0, 1.0]
[00:50:03] [Server thread/INFO] (Minecraft) [STDOUT]: Sending Info now
[00:50:03] [Server thread/INFO] (Minecraft) [STDOUT]: LEN: 4
[00:50:03] [Server thread/INFO] (Minecraft) [STDOUT]: [1.0, 1.0, 2.0, 1.0]
[00:50:03] [Server thread/INFO] (Minecraft) [STDOUT]: Sending Info now
[00:50:03] [Server thread/INFO] (Minecraft) [STDOUT]: LEN: 4
[00:50:03] [Server thread/INFO] (Minecraft) [STDOUT]: [1.0, 1.0, 2.0, 1.0]
[00:50:03] [Server thread/INFO] (Minecraft) [STDOUT]: Sending Info now
[00:50:03] [Server thread/INFO] (Minecraft) [STDOUT]: LEN: 4
[00:50:03] [Server thread/INFO] (Minecraft) [STDOUT]: [1.0, 1.0, 2.0, 1.0]
[00:50:03] [Server thread/INFO] (Minecraft) [STDOUT]: Sending Info now
[00:50:03] [Server thread/INFO] (Minecraft) [STDOUT]: LEN: 4
[00:50:03] [Server thread/INFO] (Minecraft) [STDOUT]: [1.0, 1.0, 2.0, 1.0]
[00:50:03] [Server thread/INFO] (Minecraft) [STDOUT]: Sending Info now
[00:50:03] [Server thread/INFO] (Minecraft) [STDOUT]: LEN: 4
[00:50:03] [Server thread/INFO] (Minecraft) [STDOUT]: [1.0, 1.0, 2.0, 1.0]
[00:50:03] [Server thread/INFO] (Minecraft) [STDOUT]: Sending Info now
[00:50:03] [Server thread/INFO] (Minecraft) [STDOUT]: LEN: 4
[00:50:03] [Server thread/INFO] (Minecraft) [STDOUT]: [1.0, 1.0, 2.0, 1.0]
[00:50:03] [Server thread/INFO] (Minecraft) [STDOUT]: Sending Info now
[00:50:03] [Server thread/INFO] (Minecraft) [STDOUT]: LEN: 4
[00:50:03] [Server thread/INFO] (Minecraft) [STDOUT]: [1.0, 1.0, 2.0, 1.0]
[00:50:03] [Server thread/INFO] (Minecraft) [STDOUT]: Sending Info now
[00:50:03] [Server thread/INFO] (Minecraft) [STDOUT]: LEN: 4
[00:50:03] [Server thread/INFO] (Minecraft) [STDOUT]: [1.0, 1.0, 2.0, 1.0]
[00:50:03] [Server thread/INFO] (Minecraft) [STDOUT]: Sending Info now
[00:50:03] [Server thread/INFO] (Minecraft) [STDOUT]: LEN: 4
[00:50:03] [Server thread/INFO] (Minecraft) [STDOUT]: [1.0, 1.0, 2.0, 1.0]
[00:50:03] [Server thread/INFO] (Minecraft) [STDOUT]: Sending Info now
[00:50:03] [Server thread/INFO] (Minecraft) [STDOUT]: LEN: 4
[00:50:03] [Server thread/INFO] (Minecraft) [STDOUT]: [1.0, 1.0, 2.0, 1.0]
[00:50:04] [Server thread/INFO] (Minecraft) [STDOUT]: Sending Info now
[00:50:04] [Server thread/INFO] (Minecraft) [STDOUT]: LEN: 4
[00:50:04] [Server thread/INFO] (Minecraft) [STDOUT]: [1.0, 1.0, 2.0, 1.0]
[00:50:04] [Server thread/INFO] (Minecraft) [STDOUT]: Sending Info now
[00:50:04] [Server thread/INFO] (Minecraft) [STDOUT]: LEN: 4
[00:50:04] [Server thread/INFO] (Minecraft) [STDOUT]: [1.0, 1.0, 2.0, 1.0]
[00:50:04] [Server thread/INFO] (Minecraft) [STDOUT]: Sending Info now
[00:50:04] [Server thread/INFO] (Minecraft) [STDOUT]: LEN: 4
[00:50:04] [Server thread/INFO] (Minecraft) [STDOUT]: [1.0, 1.0, 2.0, 1.0]
[00:50:04] [Server thread/INFO] (Minecraft) [STDOUT]: Sending Info now
[00:50:04] [Server thread/INFO] (Minecraft) [STDOUT]: LEN: 4
[00:50:04] [Server thread/INFO] (Minecraft) [STDOUT]: [1.0, 1.0, 2.0, 1.0]
[00:50:04] [Server thread/INFO] (Minecraft) [STDOUT]: Sending Info now
[00:50:04] [Server thread/INFO] (Minecraft) [STDOUT]: LEN: 4
[00:50:04] [Server thread/INFO] (Minecraft) [STDOUT]: [1.0, 1.0, 2.0, 1.0]
[00:50:04] [Server thread/INFO] (Minecraft) [STDOUT]: Sending Info now
[00:50:04] [Server thread/INFO] (Minecraft) [STDOUT]: LEN: 4
[00:50:04] [Server thread/INFO] (Minecraft) [STDOUT]: [1.0, 1.0, 2.0, 1.0]
[00:50:04] [Server thread/INFO] (Minecraft) [STDOUT]: Sending Info now
[00:50:04] [Server thread/INFO] (Minecraft) [STDOUT]: LEN: 4
[00:50:04] [Server thread/INFO] (Minecraft) [STDOUT]: [1.0, 1.0, 2.0, 1.0]
[00:50:04] [Server thread/INFO] (Minecraft) [STDOUT]: Sending Info now
[00:50:04] [Server thread/INFO] (Minecraft) [STDOUT]: LEN: 4
[00:50:04] [Server thread/INFO] (Minecraft) [STDOUT]: [1.0, 1.0, 2.0, 1.0]
[00:50:04] [Server thread/INFO] (Minecraft) [STDOUT]: Sending Info now
[00:50:04] [Server thread/INFO] (Minecraft) [STDOUT]: LEN: 4
[00:50:04] [Server thread/INFO] (Minecraft) [STDOUT]: [1.0, 1.0, 2.0, 1.0]
[00:50:04] [Server thread/INFO] (Minecraft) [STDOUT]: Sending Info now
[00:50:04] [Server thread/INFO] (Minecraft) [STDOUT]: LEN: 4
[00:50:04] [Server thread/INFO] (Minecraft) [STDOUT]: [1.0, 1.0, 2.0, 1.0]
[00:50:05] [Server thread/INFO] (Minecraft) [STDOUT]: Sending Info now
[00:50:05] [Server thread/INFO] (Minecraft) [STDOUT]: LEN: 4
[00:50:05] [Server thread/INFO] (Minecraft) [STDOUT]: [1.0, 1.0, 2.0, 1.0]
[00:50:05] [Server thread/INFO] (Minecraft) [STDOUT]: Sending Info now
[00:50:05] [Server thread/INFO] (Minecraft) [STDOUT]: LEN: 4
[00:50:05] [Server thread/INFO] (Minecraft) [STDOUT]: [1.0, 1.0, 2.0, 1.0]
[00:50:05] [Server thread/INFO] (Minecraft) [STDOUT]: Sending Info now
[00:50:05] [Server thread/INFO] (Minecraft) [STDOUT]: LEN: 4
[00:50:05] [Server thread/INFO] (Minecraft) [STDOUT]: [1.0, 1.0, 2.0, 1.0]
[00:50:05] [Server thread/INFO] (Minecraft) [STDOUT]: Sending Info now
[00:50:05] [Server thread/INFO] (Minecraft) [STDOUT]: LEN: 4
[00:50:05] [Server thread/INFO] (Minecraft) [STDOUT]: [1.0, 1.0, 2.0, 1.0]
[00:50:05] [Server thread/INFO] (Minecraft) [STDOUT]: Sending Info now
[00:50:05] [Server thread/INFO] (Minecraft) [STDOUT]: LEN: 4
[00:50:05] [Server thread/INFO] (Minecraft) [STDOUT]: [1.0, 1.0, 2.0, 1.0]
[00:50:05] [Server thread/INFO] (Minecraft) [STDOUT]: Sending Info now
[00:50:05] [Server thread/INFO] (Minecraft) [STDOUT]: LEN: 4
[00:50:05] [Server thread/INFO] (Minecraft) [STDOUT]: [1.0, 1.0, 2.0, 1.0]
[00:50:05] [Server thread/INFO] (Minecraft) [STDOUT]: Sending Info now
[00:50:05] [Server thread/INFO] (Minecraft) [STDOUT]: LEN: 4
[00:50:05] [Server thread/INFO] (Minecraft) [STDOUT]: [1.0, 1.0, 2.0, 1.0]
[00:50:05] [Server thread/INFO] (Minecraft) [STDOUT]: Sending Info now
[00:50:05] [Server thread/INFO] (Minecraft) [STDOUT]: LEN: 4
[00:50:05] [Server thread/INFO] (Minecraft) [STDOUT]: [1.0, 1.0, 2.0, 1.0]
[00:50:05] [Server thread/INFO] (Minecraft) [STDOUT]: Sending Info now
[00:50:05] [Server thread/INFO] (Minecraft) [STDOUT]: LEN: 4
[00:50:05] [Server thread/INFO] (Minecraft) [STDOUT]: [1.0, 1.0, 2.0, 1.0]
[00:50:05] [Server thread/INFO] (Minecraft) [STDOUT]: Sending Info now
[00:50:06] [Server thread/INFO] (Minecraft) [STDOUT]: LEN: 4
[00:50:06] [Server thread/INFO] (Minecraft) [STDOUT]: [1.0, 1.0, 2.0, 1.0]
[00:50:06] [Server thread/INFO] (Minecraft) [STDOUT]: Sending Info now
[00:50:06] [Server thread/INFO] (Minecraft) [STDOUT]: LEN: 4
[00:50:06] [Server thread/INFO] (Minecraft) [STDOUT]: [1.0, 1.0, 2.0, 1.0]
[00:50:06] [Server thread/INFO] (Minecraft) [STDOUT]: Sending Info now
[00:50:06] [Server thread/INFO] (Minecraft) [STDOUT]: LEN: 4
[00:50:06] [Server thread/INFO] (Minecraft) [STDOUT]: [1.0, 1.0, 2.0, 1.0]
[00:50:06] [Server thread/INFO] (Minecraft) [STDOUT]: Sending Info now
[00:50:06] [Server thread/INFO] (Minecraft) [STDOUT]: LEN: 4
[00:50:06] [Server thread/INFO] (Minecraft) [STDOUT]: [1.0, 1.0, 2.0, 1.0]
[00:50:06] [Server thread/INFO] (Minecraft) [Player927: Set own game mode to Spectator Mode]
[00:50:06] [Render thread/INFO] (Minecraft) [System] [CHAT] Set own game mode to Spectator Mode
[00:50:06] [Server thread/INFO] (Minecraft) [STDOUT]: Sending Info now
[00:50:06] [Server thread/INFO] (Minecraft) [STDOUT]: LEN: 4
[00:50:06] [Server thread/INFO] (Minecraft) [STDOUT]: [1.0, 1.0, 2.0, 1.0]
[00:50:06] [Server thread/INFO] (Minecraft) [STDOUT]: Sending Info now
[00:50:06] [Server thread/INFO] (Minecraft) [STDOUT]: LEN: 4
[00:50:06] [Server thread/INFO] (Minecraft) [STDOUT]: [1.0, 1.0, 2.0, 1.0]
[00:50:06] [Server thread/INFO] (Minecraft) [STDOUT]: Sending Info now
[00:50:06] [Server thread/INFO] (Minecraft) [STDOUT]: LEN: 4
[00:50:06] [Server thread/INFO] (Minecraft) [STDOUT]: [1.0, 1.0, 2.0, 1.0]
[00:50:06] [Server thread/INFO] (Minecraft) [STDOUT]: Sending Info now
[00:50:06] [Server thread/INFO] (Minecraft) [STDOUT]: LEN: 4
[00:50:06] [Server thread/INFO] (Minecraft) [STDOUT]: [1.0, 1.0, 2.0, 1.0]
[00:50:06] [Server thread/INFO] (Minecraft) [STDOUT]: Sending Info now
[00:50:06] [Server thread/INFO] (Minecraft) [STDOUT]: LEN: 4
[00:50:06] [Server thread/INFO] (Minecraft) [STDOUT]: [1.0, 1.0, 2.0, 1.0]
[00:50:06] [Server thread/INFO] (Minecraft) [STDOUT]: Sending Info now
[00:50:06] [Server thread/INFO] (Minecraft) [STDOUT]: LEN: 4
[00:50:06] [Server thread/INFO] (Minecraft) [STDOUT]: [1.0, 1.0, 2.0, 1.0]
[00:50:06] [Server thread/INFO] (Minecraft) [STDOUT]: Sending Info now
[00:50:06] [Server thread/INFO] (Minecraft) [STDOUT]: LEN: 4
[00:50:06] [Server thread/INFO] (Minecraft) [STDOUT]: [1.0, 1.0, 2.0, 1.0]
[00:50:07] [Server thread/INFO] (Minecraft) [STDOUT]: Sending Info now
[00:50:07] [Server thread/INFO] (Minecraft) [STDOUT]: LEN: 4
[00:50:07] [Server thread/INFO] (Minecraft) [STDOUT]: [1.0, 1.0, 2.0, 1.0]
[00:50:07] [Server thread/INFO] (Minecraft) [STDOUT]: Sending Info now
[00:50:07] [Server thread/INFO] (Minecraft) [STDOUT]: LEN: 4
[00:50:07] [Server thread/INFO] (Minecraft) [STDOUT]: [1.0, 1.0, 2.0, 1.0]
[00:50:07] [Server thread/INFO] (Minecraft) [STDOUT]: Sending Info now
[00:50:07] [Server thread/INFO] (Minecraft) [STDOUT]: LEN: 4
[00:50:07] [Server thread/INFO] (Minecraft) [STDOUT]: [1.0, 1.0, 2.0, 1.0]
[00:50:07] [Server thread/INFO] (Minecraft) [STDOUT]: Sending Info now
[00:50:07] [Server thread/INFO] (Minecraft) [STDOUT]: LEN: 4
[00:50:07] [Server thread/INFO] (Minecraft) [STDOUT]: [1.0, 1.0, 2.0, 1.0]
[00:50:07] [Server thread/INFO] (Minecraft) [STDOUT]: Sending Info now
[00:50:07] [Server thread/INFO] (Minecraft) [STDOUT]: LEN: 4
[00:50:07] [Server thread/INFO] (Minecraft) [STDOUT]: [1.0, 1.0, 2.0, 1.0]
[00:50:07] [Server thread/INFO] (Minecraft) [STDOUT]: Sending Info now
[00:50:07] [Server thread/INFO] (Minecraft) [STDOUT]: LEN: 4
[00:50:07] [Server thread/INFO] (Minecraft) [STDOUT]: [1.0, 1.0, 2.0, 1.0]
[00:50:07] [Server thread/INFO] (Minecraft) [STDOUT]: Sending Info now
[00:50:07] [Server thread/INFO] (Minecraft) [STDOUT]: LEN: 4
[00:50:07] [Server thread/INFO] (Minecraft) [STDOUT]: [1.0, 1.0, 2.0, 1.0]
[00:50:07] [Server thread/INFO] (Minecraft) [STDOUT]: Sending Info now
[00:50:07] [Server thread/INFO] (Minecraft) [STDOUT]: LEN: 4
[00:50:07] [Server thread/INFO] (Minecraft) [STDOUT]: [1.0, 1.0, 2.0, 1.0]
[00:50:07] [Server thread/INFO] (Minecraft) [STDOUT]: Sending Info now
[00:50:07] [Server thread/INFO] (Minecraft) [STDOUT]: LEN: 4
[00:50:07] [Server thread/INFO] (Minecraft) [STDOUT]: [1.0, 1.0, 2.0, 1.0]
[00:50:07] [Server thread/INFO] (Minecraft) [STDOUT]: Sending Info now
[00:50:07] [Server thread/INFO] (Minecraft) [STDOUT]: LEN: 4
[00:50:07] [Server thread/INFO] (Minecraft) [STDOUT]: [1.0, 1.0, 2.0, 1.0]
[00:50:08] [Server thread/INFO] (Minecraft) [STDOUT]: Sending Info now
[00:50:08] [Server thread/INFO] (Minecraft) [STDOUT]: LEN: 4
[00:50:08] [Server thread/INFO] (Minecraft) [STDOUT]: [1.0, 1.0, 2.0, 1.0]
[00:50:08] [Server thread/INFO] (Minecraft) [STDOUT]: Sending Info now
[00:50:08] [Server thread/INFO] (Minecraft) [STDOUT]: LEN: 4
[00:50:08] [Server thread/INFO] (Minecraft) [STDOUT]: [1.0, 1.0, 2.0, 1.0]
[00:50:08] [Server thread/INFO] (Minecraft) [STDOUT]: Sending Info now
[00:50:08] [Server thread/INFO] (Minecraft) [STDOUT]: LEN: 4
[00:50:08] [Server thread/INFO] (Minecraft) [STDOUT]: [1.0, 1.0, 2.0, 1.0]
[00:50:08] [Server thread/INFO] (Minecraft) [STDOUT]: Sending Info now
[00:50:08] [Server thread/INFO] (Minecraft) [STDOUT]: LEN: 4
[00:50:08] [Server thread/INFO] (Minecraft) [STDOUT]: [1.0, 1.0, 2.0, 1.0]
[00:50:08] [Server thread/INFO] (Minecraft) [STDOUT]: Sending Info now
[00:50:08] [Server thread/INFO] (Minecraft) [STDOUT]: LEN: 4
[00:50:08] [Server thread/INFO] (Minecraft) [STDOUT]: [1.0, 1.0, 2.0, 1.0]
[00:50:08] [Server thread/INFO] (Minecraft) [STDOUT]: Sending Info now
[00:50:08] [Server thread/INFO] (Minecraft) [STDOUT]: LEN: 4
[00:50:08] [Server thread/INFO] (Minecraft) [STDOUT]: [1.0, 1.0, 2.0, 1.0]
[00:50:08] [Server thread/INFO] (Minecraft) [STDOUT]: Sending Info now
[00:50:08] [Server thread/INFO] (Minecraft) [STDOUT]: LEN: 4
[00:50:08] [Server thread/INFO] (Minecraft) [STDOUT]: [1.0, 1.0, 2.0, 1.0]
[00:50:08] [Server thread/INFO] (Minecraft) [STDOUT]: Sending Info now
[00:50:08] [Server thread/INFO] (Minecraft) [STDOUT]: LEN: 4
[00:50:08] [Server thread/INFO] (Minecraft) [STDOUT]: [1.0, 1.0, 2.0, 1.0]
[00:50:08] [Server thread/INFO] (Minecraft) [STDOUT]: Sending Info now
[00:50:08] [Server thread/INFO] (Minecraft) [STDOUT]: LEN: 4
[00:50:08] [Server thread/INFO] (Minecraft) [STDOUT]: [1.0, 1.0, 2.0, 1.0]
[00:50:08] [Server thread/INFO] (Minecraft) [STDOUT]: Sending Info now
[00:50:09] [Server thread/INFO] (Minecraft) [STDOUT]: LEN: 4
[00:50:09] [Server thread/INFO] (Minecraft) [STDOUT]: [1.0, 1.0, 2.0, 1.0]
[00:50:09] [Server thread/INFO] (Minecraft) [STDOUT]: Sending Info now
[00:50:09] [Server thread/INFO] (Minecraft) [STDOUT]: LEN: 4
[00:50:09] [Server thread/INFO] (Minecraft) [STDOUT]: [1.0, 1.0, 2.0, 1.0]
[00:50:09] [Server thread/INFO] (Minecraft) [STDOUT]: Sending Info now
[00:50:09] [Server thread/INFO] (Minecraft) [STDOUT]: LEN: 4
[00:50:09] [Server thread/INFO] (Minecraft) [STDOUT]: [1.0, 1.0, 2.0, 1.0]
[00:50:09] [Server thread/INFO] (Minecraft) [STDOUT]: Sending Info now
[00:50:09] [Server thread/INFO] (Minecraft) [STDOUT]: LEN: 4
[00:50:09] [Server thread/INFO] (Minecraft) [STDOUT]: [1.0, 1.0, 2.0, 1.0]
[00:50:09] [Server thread/INFO] (Minecraft) [STDOUT]: Sending Info now
[00:50:09] [Server thread/INFO] (Minecraft) [STDOUT]: LEN: 4
[00:50:09] [Server thread/INFO] (Minecraft) [STDOUT]: [1.0, 1.0, 2.0, 1.0]
[00:50:09] [Server thread/INFO] (Minecraft) [STDOUT]: Sending Info now
[00:50:09] [Server thread/INFO] (Minecraft) [STDOUT]: LEN: 4
[00:50:09] [Server thread/INFO] (Minecraft) [STDOUT]: [1.0, 1.0, 2.0, 1.0]
[00:50:09] [Server thread/INFO] (Minecraft) [STDOUT]: Sending Info now
[00:50:09] [Server thread/INFO] (Minecraft) [STDOUT]: LEN: 4
[00:50:09] [Server thread/INFO] (Minecraft) [STDOUT]: [1.0, 1.0, 2.0, 1.0]
[00:50:09] [Server thread/INFO] (Minecraft) [STDOUT]: Sending Info now
[00:50:09] [Server thread/INFO] (Minecraft) [STDOUT]: LEN: 4
[00:50:09] [Server thread/INFO] (Minecraft) [STDOUT]: [1.0, 1.0, 2.0, 1.0]
[00:50:09] [Server thread/INFO] (Minecraft) [STDOUT]: Sending Info now
[00:50:09] [Server thread/INFO] (Minecraft) [STDOUT]: LEN: 4
[00:50:09] [Server thread/INFO] (Minecraft) [STDOUT]: [1.0, 1.0, 2.0, 1.0]
[00:50:09] [Server thread/INFO] (Minecraft) [STDOUT]: Sending Info now
[00:50:09] [Server thread/INFO] (Minecraft) [STDOUT]: LEN: 4
[00:50:09] [Server thread/INFO] (Minecraft) [STDOUT]: [1.0, 1.0, 2.0, 1.0]
[00:50:09] [Server thread/INFO] (Minecraft) [STDOUT]: Sending Info now
[00:50:09] [Server thread/INFO] (Minecraft) [STDOUT]: LEN: 4
[00:50:09] [Server thread/INFO] (Minecraft) [STDOUT]: [1.0, 1.0, 2.0, 1.0]
[00:50:10] [Server thread/INFO] (Minecraft) [STDOUT]: Sending Info now
[00:50:10] [Server thread/INFO] (Minecraft) [STDOUT]: LEN: 4
[00:50:10] [Server thread/INFO] (Minecraft) [STDOUT]: [1.0, 1.0, 2.0, 1.0]
[00:50:10] [Server thread/INFO] (Minecraft) [STDOUT]: Sending Info now
[00:50:10] [Server thread/INFO] (Minecraft) [STDOUT]: LEN: 4
[00:50:10] [Server thread/INFO] (Minecraft) [STDOUT]: [1.0, 1.0, 2.0, 1.0]
[00:50:10] [Server thread/INFO] (Minecraft) [STDOUT]: Sending Info now
[00:50:10] [Server thread/INFO] (Minecraft) [STDOUT]: LEN: 4
[00:50:10] [Server thread/INFO] (Minecraft) [STDOUT]: [1.0, 1.0, 2.0, 1.0]
[00:50:10] [Server thread/INFO] (Minecraft) [STDOUT]: Sending Info now
[00:50:10] [Server thread/INFO] (Minecraft) [STDOUT]: LEN: 4
[00:50:10] [Server thread/INFO] (Minecraft) [STDOUT]: [1.0, 1.0, 2.0, 1.0]
[00:50:10] [Server thread/INFO] (Minecraft) [STDOUT]: Sending Info now
[00:50:10] [Server thread/INFO] (Minecraft) [STDOUT]: LEN: 4
[00:50:10] [Server thread/INFO] (Minecraft) [STDOUT]: [1.0, 1.0, 2.0, 1.0]
[00:50:10] [Server thread/INFO] (Minecraft) [STDOUT]: Sending Info now
[00:50:10] [Server thread/INFO] (Minecraft) [STDOUT]: LEN: 4
[00:50:10] [Server thread/INFO] (Minecraft) [STDOUT]: [1.0, 1.0, 2.0, 1.0]
[00:50:10] [Server thread/INFO] (Minecraft) [STDOUT]: Sending Info now
[00:50:10] [Server thread/INFO] (Minecraft) [STDOUT]: LEN: 4
[00:50:10] [Server thread/INFO] (Minecraft) [STDOUT]: [1.0, 1.0, 2.0, 1.0]
[00:50:10] [Server thread/INFO] (Minecraft) [STDOUT]: Sending Info now
[00:50:10] [Server thread/INFO] (Minecraft) [STDOUT]: LEN: 4
[00:50:10] [Server thread/INFO] (Minecraft) [STDOUT]: [1.0, 1.0, 2.0, 1.0]
[00:50:10] [Server thread/INFO] (Minecraft) [STDOUT]: Sending Info now
[00:50:10] [Server thread/INFO] (Minecraft) [STDOUT]: LEN: 4
[00:50:10] [Server thread/INFO] (Minecraft) [STDOUT]: [1.0, 1.0, 2.0, 1.0]
[00:50:10] [Server thread/INFO] (Minecraft) [STDOUT]: Sending Info now
[00:50:10] [Server thread/INFO] (Minecraft) [STDOUT]: LEN: 4
[00:50:10] [Server thread/INFO] (Minecraft) [STDOUT]: [1.0, 1.0, 2.0, 1.0]
[00:50:11] [Server thread/INFO] (Minecraft) [STDOUT]: Sending Info now
[00:50:11] [Server thread/INFO] (Minecraft) [STDOUT]: LEN: 4
[00:50:11] [Server thread/INFO] (Minecraft) [STDOUT]: [1.0, 1.0, 2.0, 1.0]
[00:50:11] [Server thread/INFO] (Minecraft) [STDOUT]: Sending Info now
[00:50:11] [Server thread/INFO] (Minecraft) [STDOUT]: LEN: 4
[00:50:11] [Server thread/INFO] (Minecraft) [STDOUT]: [1.0, 1.0, 2.0, 1.0]
[00:50:11] [Server thread/INFO] (Minecraft) [STDOUT]: Sending Info now
[00:50:11] [Server thread/INFO] (Minecraft) [STDOUT]: LEN: 4
[00:50:11] [Server thread/INFO] (Minecraft) [STDOUT]: [1.0, 1.0, 2.0, 1.0]
[00:50:11] [Server thread/INFO] (Minecraft) [STDOUT]: Sending Info now
[00:50:11] [Server thread/INFO] (Minecraft) [STDOUT]: LEN: 4
[00:50:11] [Server thread/INFO] (Minecraft) [STDOUT]: [1.0, 1.0, 2.0, 1.0]
[00:50:11] [Server thread/INFO] (Minecraft) [STDOUT]: Sending Info now
[00:50:11] [Server thread/INFO] (Minecraft) [STDOUT]: LEN: 4
[00:50:11] [Server thread/INFO] (Minecraft) [STDOUT]: [1.0, 1.0, 2.0, 1.0]
[00:50:11] [Server thread/INFO] (Minecraft) [STDOUT]: Sending Info now
[00:50:11] [Server thread/INFO] (Minecraft) [STDOUT]: LEN: 4
[00:50:11] [Server thread/INFO] (Minecraft) [STDOUT]: [1.0, 1.0, 2.0, 1.0]
[00:50:11] [Server thread/INFO] (Minecraft) [STDOUT]: Sending Info now
[00:50:11] [Server thread/INFO] (Minecraft) [STDOUT]: LEN: 4
[00:50:11] [Server thread/INFO] (Minecraft) [STDOUT]: [1.0, 1.0, 2.0, 1.0]
[00:50:11] [Server thread/INFO] (Minecraft) [STDOUT]: Sending Info now
[00:50:11] [Server thread/INFO] (Minecraft) [STDOUT]: LEN: 4
[00:50:11] [Server thread/INFO] (Minecraft) [STDOUT]: [1.0, 1.0, 2.0, 1.0]
[00:50:11] [Server thread/INFO] (Minecraft) [STDOUT]: Sending Info now
[00:50:11] [Server thread/INFO] (Minecraft) [STDOUT]: LEN: 4
[00:50:11] [Server thread/INFO] (Minecraft) [STDOUT]: [1.0, 1.0, 2.0, 1.0]
[00:50:11] [Server thread/INFO] (Minecraft) [STDOUT]: Sending Info now
[00:50:12] [Server thread/INFO] (Minecraft) [STDOUT]: LEN: 4
[00:50:12] [Server thread/INFO] (Minecraft) [STDOUT]: [1.0, 1.0, 2.0, 1.0]
[00:50:12] [Server thread/INFO] (Minecraft) [STDOUT]: Sending Info now
[00:50:12] [Server thread/INFO] (Minecraft) [STDOUT]: LEN: 4
[00:50:12] [Server thread/INFO] (Minecraft) [STDOUT]: [1.0, 1.0, 2.0, 1.0]
[00:50:12] [Server thread/INFO] (Minecraft) [STDOUT]: Sending Info now
[00:50:12] [Server thread/INFO] (Minecraft) [STDOUT]: LEN: 4
[00:50:12] [Server thread/INFO] (Minecraft) [STDOUT]: [1.0, 1.0, 2.0, 1.0]
[00:50:12] [Server thread/INFO] (Minecraft) [STDOUT]: Sending Info now
[00:50:12] [Server thread/INFO] (Minecraft) [STDOUT]: LEN: 4
[00:50:12] [Server thread/INFO] (Minecraft) [STDOUT]: [1.0, 1.0, 2.0, 1.0]
[00:50:12] [Server thread/INFO] (Minecraft) [STDOUT]: Sending Info now
[00:50:12] [Server thread/INFO] (Minecraft) [STDOUT]: LEN: 4
[00:50:12] [Server thread/INFO] (Minecraft) [STDOUT]: [1.0, 1.0, 2.0, 1.0]
[00:50:12] [Server thread/INFO] (Minecraft) [STDOUT]: Sending Info now
[00:50:12] [Server thread/INFO] (Minecraft) [STDOUT]: LEN: 4
[00:50:12] [Server thread/INFO] (Minecraft) [STDOUT]: [1.0, 1.0, 2.0, 1.0]
[00:50:12] [Server thread/INFO] (Minecraft) [STDOUT]: Sending Info now
[00:50:12] [Server thread/INFO] (Minecraft) [STDOUT]: LEN: 4
[00:50:12] [Server thread/INFO] (Minecraft) [STDOUT]: [1.0, 1.0, 2.0, 1.0]
[00:50:12] [Server thread/INFO] (Minecraft) [STDOUT]: Sending Info now
[00:50:12] [Server thread/INFO] (Minecraft) [STDOUT]: LEN: 4
[00:50:12] [Server thread/INFO] (Minecraft) [STDOUT]: [1.0, 1.0, 2.0, 1.0]
[00:50:12] [Server thread/INFO] (Minecraft) [STDOUT]: Sending Info now
[00:50:12] [Server thread/INFO] (Minecraft) [STDOUT]: LEN: 4
[00:50:12] [Server thread/INFO] (Minecraft) [STDOUT]: [1.0, 1.0, 2.0, 1.0]
[00:50:12] [Server thread/INFO] (Minecraft) [STDOUT]: Sending Info now
[00:50:12] [Server thread/INFO] (Minecraft) [STDOUT]: LEN: 4
[00:50:12] [Server thread/INFO] (Minecraft) [STDOUT]: [1.0, 1.0, 2.0, 1.0]
[00:50:12] [Server thread/INFO] (Minecraft) [STDOUT]: Sending Info now
[00:50:12] [Server thread/INFO] (Minecraft) [STDOUT]: LEN: 4
[00:50:12] [Server thread/INFO] (Minecraft) [STDOUT]: [1.0, 1.0, 2.0, 1.0]
[00:50:13] [Server thread/INFO] (Minecraft) [STDOUT]: Sending Info now
[00:50:13] [Server thread/INFO] (Minecraft) [STDOUT]: LEN: 4
[00:50:13] [Server thread/INFO] (Minecraft) [STDOUT]: [1.0, 1.0, 2.0, 1.0]
[00:50:13] [Server thread/INFO] (Minecraft) [STDOUT]: Sending Info now
[00:50:13] [Server thread/INFO] (Minecraft) [STDOUT]: LEN: 4
[00:50:13] [Server thread/INFO] (Minecraft) [STDOUT]: [1.0, 1.0, 2.0, 1.0]
[00:50:13] [Server thread/INFO] (Minecraft) [STDOUT]: Sending Info now
[00:50:13] [Server thread/INFO] (Minecraft) [STDOUT]: LEN: 4
[00:50:13] [Server thread/INFO] (Minecraft) [STDOUT]: [1.0, 1.0, 2.0, 1.0]
[00:50:13] [Server thread/INFO] (Minecraft) [STDOUT]: Sending Info now
[00:50:13] [Server thread/INFO] (Minecraft) [STDOUT]: LEN: 4
[00:50:13] [Server thread/INFO] (Minecraft) [STDOUT]: [1.0, 1.0, 2.0, 1.0]
[00:50:13] [Server thread/INFO] (Minecraft) [Player927: Teleported Player927 to Empirecreator]
[00:50:13] [Render thread/INFO] (Minecraft) [System] [CHAT] Teleported Player927 to Empirecreator
[00:50:13] [Server thread/INFO] (Minecraft) [STDOUT]: Sending Info now
[00:50:13] [Server thread/INFO] (Minecraft) [STDOUT]: LEN: 4
[00:50:13] [Server thread/INFO] (Minecraft) [STDOUT]: [1.0, 1.0, 2.0, 1.0]
[00:50:13] [Server thread/INFO] (Minecraft) [STDOUT]: Sending Info now
[00:50:13] [Server thread/INFO] (Minecraft) [STDOUT]: LEN: 4
[00:50:13] [Server thread/INFO] (Minecraft) [STDOUT]: [1.0, 1.0, 2.0, 1.0]
[00:50:13] [Server thread/INFO] (Minecraft) [STDOUT]: Sending Info now
[00:50:13] [Server thread/INFO] (Minecraft) [STDOUT]: LEN: 4
[00:50:13] [Server thread/INFO] (Minecraft) [STDOUT]: [1.0, 1.0, 2.0, 1.0]
[00:50:13] [Server thread/INFO] (Minecraft) [STDOUT]: Sending Info now
[00:50:13] [Server thread/INFO] (Minecraft) [STDOUT]: LEN: 4
[00:50:13] [Server thread/INFO] (Minecraft) [STDOUT]: [1.0, 1.0, 2.0, 1.0]
[00:50:13] [Server thread/INFO] (Minecraft) [STDOUT]: Sending Info now
[00:50:13] [Server thread/INFO] (Minecraft) [STDOUT]: LEN: 4
[00:50:13] [Server thread/INFO] (Minecraft) [STDOUT]: [1.0, 1.0, 2.0, 1.0]
[00:50:13] [Server thread/INFO] (Minecraft) [STDOUT]: Sending Info now
[00:50:13] [Server thread/INFO] (Minecraft) [STDOUT]: LEN: 4
[00:50:13] [Server thread/INFO] (Minecraft) [STDOUT]: [1.0, 1.0, 2.0, 1.0]
[00:50:14] [Server thread/INFO] (Minecraft) [STDOUT]: Sending Info now
[00:50:14] [Server thread/INFO] (Minecraft) [STDOUT]: LEN: 4
[00:50:14] [Server thread/INFO] (Minecraft) [STDOUT]: [1.0, 1.0, 2.0, 1.0]
[00:50:14] [Server thread/INFO] (Minecraft) [STDOUT]: Sending Info now
[00:50:14] [Server thread/INFO] (Minecraft) [STDOUT]: LEN: 4
[00:50:14] [Server thread/INFO] (Minecraft) [STDOUT]: [1.0, 1.0, 2.0, 1.0]
[00:50:14] [Server thread/INFO] (Minecraft) [STDOUT]: Sending Info now
[00:50:14] [Server thread/INFO] (Minecraft) [STDOUT]: LEN: 4
[00:50:14] [Server thread/INFO] (Minecraft) [STDOUT]: [1.0, 1.0, 2.0, 1.0]
[00:50:14] [Server thread/INFO] (Minecraft) [STDOUT]: Sending Info now
[00:50:14] [Server thread/INFO] (Minecraft) [STDOUT]: LEN: 4
[00:50:14] [Server thread/INFO] (Minecraft) [STDOUT]: [1.0, 1.0, 2.0, 1.0]
[00:50:14] [Server thread/INFO] (Minecraft) [STDOUT]: Sending Info now
[00:50:14] [Server thread/INFO] (Minecraft) [STDOUT]: LEN: 4
[00:50:14] [Server thread/INFO] (Minecraft) [STDOUT]: [1.0, 1.0, 2.0, 1.0]
[00:50:14] [Server thread/INFO] (Minecraft) [STDOUT]: Sending Info now
[00:50:14] [Server thread/INFO] (Minecraft) [STDOUT]: LEN: 4
[00:50:14] [Server thread/INFO] (Minecraft) [STDOUT]: [1.0, 1.0, 2.0, 1.0]
[00:50:14] [Server thread/INFO] (Minecraft) [STDOUT]: Sending Info now
[00:50:14] [Server thread/INFO] (Minecraft) [STDOUT]: LEN: 4
[00:50:14] [Server thread/INFO] (Minecraft) [STDOUT]: [1.0, 1.0, 2.0, 1.0]
[00:50:14] [Server thread/INFO] (Minecraft) [STDOUT]: Sending Info now
[00:50:14] [Server thread/INFO] (Minecraft) [STDOUT]: LEN: 4
[00:50:14] [Server thread/INFO] (Minecraft) [STDOUT]: [1.0, 1.0, 2.0, 1.0]
[00:50:14] [Server thread/INFO] (Minecraft) [STDOUT]: Sending Info now
[00:50:14] [Server thread/INFO] (Minecraft) [STDOUT]: LEN: 4
[00:50:14] [Server thread/INFO] (Minecraft) [STDOUT]: [1.0, 1.0, 2.0, 1.0]
[00:50:14] [Server thread/INFO] (Minecraft) [STDOUT]: Sending Info now
[00:50:15] [Server thread/INFO] (Minecraft) [STDOUT]: LEN: 4
[00:50:15] [Server thread/INFO] (Minecraft) [STDOUT]: [1.0, 1.0, 2.0, 1.0]
[00:50:15] [Server thread/INFO] (Minecraft) [STDOUT]: Sending Info now
[00:50:15] [Server thread/INFO] (Minecraft) [STDOUT]: LEN: 4
[00:50:15] [Server thread/INFO] (Minecraft) [STDOUT]: [1.0, 1.0, 2.0, 1.0]
[00:50:15] [Server thread/INFO] (Minecraft) [STDOUT]: Sending Info now
[00:50:15] [Server thread/INFO] (Minecraft) [STDOUT]: LEN: 4
[00:50:15] [Server thread/INFO] (Minecraft) [STDOUT]: [1.0, 1.0, 2.0, 1.0]
[00:50:15] [Server thread/INFO] (Minecraft) [STDOUT]: Sending Info now
[00:50:15] [Server thread/INFO] (Minecraft) [STDOUT]: LEN: 4
[00:50:15] [Server thread/INFO] (Minecraft) [STDOUT]: [1.0, 1.0, 2.0, 1.0]
[00:50:15] [Server thread/INFO] (Minecraft) [STDOUT]: Sending Info now
[00:50:15] [Server thread/INFO] (Minecraft) [STDOUT]: LEN: 4
[00:50:15] [Server thread/INFO] (Minecraft) [STDOUT]: [1.0, 1.0, 2.0, 1.0]
[00:50:15] [Server thread/INFO] (Minecraft) [STDOUT]: Sending Info now
[00:50:15] [Server thread/INFO] (Minecraft) [STDOUT]: LEN: 4
[00:50:15] [Server thread/INFO] (Minecraft) [STDOUT]: [1.0, 1.0, 2.0, 1.0]
[00:50:15] [Server thread/INFO] (Minecraft) [STDOUT]: Sending Info now
[00:50:15] [Server thread/INFO] (Minecraft) [STDOUT]: LEN: 4
[00:50:15] [Server thread/INFO] (Minecraft) [STDOUT]: [1.0, 1.0, 2.0, 1.0]
[00:50:15] [Server thread/INFO] (Minecraft) [STDOUT]: Sending Info now
[00:50:15] [Server thread/INFO] (Minecraft) [STDOUT]: LEN: 4
[00:50:15] [Server thread/INFO] (Minecraft) [STDOUT]: [1.0, 1.0, 2.0, 1.0]
[00:50:15] [Server thread/INFO] (Minecraft) [STDOUT]: Sending Info now
[00:50:15] [Server thread/INFO] (Minecraft) [STDOUT]: LEN: 4
[00:50:15] [Server thread/INFO] (Minecraft) [STDOUT]: [1.0, 1.0, 2.0, 1.0]
[00:50:15] [Server thread/INFO] (Minecraft) [STDOUT]: Sending Info now
[00:50:15] [Server thread/INFO] (Minecraft) [STDOUT]: LEN: 4
[00:50:15] [Server thread/INFO] (Minecraft) [STDOUT]: [1.0, 1.0, 2.0, 1.0]
[00:50:15] [Server thread/INFO] (Minecraft) [STDOUT]: Sending Info now
[00:50:15] [Server thread/INFO] (Minecraft) [STDOUT]: LEN: 4
[00:50:15] [Server thread/INFO] (Minecraft) [STDOUT]: [1.0, 1.0, 2.0, 1.0]
[00:50:16] [Server thread/INFO] (Minecraft) [STDOUT]: Sending Info now
[00:50:16] [Server thread/INFO] (Minecraft) [STDOUT]: LEN: 4
[00:50:16] [Server thread/INFO] (Minecraft) [STDOUT]: [1.0, 1.0, 2.0, 1.0]
[00:50:16] [Server thread/INFO] (Minecraft) [STDOUT]: Sending Info now
[00:50:16] [Server thread/INFO] (Minecraft) [STDOUT]: LEN: 4
[00:50:16] [Server thread/INFO] (Minecraft) [STDOUT]: [1.0, 1.0, 2.0, 1.0]
[00:50:16] [Server thread/INFO] (Minecraft) [STDOUT]: Sending Info now
[00:50:16] [Server thread/INFO] (Minecraft) [STDOUT]: LEN: 4
[00:50:16] [Server thread/INFO] (Minecraft) [STDOUT]: [1.0, 1.0, 2.0, 1.0]
[00:50:16] [Server thread/INFO] (Minecraft) [STDOUT]: Sending Info now
[00:50:16] [Server thread/INFO] (Minecraft) [STDOUT]: LEN: 4
[00:50:16] [Server thread/INFO] (Minecraft) [STDOUT]: [1.0, 1.0, 2.0, 1.0]
[00:50:16] [Server thread/INFO] (Minecraft) [STDOUT]: Sending Info now
[00:50:16] [Server thread/INFO] (Minecraft) [STDOUT]: LEN: 4
[00:50:16] [Server thread/INFO] (Minecraft) [STDOUT]: [1.0, 1.0, 2.0, 1.0]
[00:50:16] [Server thread/INFO] (Minecraft) [STDOUT]: Sending Info now
[00:50:16] [Server thread/INFO] (Minecraft) [STDOUT]: LEN: 4
[00:50:16] [Server thread/INFO] (Minecraft) [STDOUT]: [1.0, 1.0, 2.0, 1.0]
[00:50:16] [Server thread/INFO] (Minecraft) [STDOUT]: Sending Info now
[00:50:16] [Server thread/INFO] (Minecraft) [STDOUT]: LEN: 4
[00:50:16] [Server thread/INFO] (Minecraft) [STDOUT]: [1.0, 1.0, 2.0, 1.0]
[00:50:16] [Server thread/INFO] (Minecraft) [STDOUT]: Sending Info now
[00:50:16] [Server thread/INFO] (Minecraft) [STDOUT]: LEN: 4
[00:50:16] [Server thread/INFO] (Minecraft) [STDOUT]: [1.0, 1.0, 2.0, 1.0]
[00:50:16] [Server thread/INFO] (Minecraft) [STDOUT]: Sending Info now
[00:50:16] [Server thread/INFO] (Minecraft) [STDOUT]: LEN: 4
[00:50:16] [Server thread/INFO] (Minecraft) [STDOUT]: [1.0, 1.0, 2.0, 1.0]
[00:50:16] [Server thread/INFO] (Minecraft) [STDOUT]: Sending Info now
[00:50:16] [Server thread/INFO] (Minecraft) [STDOUT]: LEN: 4
[00:50:16] [Server thread/INFO] (Minecraft) [STDOUT]: [1.0, 1.0, 2.0, 1.0]
[00:50:17] [Server thread/INFO] (Minecraft) [STDOUT]: Sending Info now
[00:50:17] [Server thread/INFO] (Minecraft) [STDOUT]: LEN: 4
[00:50:17] [Server thread/INFO] (Minecraft) [STDOUT]: [1.0, 1.0, 2.0, 1.0]
[00:50:17] [Server thread/INFO] (Minecraft) [STDOUT]: Sending Info now
[00:50:17] [Server thread/INFO] (Minecraft) [STDOUT]: LEN: 4
[00:50:17] [Server thread/INFO] (Minecraft) [STDOUT]: [1.0, 1.0, 2.0, 1.0]
[00:50:17] [Server thread/INFO] (Minecraft) [STDOUT]: Sending Info now
[00:50:17] [Server thread/INFO] (Minecraft) [STDOUT]: LEN: 4
[00:50:17] [Server thread/INFO] (Minecraft) [STDOUT]: [1.0, 1.0, 2.0, 1.0]
[00:50:17] [Server thread/INFO] (Minecraft) [STDOUT]: Sending Info now
[00:50:17] [Server thread/INFO] (Minecraft) [STDOUT]: LEN: 4
[00:50:17] [Server thread/INFO] (Minecraft) [STDOUT]: [1.0, 1.0, 2.0, 1.0]
[00:50:17] [Server thread/INFO] (Minecraft) [STDOUT]: Sending Info now
[00:50:17] [Server thread/INFO] (Minecraft) [STDOUT]: LEN: 4
[00:50:17] [Server thread/INFO] (Minecraft) [STDOUT]: [1.0, 1.0, 2.0, 1.0]
[00:50:17] [Server thread/INFO] (Minecraft) [STDOUT]: Sending Info now
[00:50:17] [Server thread/INFO] (Minecraft) [STDOUT]: LEN: 4
[00:50:17] [Server thread/INFO] (Minecraft) [STDOUT]: [1.0, 1.0, 2.0, 1.0]
[00:50:17] [Server thread/INFO] (Minecraft) [STDOUT]: Sending Info now
[00:50:17] [Server thread/INFO] (Minecraft) [STDOUT]: LEN: 4
[00:50:17] [Server thread/INFO] (Minecraft) [STDOUT]: [1.0, 1.0, 2.0, 1.0]
[00:50:17] [Server thread/INFO] (Minecraft) [STDOUT]: Sending Info now
[00:50:17] [Server thread/INFO] (Minecraft) [STDOUT]: LEN: 4
[00:50:17] [Server thread/INFO] (Minecraft) [STDOUT]: [1.0, 1.0, 2.0, 1.0]
[00:50:17] [Server thread/INFO] (Minecraft) [STDOUT]: Sending Info now
[00:50:17] [Server thread/INFO] (Minecraft) [STDOUT]: LEN: 4
[00:50:17] [Server thread/INFO] (Minecraft) [STDOUT]: [1.0, 1.0, 2.0, 1.0]
[00:50:17] [Server thread/INFO] (Minecraft) [STDOUT]: Sending Info now
[00:50:18] [Server thread/INFO] (Minecraft) [STDOUT]: LEN: 4
[00:50:18] [Server thread/INFO] (Minecraft) [STDOUT]: [1.0, 1.0, 2.0, 1.0]
[00:50:18] [Server thread/INFO] (Minecraft) [STDOUT]: Sending Info now
[00:50:18] [Server thread/INFO] (Minecraft) [STDOUT]: LEN: 4
[00:50:18] [Server thread/INFO] (Minecraft) [STDOUT]: [1.0, 1.0, 2.0, 1.0]
[00:50:18] [Server thread/INFO] (Minecraft) [STDOUT]: Sending Info now
[00:50:18] [Server thread/INFO] (Minecraft) [STDOUT]: LEN: 4
[00:50:18] [Server thread/INFO] (Minecraft) [STDOUT]: [1.0, 1.0, 2.0, 1.0]
[00:50:18] [Server thread/INFO] (Minecraft) [STDOUT]: Sending Info now
[00:50:18] [Server thread/INFO] (Minecraft) [STDOUT]: LEN: 4
[00:50:18] [Server thread/INFO] (Minecraft) [STDOUT]: [1.0, 1.0, 2.0, 1.0]
[00:50:18] [Server thread/INFO] (Minecraft) [Player927: Set own game mode to Creative Mode]
[00:50:18] [Render thread/INFO] (Minecraft) [System] [CHAT] Set own game mode to Creative Mode
[00:50:18] [Server thread/INFO] (Minecraft) [STDOUT]: Sending Info now
[00:50:18] [Server thread/INFO] (Minecraft) [STDOUT]: LEN: 4
[00:50:18] [Server thread/INFO] (Minecraft) [STDOUT]: [1.0, 1.0, 2.0, 1.0]
[00:50:18] [Server thread/INFO] (Minecraft) [STDOUT]: Sending Info now
[00:50:18] [Server thread/INFO] (Minecraft) [STDOUT]: LEN: 4
[00:50:18] [Server thread/INFO] (Minecraft) [STDOUT]: [1.0, 1.0, 2.0, 1.0]
[00:50:18] [Server thread/INFO] (Minecraft) [STDOUT]: Sending Info now
[00:50:18] [Server thread/INFO] (Minecraft) [STDOUT]: LEN: 4
[00:50:18] [Server thread/INFO] (Minecraft) [STDOUT]: [1.0, 1.0, 2.0, 1.0]
[00:50:18] [Server thread/INFO] (Minecraft) [STDOUT]: Sending Info now
[00:50:18] [Server thread/INFO] (Minecraft) [STDOUT]: LEN: 4
[00:50:18] [Server thread/INFO] (Minecraft) [STDOUT]: [1.0, 1.0, 2.0, 1.0]
[00:50:18] [Server thread/INFO] (Minecraft) [STDOUT]: Sending Info now
[00:50:18] [Server thread/INFO] (Minecraft) [STDOUT]: LEN: 4
[00:50:18] [Server thread/INFO] (Minecraft) [STDOUT]: [1.0, 1.0, 2.0, 1.0]
[00:50:18] [Server thread/INFO] (Minecraft) [STDOUT]: Sending Info now
[00:50:18] [Server thread/INFO] (Minecraft) [STDOUT]: LEN: 4
[00:50:18] [Server thread/INFO] (Minecraft) [STDOUT]: [1.0, 1.0, 2.0, 1.0]
[00:50:18] [Server thread/INFO] (Minecraft) [STDOUT]: Sending Info now
[00:50:18] [Server thread/INFO] (Minecraft) [STDOUT]: LEN: 4
[00:50:18] [Server thread/INFO] (Minecraft) [STDOUT]: [1.0, 1.0, 2.0, 1.0]
[00:50:19] [Server thread/INFO] (Minecraft) [STDOUT]: Sending Info now
[00:50:19] [Server thread/INFO] (Minecraft) [STDOUT]: LEN: 4
[00:50:19] [Server thread/INFO] (Minecraft) [STDOUT]: [1.0, 1.0, 2.0, 1.0]
[00:50:19] [Server thread/INFO] (Minecraft) [STDOUT]: Sending Info now
[00:50:19] [Server thread/INFO] (Minecraft) [STDOUT]: LEN: 4
[00:50:19] [Server thread/INFO] (Minecraft) [STDOUT]: [1.0, 1.0, 2.0, 1.0]
[00:50:19] [Server thread/INFO] (Minecraft) [STDOUT]: Sending Info now
[00:50:19] [Server thread/INFO] (Minecraft) [STDOUT]: LEN: 4
[00:50:19] [Server thread/INFO] (Minecraft) [STDOUT]: [1.0, 1.0, 2.0, 1.0]
[00:50:19] [Server thread/INFO] (Minecraft) [STDOUT]: Sending Info now
[00:50:19] [Server thread/INFO] (Minecraft) [STDOUT]: LEN: 4
[00:50:19] [Server thread/INFO] (Minecraft) [STDOUT]: [1.0, 1.0, 2.0, 1.0]
[00:50:19] [Server thread/INFO] (Minecraft) [STDOUT]: Sending Info now
[00:50:19] [Server thread/INFO] (Minecraft) [STDOUT]: LEN: 4
[00:50:19] [Server thread/INFO] (Minecraft) [STDOUT]: [1.0, 1.0, 2.0, 1.0]
[00:50:19] [Server thread/INFO] (Minecraft) [STDOUT]: Sending Info now
[00:50:19] [Server thread/INFO] (Minecraft) [STDOUT]: LEN: 4
[00:50:19] [Server thread/INFO] (Minecraft) [STDOUT]: [1.0, 1.0, 2.0, 1.0]
[00:50:19] [Server thread/INFO] (Minecraft) [STDOUT]: Sending Info now
[00:50:19] [Server thread/INFO] (Minecraft) [STDOUT]: LEN: 4
[00:50:19] [Server thread/INFO] (Minecraft) [STDOUT]: [1.0, 1.0, 2.0, 1.0]
[00:50:19] [Server thread/INFO] (Minecraft) [STDOUT]: Sending Info now
[00:50:19] [Server thread/INFO] (Minecraft) [STDOUT]: LEN: 4
[00:50:19] [Server thread/INFO] (Minecraft) [STDOUT]: [1.0, 1.0, 2.0, 1.0]
[00:50:19] [Server thread/INFO] (Minecraft) [STDOUT]: Sending Info now
[00:50:19] [Server thread/INFO] (Minecraft) [STDOUT]: LEN: 4
[00:50:19] [Server thread/INFO] (Minecraft) [STDOUT]: [1.0, 1.0, 2.0, 1.0]
[00:50:19] [Server thread/INFO] (Minecraft) [STDOUT]: Sending Info now
[00:50:19] [Server thread/INFO] (Minecraft) [STDOUT]: LEN: 4
[00:50:19] [Server thread/INFO] (Minecraft) [STDOUT]: [1.0, 1.0, 2.0, 1.0]
[00:50:20] [Server thread/INFO] (Minecraft) [STDOUT]: Sending Info now
[00:50:20] [Server thread/INFO] (Minecraft) [STDOUT]: LEN: 4
[00:50:20] [Server thread/INFO] (Minecraft) [STDOUT]: [1.0, 1.0, 2.0, 1.0]
[00:50:20] [Server thread/INFO] (Minecraft) [STDOUT]: Sending Info now
[00:50:20] [Server thread/INFO] (Minecraft) [STDOUT]: LEN: 4
[00:50:20] [Server thread/INFO] (Minecraft) [STDOUT]: [1.0, 1.0, 2.0, 1.0]
[00:50:20] [Server thread/INFO] (Minecraft) [STDOUT]: Sending Info now
[00:50:20] [Server thread/INFO] (Minecraft) [STDOUT]: LEN: 4
[00:50:20] [Server thread/INFO] (Minecraft) [STDOUT]: [1.0, 1.0, 2.0, 1.0]
[00:50:20] [Server thread/INFO] (Minecraft) [STDOUT]: Sending Info now
[00:50:20] [Server thread/INFO] (Minecraft) [STDOUT]: LEN: 4
[00:50:20] [Server thread/INFO] (Minecraft) [STDOUT]: [1.0, 1.0, 2.0, 1.0]
[00:50:20] [Server thread/INFO] (Minecraft) [STDOUT]: Sending Info now
[00:50:20] [Server thread/INFO] (Minecraft) [STDOUT]: LEN: 4
[00:50:20] [Server thread/INFO] (Minecraft) [STDOUT]: [1.0, 1.0, 2.0, 1.0]
[00:50:20] [Server thread/INFO] (Minecraft) [STDOUT]: Sending Info now
[00:50:20] [Server thread/INFO] (Minecraft) [STDOUT]: LEN: 4
[00:50:20] [Server thread/INFO] (Minecraft) [STDOUT]: [1.0, 1.0, 2.0, 1.0]
[00:50:20] [Server thread/INFO] (Minecraft) [STDOUT]: Sending Info now
[00:50:20] [Server thread/INFO] (Minecraft) [STDOUT]: LEN: 4
[00:50:20] [Server thread/INFO] (Minecraft) [STDOUT]: [1.0, 1.0, 2.0, 1.0]
[00:50:20] [Server thread/INFO] (Minecraft) [STDOUT]: Sending Info now
[00:50:20] [Server thread/INFO] (Minecraft) [STDOUT]: LEN: 4
[00:50:20] [Server thread/INFO] (Minecraft) [STDOUT]: [1.0, 1.0, 2.0, 1.0]
[00:50:20] [Server thread/INFO] (Minecraft) [STDOUT]: Sending Info now
[00:50:20] [Server thread/INFO] (Minecraft) [STDOUT]: LEN: 4
[00:50:20] [Server thread/INFO] (Minecraft) [STDOUT]: [1.0, 1.0, 2.0, 1.0]
[00:50:20] [Server thread/INFO] (Minecraft) [STDOUT]: Sending Info now
[00:50:21] [Server thread/INFO] (Minecraft) [STDOUT]: LEN: 4
[00:50:21] [Server thread/INFO] (Minecraft) [STDOUT]: [1.0, 1.0, 2.0, 1.0]
[00:50:21] [Server thread/INFO] (Minecraft) [STDOUT]: Sending Info now
[00:50:21] [Server thread/INFO] (Minecraft) [STDOUT]: LEN: 4
[00:50:21] [Server thread/INFO] (Minecraft) [STDOUT]: [1.0, 1.0, 2.0, 1.0]
[00:50:21] [Server thread/INFO] (Minecraft) [STDOUT]: Sending Info now
[00:50:21] [Server thread/INFO] (Minecraft) [STDOUT]: LEN: 4
[00:50:21] [Server thread/INFO] (Minecraft) [STDOUT]: [1.0, 1.0, 2.0, 1.0]
[00:50:21] [Server thread/INFO] (Minecraft) [STDOUT]: Sending Info now
[00:50:21] [Server thread/INFO] (Minecraft) [STDOUT]: LEN: 4
[00:50:21] [Server thread/INFO] (Minecraft) [STDOUT]: [1.0, 1.0, 2.0, 1.0]
[00:50:21] [Server thread/INFO] (Minecraft) [STDOUT]: Sending Info now
[00:50:21] [Server thread/INFO] (Minecraft) [STDOUT]: LEN: 4
[00:50:21] [Server thread/INFO] (Minecraft) [STDOUT]: [1.0, 1.0, 2.0, 1.0]
[00:50:21] [Server thread/INFO] (Minecraft) [STDOUT]: Sending Info now
[00:50:21] [Server thread/INFO] (Minecraft) [STDOUT]: LEN: 4
[00:50:21] [Server thread/INFO] (Minecraft) [STDOUT]: [1.0, 1.0, 2.0, 1.0]
[00:50:21] [Server thread/INFO] (Minecraft) [STDOUT]: Sending Info now
[00:50:21] [Server thread/INFO] (Minecraft) [STDOUT]: LEN: 4
[00:50:21] [Server thread/INFO] (Minecraft) [STDOUT]: [1.0, 1.0, 2.0, 1.0]
[00:50:21] [Server thread/INFO] (Minecraft) [STDOUT]: Sending Info now
[00:50:21] [Server thread/INFO] (Minecraft) [STDOUT]: LEN: 4
[00:50:21] [Server thread/INFO] (Minecraft) [STDOUT]: [1.0, 1.0, 2.0, 1.0]
[00:50:21] [Server thread/INFO] (Minecraft) [STDOUT]: Sending Info now
[00:50:21] [Server thread/INFO] (Minecraft) [STDOUT]: LEN: 4
[00:50:21] [Server thread/INFO] (Minecraft) [STDOUT]: [1.0, 1.0, 2.0, 1.0]
[00:50:21] [Server thread/INFO] (Minecraft) [STDOUT]: Sending Info now
[00:50:21] [Server thread/INFO] (Minecraft) [STDOUT]: LEN: 4
[00:50:21] [Server thread/INFO] (Minecraft) [STDOUT]: [1.0, 1.0, 2.0, 1.0]
[00:50:21] [Server thread/INFO] (Minecraft) [STDOUT]: Sending Info now
[00:50:21] [Server thread/INFO] (Minecraft) [STDOUT]: LEN: 4
[00:50:21] [Server thread/INFO] (Minecraft) [STDOUT]: [1.0, 1.0, 2.0, 1.0]
[00:50:22] [Server thread/INFO] (Minecraft) [STDOUT]: Sending Info now
[00:50:22] [Server thread/INFO] (Minecraft) [STDOUT]: LEN: 4
[00:50:22] [Server thread/INFO] (Minecraft) [STDOUT]: [1.0, 1.0, 2.0, 1.0]
[00:50:22] [Server thread/INFO] (Minecraft) [STDOUT]: Sending Info now
[00:50:22] [Server thread/INFO] (Minecraft) [STDOUT]: LEN: 4
[00:50:22] [Server thread/INFO] (Minecraft) [STDOUT]: [1.0, 1.0, 2.0, 1.0]
[00:50:22] [Server thread/INFO] (Minecraft) [STDOUT]: Sending Info now
[00:50:22] [Server thread/INFO] (Minecraft) [STDOUT]: LEN: 4
[00:50:22] [Server thread/INFO] (Minecraft) [STDOUT]: [1.0, 1.0, 2.0, 1.0]
[00:50:22] [Server thread/INFO] (Minecraft) [STDOUT]: Sending Info now
[00:50:22] [Server thread/INFO] (Minecraft) [STDOUT]: LEN: 4
[00:50:22] [Server thread/INFO] (Minecraft) [STDOUT]: [1.0, 1.0, 2.0, 1.0]
[00:50:22] [Server thread/INFO] (Minecraft) [STDOUT]: Sending Info now
[00:50:22] [Server thread/INFO] (Minecraft) [STDOUT]: LEN: 4
[00:50:22] [Server thread/INFO] (Minecraft) [STDOUT]: [1.0, 1.0, 2.0, 1.0]
[00:50:22] [Server thread/INFO] (Minecraft) [STDOUT]: Sending Info now
[00:50:22] [Server thread/INFO] (Minecraft) [STDOUT]: LEN: 4
[00:50:22] [Server thread/INFO] (Minecraft) [STDOUT]: [1.0, 1.0, 2.0, 1.0]
[00:50:22] [Server thread/INFO] (Minecraft) [STDOUT]: Sending Info now
[00:50:22] [Server thread/INFO] (Minecraft) [STDOUT]: LEN: 4
[00:50:22] [Server thread/INFO] (Minecraft) [STDOUT]: [1.0, 1.0, 2.0, 1.0]
[00:50:22] [Server thread/INFO] (Minecraft) [STDOUT]: Sending Info now
[00:50:22] [Server thread/INFO] (Minecraft) [STDOUT]: LEN: 4
[00:50:22] [Server thread/INFO] (Minecraft) [STDOUT]: [1.0, 1.0, 2.0, 1.0]
[00:50:22] [Server thread/INFO] (Minecraft) [STDOUT]: Sending Info now
[00:50:22] [Server thread/INFO] (Minecraft) [STDOUT]: LEN: 4
[00:50:22] [Server thread/INFO] (Minecraft) [STDOUT]: [1.0, 1.0, 2.0, 1.0]
[00:50:22] [Server thread/INFO] (Minecraft) [STDOUT]: Sending Info now
[00:50:22] [Server thread/INFO] (Minecraft) [STDOUT]: LEN: 4
[00:50:22] [Server thread/INFO] (Minecraft) [STDOUT]: [1.0, 1.0, 2.0, 1.0]
[00:50:23] [Server thread/INFO] (Minecraft) [STDOUT]: Sending Info now
[00:50:23] [Server thread/INFO] (Minecraft) [STDOUT]: LEN: 4
[00:50:23] [Server thread/INFO] (Minecraft) [STDOUT]: [1.0, 1.0, 2.0, 1.0]
[00:50:23] [Server thread/INFO] (Minecraft) [STDOUT]: Sending Info now
[00:50:23] [Server thread/INFO] (Minecraft) [STDOUT]: LEN: 4
[00:50:23] [Server thread/INFO] (Minecraft) [STDOUT]: [1.0, 1.0, 2.0, 1.0]
[00:50:23] [Server thread/INFO] (Minecraft) [STDOUT]: Sending Info now
[00:50:23] [Server thread/INFO] (Minecraft) [STDOUT]: LEN: 4
[00:50:23] [Server thread/INFO] (Minecraft) [STDOUT]: [1.0, 1.0, 2.0, 1.0]
[00:50:23] [Server thread/INFO] (Minecraft) [STDOUT]: Sending Info now
[00:50:23] [Server thread/INFO] (Minecraft) [STDOUT]: LEN: 4
[00:50:23] [Server thread/INFO] (Minecraft) [STDOUT]: [1.0, 1.0, 2.0, 1.0]
[00:50:23] [Server thread/INFO] (Minecraft) [STDOUT]: Sending Info now
[00:50:23] [Server thread/INFO] (Minecraft) [STDOUT]: LEN: 4
[00:50:23] [Server thread/INFO] (Minecraft) [STDOUT]: [1.0, 1.0, 2.0, 1.0]
[00:50:23] [Server thread/INFO] (Minecraft) [STDOUT]: Sending Info now
[00:50:23] [Server thread/INFO] (Minecraft) [STDOUT]: LEN: 4
[00:50:23] [Server thread/INFO] (Minecraft) [STDOUT]: [1.0, 1.0, 2.0, 1.0]
[00:50:23] [Server thread/INFO] (Minecraft) [STDOUT]: Sending Info now
[00:50:23] [Server thread/INFO] (Minecraft) [STDOUT]: LEN: 4
[00:50:23] [Server thread/INFO] (Minecraft) [STDOUT]: [1.0, 1.0, 2.0, 1.0]
[00:50:23] [Server thread/INFO] (Minecraft) [STDOUT]: Sending Info now
[00:50:23] [Server thread/INFO] (Minecraft) [STDOUT]: LEN: 4
[00:50:23] [Server thread/INFO] (Minecraft) [STDOUT]: [1.0, 1.0, 2.0, 1.0]
[00:50:23] [Server thread/INFO] (Minecraft) [STDOUT]: Sending Info now
[00:50:23] [Server thread/INFO] (Minecraft) [STDOUT]: LEN: 4
[00:50:23] [Server thread/INFO] (Minecraft) [STDOUT]: [1.0, 1.0, 2.0, 1.0]
[00:50:23] [Server thread/INFO] (Minecraft) [STDOUT]: Sending Info now
[00:50:23] [Server thread/INFO] (Minecraft) [STDOUT]: LEN: 4
[00:50:23] [Server thread/INFO] (Minecraft) [STDOUT]: [1.0, 1.0, 2.0, 1.0]
[00:50:24] [Server thread/INFO] (Minecraft) [STDOUT]: Sending Info now
[00:50:24] [Server thread/INFO] (Minecraft) [STDOUT]: LEN: 4
[00:50:24] [Server thread/INFO] (Minecraft) [STDOUT]: [1.0, 1.0, 2.0, 1.0]
[00:50:24] [Server thread/INFO] (Minecraft) [STDOUT]: Sending Info now
[00:50:24] [Server thread/INFO] (Minecraft) [STDOUT]: LEN: 4
[00:50:24] [Server thread/INFO] (Minecraft) [STDOUT]: [1.0, 1.0, 2.0, 1.0]
[00:50:24] [Server thread/INFO] (Minecraft) [STDOUT]: Sending Info now
[00:50:24] [Server thread/INFO] (Minecraft) [STDOUT]: LEN: 4
[00:50:24] [Server thread/INFO] (Minecraft) [STDOUT]: [1.0, 1.0, 2.0, 1.0]
[00:50:24] [Server thread/INFO] (Minecraft) [STDOUT]: Sending Info now
[00:50:24] [Server thread/INFO] (Minecraft) [STDOUT]: LEN: 4
[00:50:24] [Server thread/INFO] (Minecraft) [STDOUT]: [1.0, 1.0, 2.0, 1.0]
[00:50:24] [Server thread/INFO] (Minecraft) [STDOUT]: Sending Info now
[00:50:24] [Server thread/INFO] (Minecraft) [STDOUT]: LEN: 4
[00:50:24] [Server thread/INFO] (Minecraft) [STDOUT]: [1.0, 1.0, 2.0, 1.0]
[00:50:24] [Server thread/INFO] (Minecraft) [STDOUT]: Sending Info now
[00:50:24] [Server thread/INFO] (Minecraft) [STDOUT]: LEN: 4
[00:50:24] [Server thread/INFO] (Minecraft) [STDOUT]: [1.0, 1.0, 2.0, 1.0]
[00:50:24] [Server thread/INFO] (Minecraft) [STDOUT]: Sending Info now
[00:50:24] [Server thread/INFO] (Minecraft) [STDOUT]: LEN: 4
[00:50:24] [Server thread/INFO] (Minecraft) [STDOUT]: [1.0, 1.0, 2.0, 1.0]
[00:50:24] [Server thread/INFO] (Minecraft) [STDOUT]: Sending Info now
[00:50:24] [Server thread/INFO] (Minecraft) [STDOUT]: LEN: 4
[00:50:24] [Server thread/INFO] (Minecraft) [STDOUT]: [1.0, 1.0, 2.0, 1.0]
[00:50:24] [Server thread/INFO] (Minecraft) [STDOUT]: Sending Info now
[00:50:24] [Server thread/INFO] (Minecraft) [STDOUT]: LEN: 4
[00:50:24] [Server thread/INFO] (Minecraft) [STDOUT]: [1.0, 1.0, 2.0, 1.0]
[00:50:24] [Server thread/INFO] (Minecraft) [STDOUT]: Sending Info now
[00:50:24] [Server thread/INFO] (Minecraft) [STDOUT]: LEN: 4
[00:50:24] [Server thread/INFO] (Minecraft) [STDOUT]: [1.0, 1.0, 2.0, 1.0]
[00:50:25] [Server thread/INFO] (Minecraft) [STDOUT]: Sending Info now
[00:50:25] [Server thread/INFO] (Minecraft) [STDOUT]: LEN: 4
[00:50:25] [Server thread/INFO] (Minecraft) [STDOUT]: [1.0, 1.0, 2.0, 1.0]
[00:50:25] [Server thread/INFO] (Minecraft) [STDOUT]: Sending Info now
[00:50:25] [Server thread/INFO] (Minecraft) [STDOUT]: LEN: 4
[00:50:25] [Server thread/INFO] (Minecraft) [STDOUT]: [1.0, 1.0, 2.0, 1.0]
[00:50:25] [Server thread/INFO] (Minecraft) [STDOUT]: Sending Info now
[00:50:25] [Server thread/INFO] (Minecraft) [STDOUT]: LEN: 4
[00:50:25] [Server thread/INFO] (Minecraft) [STDOUT]: [1.0, 1.0, 2.0, 1.0]
[00:50:25] [Server thread/INFO] (Minecraft) [STDOUT]: Sending Info now
[00:50:25] [Server thread/INFO] (Minecraft) [STDOUT]: LEN: 4
[00:50:25] [Server thread/INFO] (Minecraft) [STDOUT]: [1.0, 1.0, 2.0, 1.0]
[00:50:25] [Server thread/INFO] (Minecraft) [STDOUT]: Sending Info now
[00:50:25] [Server thread/INFO] (Minecraft) [STDOUT]: LEN: 4
[00:50:25] [Server thread/INFO] (Minecraft) [STDOUT]: [1.0, 1.0, 2.0, 1.0]
[00:50:25] [Server thread/INFO] (Minecraft) [STDOUT]: Sending Info now
[00:50:25] [Server thread/INFO] (Minecraft) [STDOUT]: LEN: 4
[00:50:25] [Server thread/INFO] (Minecraft) [STDOUT]: [1.0, 1.0, 2.0, 1.0]
[00:50:25] [Server thread/INFO] (Minecraft) [STDOUT]: Sending Info now
[00:50:25] [Server thread/INFO] (Minecraft) [STDOUT]: LEN: 4
[00:50:25] [Server thread/INFO] (Minecraft) [STDOUT]: [1.0, 1.0, 2.0, 1.0]
[00:50:25] [Server thread/INFO] (Minecraft) [STDOUT]: Sending Info now
[00:50:25] [Server thread/INFO] (Minecraft) [STDOUT]: LEN: 4
[00:50:25] [Server thread/INFO] (Minecraft) [STDOUT]: [1.0, 1.0, 2.0, 1.0]
[00:50:25] [Server thread/INFO] (Minecraft) [STDOUT]: Sending Info now
[00:50:25] [Server thread/INFO] (Minecraft) [STDOUT]: LEN: 4
[00:50:25] [Server thread/INFO] (Minecraft) [STDOUT]: [1.0, 1.0, 2.0, 1.0]
[00:50:25] [Server thread/INFO] (Minecraft) [STDOUT]: Sending Info now
[00:50:25] [Server thread/INFO] (Minecraft) [STDOUT]: LEN: 4
[00:50:25] [Server thread/INFO] (Minecraft) [STDOUT]: [1.0, 1.0, 2.0, 1.0]
[00:50:26] [Server thread/INFO] (Minecraft) [STDOUT]: Sending Info now
[00:50:26] [Server thread/INFO] (Minecraft) [STDOUT]: LEN: 4
[00:50:26] [Server thread/INFO] (Minecraft) [STDOUT]: [1.0, 1.0, 2.0, 1.0]
[00:50:26] [Server thread/INFO] (Minecraft) [STDOUT]: Sending Info now
[00:50:26] [Server thread/INFO] (Minecraft) [STDOUT]: LEN: 4
[00:50:26] [Server thread/INFO] (Minecraft) [STDOUT]: [1.0, 1.0, 2.0, 1.0]
[00:50:26] [Server thread/INFO] (Minecraft) [STDOUT]: Sending Info now
[00:50:26] [Server thread/INFO] (Minecraft) [STDOUT]: LEN: 4
[00:50:26] [Server thread/INFO] (Minecraft) [STDOUT]: [1.0, 1.0, 2.0, 1.0]
[00:50:26] [Server thread/INFO] (Minecraft) [STDOUT]: Sending Info now
[00:50:26] [Server thread/INFO] (Minecraft) [STDOUT]: LEN: 4
[00:50:26] [Server thread/INFO] (Minecraft) [STDOUT]: [1.0, 1.0, 2.0, 1.0]
[00:50:26] [Server thread/INFO] (Minecraft) [STDOUT]: Sending Info now
[00:50:26] [Server thread/INFO] (Minecraft) [STDOUT]: LEN: 4
[00:50:26] [Server thread/INFO] (Minecraft) [STDOUT]: [1.0, 1.0, 2.0, 1.0]
[00:50:26] [Server thread/INFO] (Minecraft) [STDOUT]: Sending Info now
[00:50:26] [Server thread/INFO] (Minecraft) [STDOUT]: LEN: 4
[00:50:26] [Server thread/INFO] (Minecraft) [STDOUT]: [1.0, 1.0, 2.0, 1.0]
[00:50:26] [Server thread/INFO] (Minecraft) [STDOUT]: Sending Info now
[00:50:26] [Server thread/INFO] (Minecraft) [STDOUT]: LEN: 4
[00:50:26] [Server thread/INFO] (Minecraft) [STDOUT]: [1.0, 1.0, 2.0, 1.0]
[00:50:26] [Server thread/INFO] (Minecraft) [STDOUT]: Sending Info now
[00:50:26] [Server thread/INFO] (Minecraft) [STDOUT]: LEN: 4
[00:50:26] [Server thread/INFO] (Minecraft) [STDOUT]: [1.0, 1.0, 2.0, 1.0]
[00:50:26] [Server thread/INFO] (Minecraft) [STDOUT]: Sending Info now
[00:50:26] [Server thread/INFO] (Minecraft) [STDOUT]: LEN: 4
[00:50:26] [Server thread/INFO] (Minecraft) [STDOUT]: [1.0, 1.0, 2.0, 1.0]
[00:50:26] [Server thread/INFO] (Minecraft) [STDOUT]: Sending Info now
[00:50:27] [Server thread/INFO] (Minecraft) [STDOUT]: LEN: 4
[00:50:27] [Server thread/INFO] (Minecraft) [STDOUT]: [1.0, 1.0, 2.0, 1.0]
[00:50:27] [Server thread/INFO] (Minecraft) [STDOUT]: Sending Info now
[00:50:27] [Server thread/INFO] (Minecraft) [STDOUT]: LEN: 4
[00:50:27] [Server thread/INFO] (Minecraft) [STDOUT]: [1.0, 1.0, 2.0, 1.0]
[00:50:27] [Server thread/INFO] (Minecraft) [STDOUT]: Sending Info now
[00:50:27] [Server thread/INFO] (Minecraft) [STDOUT]: LEN: 4
[00:50:27] [Server thread/INFO] (Minecraft) [STDOUT]: [1.0, 1.0, 2.0, 1.0]
[00:50:27] [Server thread/INFO] (Minecraft) [STDOUT]: Sending Info now
[00:50:27] [Server thread/INFO] (Minecraft) [STDOUT]: LEN: 4
[00:50:27] [Server thread/INFO] (Minecraft) [STDOUT]: [1.0, 1.0, 2.0, 1.0]
[00:50:27] [Server thread/INFO] (Minecraft) [STDOUT]: Sending Info now
[00:50:27] [Server thread/INFO] (Minecraft) [STDOUT]: LEN: 4
[00:50:27] [Server thread/INFO] (Minecraft) [STDOUT]: [1.0, 1.0, 2.0, 1.0]
[00:50:27] [Server thread/INFO] (Minecraft) [STDOUT]: Sending Info now
[00:50:27] [Server thread/INFO] (Minecraft) [STDOUT]: LEN: 4
[00:50:27] [Server thread/INFO] (Minecraft) [STDOUT]: [1.0, 1.0, 2.0, 1.0]
[00:50:27] [Server thread/INFO] (Minecraft) [STDOUT]: Sending Info now
[00:50:27] [Server thread/INFO] (Minecraft) [STDOUT]: LEN: 4
[00:50:27] [Server thread/INFO] (Minecraft) [STDOUT]: [1.0, 1.0, 2.0, 1.0]
[00:50:27] [Server thread/INFO] (Minecraft) [STDOUT]: Sending Info now
[00:50:27] [Server thread/INFO] (Minecraft) [STDOUT]: LEN: 4
[00:50:27] [Server thread/INFO] (Minecraft) [STDOUT]: [1.0, 1.0, 2.0, 1.0]
[00:50:27] [Server thread/INFO] (Minecraft) [STDOUT]: Sending Info now
[00:50:27] [Server thread/INFO] (Minecraft) [STDOUT]: LEN: 4
[00:50:27] [Server thread/INFO] (Minecraft) [STDOUT]: [1.0, 1.0, 2.0, 1.0]
[00:50:27] [Server thread/INFO] (Minecraft) [STDOUT]: Sending Info now
[00:50:27] [Server thread/INFO] (Minecraft) [STDOUT]: LEN: 4
[00:50:27] [Server thread/INFO] (Minecraft) [STDOUT]: [1.0, 1.0, 2.0, 1.0]
[00:50:27] [Server thread/INFO] (Minecraft) [STDOUT]: Sending Info now
[00:50:27] [Server thread/INFO] (Minecraft) [STDOUT]: LEN: 4
[00:50:27] [Server thread/INFO] (Minecraft) [STDOUT]: [1.0, 1.0, 2.0, 1.0]
[00:50:28] [Server thread/INFO] (Minecraft) [STDOUT]: Sending Info now
[00:50:28] [Server thread/INFO] (Minecraft) [STDOUT]: LEN: 4
[00:50:28] [Server thread/INFO] (Minecraft) [STDOUT]: [1.0, 1.0, 2.0, 1.0]
[00:50:28] [Server thread/INFO] (Minecraft) [STDOUT]: Sending Info now
[00:50:28] [Server thread/INFO] (Minecraft) [STDOUT]: LEN: 4
[00:50:28] [Server thread/INFO] (Minecraft) [STDOUT]: [1.0, 1.0, 2.0, 1.0]
[00:50:28] [Server thread/INFO] (Minecraft) [STDOUT]: Sending Info now
[00:50:28] [Server thread/INFO] (Minecraft) [STDOUT]: LEN: 4
[00:50:28] [Server thread/INFO] (Minecraft) [STDOUT]: [1.0, 1.0, 2.0, 1.0]
[00:50:28] [Server thread/INFO] (Minecraft) [STDOUT]: Sending Info now
[00:50:28] [Server thread/INFO] (Minecraft) [STDOUT]: LEN: 4
[00:50:28] [Server thread/INFO] (Minecraft) [STDOUT]: [1.0, 1.0, 2.0, 1.0]
[00:50:28] [Server thread/INFO] (Minecraft) [STDOUT]: Sending Info now
[00:50:28] [Server thread/INFO] (Minecraft) [STDOUT]: LEN: 4
[00:50:28] [Server thread/INFO] (Minecraft) [STDOUT]: [1.0, 1.0, 2.0, 1.0]
[00:50:28] [Server thread/INFO] (Minecraft) [STDOUT]: Sending Info now
[00:50:28] [Server thread/INFO] (Minecraft) [STDOUT]: LEN: 4
[00:50:28] [Server thread/INFO] (Minecraft) [STDOUT]: [1.0, 1.0, 2.0, 1.0]
[00:50:28] [Server thread/INFO] (Minecraft) [STDOUT]: Sending Info now
[00:50:28] [Server thread/INFO] (Minecraft) [STDOUT]: LEN: 4
[00:50:28] [Server thread/INFO] (Minecraft) [STDOUT]: [1.0, 1.0, 2.0, 1.0]
[00:50:28] [Server thread/INFO] (Minecraft) [STDOUT]: Sending Info now
[00:50:28] [Server thread/INFO] (Minecraft) [STDOUT]: LEN: 4
[00:50:28] [Server thread/INFO] (Minecraft) [STDOUT]: [1.0, 1.0, 2.0, 1.0]
[00:50:28] [Server thread/INFO] (Minecraft) [STDOUT]: Sending Info now
[00:50:28] [Server thread/INFO] (Minecraft) [STDOUT]: LEN: 4
[00:50:28] [Server thread/INFO] (Minecraft) [STDOUT]: [1.0, 1.0, 2.0, 1.0]
[00:50:28] [Server thread/INFO] (Minecraft) [STDOUT]: Sending Info now
[00:50:28] [Server thread/INFO] (Minecraft) [STDOUT]: LEN: 4
[00:50:28] [Server thread/INFO] (Minecraft) [STDOUT]: [1.0, 1.0, 2.0, 1.0]
[00:50:29] [Server thread/INFO] (Minecraft) [STDOUT]: Sending Info now
[00:50:29] [Server thread/INFO] (Minecraft) [STDOUT]: LEN: 4
[00:50:29] [Server thread/INFO] (Minecraft) [STDOUT]: [1.0, 1.0, 2.0, 1.0]
[00:50:29] [Server thread/INFO] (Minecraft) [STDOUT]: Sending Info now
[00:50:29] [Server thread/INFO] (Minecraft) [STDOUT]: LEN: 4
[00:50:29] [Server thread/INFO] (Minecraft) [STDOUT]: [1.0, 1.0, 2.0, 1.0]
[00:50:29] [Server thread/INFO] (Minecraft) [STDOUT]: Sending Info now
[00:50:29] [Server thread/INFO] (Minecraft) [STDOUT]: LEN: 4
[00:50:29] [Server thread/INFO] (Minecraft) [STDOUT]: [1.0, 1.0, 2.0, 1.0]
[00:50:29] [Server thread/INFO] (Minecraft) [STDOUT]: Sending Info now
[00:50:29] [Server thread/INFO] (Minecraft) [Player927: Set the time to 13000]
[00:50:29] [Render thread/INFO] (Minecraft) [System] [CHAT] Set the time to 13000
[00:50:29] [Server thread/INFO] (Minecraft) [STDOUT]: LEN: 4
[00:50:29] [Server thread/INFO] (Minecraft) [STDOUT]: [1.0, 1.0, 2.0, 1.0]
[00:50:29] [Server thread/INFO] (Minecraft) [STDOUT]: Sending Info now
[00:50:29] [Server thread/INFO] (Minecraft) [STDOUT]: LEN: 4
[00:50:29] [Server thread/INFO] (Minecraft) [STDOUT]: [1.0, 1.0, 2.0, 1.0]
[00:50:29] [Server thread/INFO] (Minecraft) [STDOUT]: Sending Info now
[00:50:29] [Server thread/INFO] (Minecraft) [STDOUT]: LEN: 4
[00:50:29] [Server thread/INFO] (Minecraft) [STDOUT]: [1.0, 1.0, 2.0, 1.0]
[00:50:29] [Server thread/INFO] (Minecraft) [STDOUT]: Sending Info now
[00:50:29] [Server thread/INFO] (Minecraft) [STDOUT]: LEN: 4
[00:50:29] [Server thread/INFO] (Minecraft) [STDOUT]: [1.0, 1.0, 2.0, 1.0]
[00:50:29] [Server thread/INFO] (Minecraft) [STDOUT]: Sending Info now
[00:50:29] [Server thread/INFO] (Minecraft) [STDOUT]: LEN: 4
[00:50:29] [Server thread/INFO] (Minecraft) [STDOUT]: [1.0, 1.0, 2.0, 1.0]
[00:50:29] [Server thread/INFO] (Minecraft) [STDOUT]: Sending Info now
[00:50:29] [Server thread/INFO] (Minecraft) [STDOUT]: LEN: 4
[00:50:29] [Server thread/INFO] (Minecraft) [STDOUT]: [1.0, 1.0, 2.0, 1.0]
[00:50:29] [Server thread/INFO] (Minecraft) [STDOUT]: Sending Info now
[00:50:30] [Server thread/INFO] (Minecraft) [STDOUT]: LEN: 4
[00:50:30] [Server thread/INFO] (Minecraft) [STDOUT]: [1.0, 1.0, 2.0, 1.0]
[00:50:30] [Server thread/INFO] (Minecraft) [STDOUT]: Sending Info now
[00:50:30] [Server thread/INFO] (Minecraft) [STDOUT]: LEN: 4
[00:50:30] [Server thread/INFO] (Minecraft) [STDOUT]: [1.0, 1.0, 2.0, 1.0]
[00:50:30] [Server thread/INFO] (Minecraft) [STDOUT]: Sending Info now
[00:50:30] [Server thread/INFO] (Minecraft) [STDOUT]: LEN: 4
[00:50:30] [Server thread/INFO] (Minecraft) [STDOUT]: [1.0, 1.0, 2.0, 1.0]
[00:50:30] [Server thread/INFO] (Minecraft) [STDOUT]: Sending Info now
[00:50:30] [Server thread/INFO] (Minecraft) [STDOUT]: LEN: 4
[00:50:30] [Server thread/INFO] (Minecraft) [STDOUT]: [1.0, 1.0, 2.0, 1.0]
[00:50:30] [Server thread/INFO] (Minecraft) [STDOUT]: Sending Info now
[00:50:30] [Server thread/INFO] (Minecraft) [STDOUT]: LEN: 4
[00:50:30] [Server thread/INFO] (Minecraft) [STDOUT]: [1.0, 1.0, 2.0, 1.0]
[00:50:30] [Server thread/INFO] (Minecraft) [STDOUT]: Sending Info now
[00:50:30] [Server thread/INFO] (Minecraft) [STDOUT]: LEN: 4
[00:50:30] [Server thread/INFO] (Minecraft) [STDOUT]: [1.0, 1.0, 2.0, 1.0]
[00:50:30] [Server thread/INFO] (Minecraft) [STDOUT]: Sending Info now
[00:50:30] [Server thread/INFO] (Minecraft) [STDOUT]: LEN: 4
[00:50:30] [Server thread/INFO] (Minecraft) [STDOUT]: [1.0, 1.0, 2.0, 1.0]
[00:50:30] [Server thread/INFO] (Minecraft) [STDOUT]: Sending Info now
[00:50:30] [Server thread/INFO] (Minecraft) [STDOUT]: LEN: 4
[00:50:30] [Server thread/INFO] (Minecraft) [STDOUT]: [1.0, 1.0, 2.0, 1.0]
[00:50:30] [Server thread/INFO] (Minecraft) [STDOUT]: Sending Info now
[00:50:30] [Server thread/INFO] (Minecraft) [STDOUT]: LEN: 4
[00:50:30] [Server thread/INFO] (Minecraft) [STDOUT]: [1.0, 1.0, 2.0, 1.0]
[00:50:30] [Server thread/INFO] (Minecraft) [STDOUT]: Sending Info now
[00:50:30] [Server thread/INFO] (Minecraft) [STDOUT]: LEN: 4
[00:50:30] [Server thread/INFO] (Minecraft) [STDOUT]: [1.0, 1.0, 2.0, 1.0]
[00:50:30] [Server thread/INFO] (Minecraft) [STDOUT]: Sending Info now
[00:50:30] [Server thread/INFO] (Minecraft) [STDOUT]: LEN: 4
[00:50:30] [Server thread/INFO] (Minecraft) [STDOUT]: [1.0, 1.0, 2.0, 1.0]
[00:50:31] [Server thread/INFO] (Minecraft) [STDOUT]: Sending Info now
[00:50:31] [Server thread/INFO] (Minecraft) [STDOUT]: LEN: 4
[00:50:31] [Server thread/INFO] (Minecraft) [STDOUT]: [1.0, 1.0, 2.0, 1.0]
[00:50:31] [Server thread/INFO] (Minecraft) [STDOUT]: Sending Info now
[00:50:31] [Server thread/INFO] (Minecraft) [STDOUT]: LEN: 4
[00:50:31] [Server thread/INFO] (Minecraft) [STDOUT]: [1.0, 1.0, 2.0, 1.0]
[00:50:31] [Server thread/INFO] (Minecraft) [STDOUT]: Sending Info now
[00:50:31] [Server thread/INFO] (Minecraft) [STDOUT]: LEN: 4
[00:50:31] [Server thread/INFO] (Minecraft) [STDOUT]: [1.0, 1.0, 2.0, 1.0]
[00:50:31] [Server thread/INFO] (Minecraft) [STDOUT]: Sending Info now
[00:50:31] [Server thread/INFO] (Minecraft) [STDOUT]: LEN: 4
[00:50:31] [Server thread/INFO] (Minecraft) [STDOUT]: [1.0, 1.0, 2.0, 1.0]
[00:50:31] [Server thread/INFO] (Minecraft) [STDOUT]: Sending Info now
[00:50:31] [Server thread/INFO] (Minecraft) [STDOUT]: LEN: 4
[00:50:31] [Server thread/INFO] (Minecraft) [STDOUT]: [1.0, 1.0, 2.0, 1.0]
[00:50:31] [Server thread/INFO] (Minecraft) [STDOUT]: Sending Info now
[00:50:31] [Server thread/INFO] (Minecraft) [STDOUT]: LEN: 4
[00:50:31] [Server thread/INFO] (Minecraft) [STDOUT]: [1.0, 1.0, 2.0, 1.0]
[00:50:31] [Server thread/INFO] (Minecraft) [STDOUT]: Sending Info now
[00:50:31] [Server thread/INFO] (Minecraft) [STDOUT]: LEN: 4
[00:50:31] [Server thread/INFO] (Minecraft) [STDOUT]: [1.0, 1.0, 2.0, 1.0]
[00:50:31] [Server thread/INFO] (Minecraft) [STDOUT]: Sending Info now
[00:50:31] [Server thread/INFO] (Minecraft) [STDOUT]: LEN: 4
[00:50:31] [Server thread/INFO] (Minecraft) [STDOUT]: [1.0, 1.0, 2.0, 1.0]
[00:50:31] [Server thread/INFO] (Minecraft) [STDOUT]: Sending Info now
[00:50:31] [Server thread/INFO] (Minecraft) [STDOUT]: LEN: 4
[00:50:31] [Server thread/INFO] (Minecraft) [STDOUT]: [1.0, 1.0, 2.0, 1.0]
[00:50:31] [Server thread/INFO] (Minecraft) [STDOUT]: Sending Info now
[00:50:31] [Server thread/INFO] (Minecraft) [STDOUT]: LEN: 4
[00:50:31] [Server thread/INFO] (Minecraft) [STDOUT]: [1.0, 1.0, 2.0, 1.0]
[00:50:32] [Server thread/INFO] (Minecraft) [STDOUT]: Sending Info now
[00:50:32] [Server thread/INFO] (Minecraft) [STDOUT]: LEN: 4
[00:50:32] [Server thread/INFO] (Minecraft) [STDOUT]: [1.0, 1.0, 2.0, 1.0]
[00:50:32] [Server thread/INFO] (Minecraft) [STDOUT]: Sending Info now
[00:50:32] [Server thread/INFO] (Minecraft) [STDOUT]: LEN: 4
[00:50:32] [Server thread/INFO] (Minecraft) [STDOUT]: [1.0, 1.0, 2.0, 1.0]
[00:50:32] [Server thread/INFO] (Minecraft) [STDOUT]: Sending Info now
[00:50:32] [Server thread/INFO] (Minecraft) [STDOUT]: LEN: 4
[00:50:32] [Server thread/INFO] (Minecraft) [STDOUT]: [1.0, 1.0, 2.0, 1.0]
[00:50:32] [Server thread/INFO] (Minecraft) [STDOUT]: Sending Info now
[00:50:32] [Server thread/INFO] (Minecraft) [STDOUT]: LEN: 4
[00:50:32] [Server thread/INFO] (Minecraft) [STDOUT]: [1.0, 1.0, 2.0, 1.0]
[00:50:32] [Server thread/INFO] (Minecraft) [STDOUT]: Sending Info now
[00:50:32] [Server thread/INFO] (Minecraft) [STDOUT]: LEN: 4
[00:50:32] [Server thread/INFO] (Minecraft) [STDOUT]: [1.0, 1.0, 2.0, 1.0]
[00:50:32] [Server thread/INFO] (Minecraft) [STDOUT]: Sending Info now
[00:50:32] [Server thread/INFO] (Minecraft) [STDOUT]: LEN: 4
[00:50:32] [Server thread/INFO] (Minecraft) [STDOUT]: [1.0, 1.0, 2.0, 1.0]
[00:50:32] [Server thread/INFO] (Minecraft) [STDOUT]: Sending Info now
[00:50:32] [Server thread/INFO] (Minecraft) [STDOUT]: LEN: 4
[00:50:32] [Server thread/INFO] (Minecraft) [STDOUT]: [1.0, 1.0, 2.0, 1.0]
[00:50:32] [Server thread/INFO] (Minecraft) [STDOUT]: Sending Info now
[00:50:32] [Server thread/INFO] (Minecraft) [STDOUT]: LEN: 4
[00:50:32] [Server thread/INFO] (Minecraft) [STDOUT]: [1.0, 1.0, 2.0, 1.0]
[00:50:32] [Server thread/INFO] (Minecraft) [STDOUT]: Sending Info now
[00:50:32] [Server thread/INFO] (Minecraft) [STDOUT]: LEN: 4
[00:50:32] [Server thread/INFO] (Minecraft) [STDOUT]: [1.0, 1.0, 2.0, 1.0]
[00:50:32] [Server thread/INFO] (Minecraft) [STDOUT]: Sending Info now
[00:50:33] [Server thread/INFO] (Minecraft) [STDOUT]: LEN: 4
[00:50:33] [Server thread/INFO] (Minecraft) [STDOUT]: [1.0, 1.0, 2.0, 1.0]
[00:50:33] [Server thread/INFO] (Minecraft) [STDOUT]: Sending Info now
[00:50:33] [Server thread/INFO] (Minecraft) [STDOUT]: LEN: 4
[00:50:33] [Server thread/INFO] (Minecraft) [STDOUT]: [1.0, 1.0, 2.0, 1.0]
[00:50:33] [Server thread/INFO] (Minecraft) [STDOUT]: Sending Info now
[00:50:33] [Server thread/INFO] (Minecraft) [STDOUT]: LEN: 4
[00:50:33] [Server thread/INFO] (Minecraft) [STDOUT]: [1.0, 1.0, 2.0, 1.0]
[00:50:33] [Server thread/INFO] (Minecraft) [STDOUT]: Sending Info now
[00:50:33] [Server thread/INFO] (Minecraft) [STDOUT]: LEN: 4
[00:50:33] [Server thread/INFO] (Minecraft) [STDOUT]: [1.0, 1.0, 2.0, 1.0]
[00:50:33] [Server thread/INFO] (Minecraft) [STDOUT]: Sending Info now
[00:50:33] [Server thread/INFO] (Minecraft) [STDOUT]: LEN: 4
[00:50:33] [Server thread/INFO] (Minecraft) [STDOUT]: [1.0, 1.0, 2.0, 1.0]
[00:50:33] [Server thread/INFO] (Minecraft) [STDOUT]: Sending Info now
[00:50:33] [Server thread/INFO] (Minecraft) [STDOUT]: LEN: 4
[00:50:33] [Server thread/INFO] (Minecraft) [STDOUT]: [1.0, 1.0, 2.0, 1.0]
[00:50:33] [Server thread/INFO] (Minecraft) [STDOUT]: Sending Info now
[00:50:33] [Server thread/INFO] (Minecraft) [STDOUT]: LEN: 4
[00:50:33] [Server thread/INFO] (Minecraft) [STDOUT]: [1.0, 1.0, 2.0, 1.0]
[00:50:33] [Server thread/INFO] (Minecraft) [STDOUT]: Sending Info now
[00:50:33] [Server thread/INFO] (Minecraft) [STDOUT]: LEN: 4
[00:50:33] [Server thread/INFO] (Minecraft) [STDOUT]: [1.0, 1.0, 2.0, 1.0]
[00:50:33] [Server thread/INFO] (Minecraft) [STDOUT]: Sending Info now
[00:50:33] [Server thread/INFO] (Minecraft) [STDOUT]: LEN: 4
[00:50:33] [Server thread/INFO] (Minecraft) [STDOUT]: [1.0, 1.0, 2.0, 1.0]
[00:50:33] [Server thread/INFO] (Minecraft) [STDOUT]: Sending Info now
[00:50:33] [Server thread/INFO] (Minecraft) [STDOUT]: LEN: 4
[00:50:33] [Server thread/INFO] (Minecraft) [STDOUT]: [1.0, 1.0, 2.0, 1.0]
[00:50:33] [Server thread/INFO] (Minecraft) [STDOUT]: Sending Info now
[00:50:33] [Server thread/INFO] (Minecraft) [STDOUT]: LEN: 4
[00:50:33] [Server thread/INFO] (Minecraft) [STDOUT]: [1.0, 1.0, 2.0, 1.0]
[00:50:34] [Server thread/INFO] (Minecraft) [STDOUT]: Sending Info now
[00:50:34] [Server thread/INFO] (Minecraft) [STDOUT]: LEN: 4
[00:50:34] [Server thread/INFO] (Minecraft) [STDOUT]: [1.0, 1.0, 2.0, 1.0]
[00:50:34] [Server thread/INFO] (Minecraft) [STDOUT]: Sending Info now
[00:50:34] [Server thread/INFO] (Minecraft) [STDOUT]: LEN: 4
[00:50:34] [Server thread/INFO] (Minecraft) [STDOUT]: [1.0, 1.0, 2.0, 1.0]
[00:50:34] [Server thread/INFO] (Minecraft) [STDOUT]: Sending Info now
[00:50:34] [Server thread/INFO] (Minecraft) [STDOUT]: LEN: 4
[00:50:34] [Server thread/INFO] (Minecraft) [STDOUT]: [1.0, 1.0, 2.0, 1.0]
[00:50:34] [Server thread/INFO] (Minecraft) [STDOUT]: Sending Info now
[00:50:34] [Server thread/INFO] (Minecraft) [STDOUT]: LEN: 4
[00:50:34] [Server thread/INFO] (Minecraft) [STDOUT]: [1.0, 1.0, 2.0, 1.0]
[00:50:34] [Server thread/INFO] (Minecraft) [STDOUT]: Sending Info now
[00:50:34] [Server thread/INFO] (Minecraft) [STDOUT]: LEN: 4
[00:50:34] [Server thread/INFO] (Minecraft) [STDOUT]: [1.0, 1.0, 2.0, 1.0]
[00:50:34] [Server thread/INFO] (Minecraft) [STDOUT]: Sending Info now
[00:50:34] [Server thread/INFO] (Minecraft) [STDOUT]: LEN: 4
[00:50:34] [Server thread/INFO] (Minecraft) [STDOUT]: [1.0, 1.0, 2.0, 1.0]
[00:50:34] [Server thread/INFO] (Minecraft) [STDOUT]: Sending Info now
[00:50:34] [Server thread/INFO] (Minecraft) [STDOUT]: LEN: 4
[00:50:34] [Server thread/INFO] (Minecraft) [STDOUT]: [1.0, 1.0, 2.0, 1.0]
[00:50:34] [Server thread/INFO] (Minecraft) [STDOUT]: Sending Info now
[00:50:34] [Server thread/INFO] (Minecraft) [STDOUT]: LEN: 4
[00:50:34] [Server thread/INFO] (Minecraft) [STDOUT]: [1.0, 1.0, 2.0, 1.0]
[00:50:34] [Server thread/INFO] (Minecraft) [STDOUT]: Sending Info now
[00:50:34] [Server thread/INFO] (Minecraft) [STDOUT]: LEN: 4
[00:50:34] [Server thread/INFO] (Minecraft) [STDOUT]: [1.0, 1.0, 2.0, 1.0]
[00:50:34] [Server thread/INFO] (Minecraft) [STDOUT]: Sending Info now
[00:50:34] [Server thread/INFO] (Minecraft) [STDOUT]: LEN: 4
[00:50:34] [Server thread/INFO] (Minecraft) [STDOUT]: [1.0, 1.0, 2.0, 1.0]
[00:50:35] [Server thread/INFO] (Minecraft) [STDOUT]: Sending Info now
[00:50:35] [Server thread/INFO] (Minecraft) [STDOUT]: LEN: 4
[00:50:35] [Server thread/INFO] (Minecraft) [STDOUT]: [1.0, 1.0, 2.0, 1.0]
[00:50:35] [Server thread/INFO] (Minecraft) [STDOUT]: Sending Info now
[00:50:35] [Server thread/INFO] (Minecraft) [STDOUT]: LEN: 4
[00:50:35] [Server thread/INFO] (Minecraft) [STDOUT]: [1.0, 1.0, 2.0, 1.0]
[00:50:35] [Server thread/INFO] (Minecraft) [STDOUT]: Sending Info now
[00:50:35] [Server thread/INFO] (Minecraft) [STDOUT]: LEN: 4
[00:50:35] [Server thread/INFO] (Minecraft) [STDOUT]: [1.0, 1.0, 2.0, 1.0]
[00:50:35] [Server thread/INFO] (Minecraft) [STDOUT]: Sending Info now
[00:50:35] [Server thread/INFO] (Minecraft) [STDOUT]: LEN: 4
[00:50:35] [Server thread/INFO] (Minecraft) [STDOUT]: [1.0, 1.0, 2.0, 1.0]
[00:50:35] [Server thread/INFO] (Minecraft) [STDOUT]: Sending Info now
[00:50:35] [Server thread/INFO] (Minecraft) [STDOUT]: LEN: 4
[00:50:35] [Server thread/INFO] (Minecraft) [STDOUT]: [1.0, 1.0, 2.0, 1.0]
[00:50:35] [Server thread/INFO] (Minecraft) [STDOUT]: Sending Info now
[00:50:35] [Server thread/INFO] (Minecraft) [STDOUT]: LEN: 4
[00:50:35] [Server thread/INFO] (Minecraft) [STDOUT]: [1.0, 1.0, 2.0, 1.0]
[00:50:35] [Server thread/INFO] (Minecraft) [STDOUT]: Sending Info now
[00:50:35] [Server thread/INFO] (Minecraft) [STDOUT]: LEN: 4
[00:50:35] [Server thread/INFO] (Minecraft) [STDOUT]: [1.0, 1.0, 2.0, 1.0]
[00:50:35] [Server thread/INFO] (Minecraft) [STDOUT]: Sending Info now
[00:50:35] [Server thread/INFO] (Minecraft) [STDOUT]: LEN: 4
[00:50:35] [Server thread/INFO] (Minecraft) [STDOUT]: [1.0, 1.0, 2.0, 1.0]
[00:50:35] [Server thread/INFO] (Minecraft) [STDOUT]: Sending Info now
[00:50:35] [Server thread/INFO] (Minecraft) [STDOUT]: LEN: 4
[00:50:35] [Server thread/INFO] (Minecraft) [STDOUT]: [1.0, 1.0, 2.0, 1.0]
[00:50:35] [Server thread/INFO] (Minecraft) [STDOUT]: Sending Info now
[00:50:35] [Server thread/INFO] (Minecraft) [STDOUT]: LEN: 4
[00:50:35] [Server thread/INFO] (Minecraft) [STDOUT]: [1.0, 1.0, 2.0, 1.0]
[00:50:36] [Server thread/INFO] (Minecraft) [STDOUT]: Sending Info now
[00:50:36] [Server thread/INFO] (Minecraft) [STDOUT]: LEN: 4
[00:50:36] [Server thread/INFO] (Minecraft) [STDOUT]: [1.0, 1.0, 2.0, 1.0]
[00:50:36] [Server thread/INFO] (Minecraft) [STDOUT]: Sending Info now
[00:50:36] [Server thread/INFO] (Minecraft) [STDOUT]: LEN: 4
[00:50:36] [Server thread/INFO] (Minecraft) [STDOUT]: [1.0, 1.0, 2.0, 1.0]
[00:50:36] [Server thread/INFO] (Minecraft) [STDOUT]: Sending Info now
[00:50:36] [Server thread/INFO] (Minecraft) [STDOUT]: LEN: 4
[00:50:36] [Server thread/INFO] (Minecraft) [STDOUT]: [1.0, 1.0, 2.0, 1.0]
[00:50:36] [Server thread/INFO] (Minecraft) [STDOUT]: Sending Info now
[00:50:36] [Server thread/INFO] (Minecraft) [STDOUT]: LEN: 4
[00:50:36] [Server thread/INFO] (Minecraft) [STDOUT]: [1.0, 1.0, 2.0, 1.0]
[00:50:36] [Server thread/INFO] (Minecraft) [STDOUT]: Sending Info now
[00:50:36] [Server thread/INFO] (Minecraft) [STDOUT]: LEN: 4
[00:50:36] [Server thread/INFO] (Minecraft) [STDOUT]: [1.0, 1.0, 2.0, 1.0]
[00:50:36] [Server thread/INFO] (Minecraft) [STDOUT]: Sending Info now
[00:50:36] [Server thread/INFO] (Minecraft) [STDOUT]: LEN: 4
[00:50:36] [Server thread/INFO] (Minecraft) [STDOUT]: [1.0, 1.0, 2.0, 1.0]
[00:50:36] [Server thread/INFO] (Minecraft) [STDOUT]: Sending Info now
[00:50:36] [Server thread/INFO] (Minecraft) [STDOUT]: LEN: 4
[00:50:36] [Server thread/INFO] (Minecraft) [STDOUT]: [1.0, 1.0, 2.0, 1.0]
[00:50:36] [Server thread/INFO] (Minecraft) [STDOUT]: Sending Info now
[00:50:36] [Server thread/INFO] (Minecraft) [STDOUT]: LEN: 4
[00:50:36] [Server thread/INFO] (Minecraft) [STDOUT]: [1.0, 1.0, 2.0, 1.0]
[00:50:36] [Server thread/INFO] (Minecraft) [STDOUT]: Sending Info now
[00:50:36] [Server thread/INFO] (Minecraft) [STDOUT]: LEN: 4
[00:50:36] [Server thread/INFO] (Minecraft) [STDOUT]: [1.0, 1.0, 2.0, 1.0]
[00:50:36] [Server thread/INFO] (Minecraft) [STDOUT]: Sending Info now
[00:50:36] [Server thread/INFO] (Minecraft) [STDOUT]: LEN: 4
[00:50:36] [Server thread/INFO] (Minecraft) [STDOUT]: [1.0, 1.0, 2.0, 1.0]
[00:50:37] [Server thread/INFO] (Minecraft) [STDOUT]: Sending Info now
[00:50:37] [Server thread/INFO] (Minecraft) [STDOUT]: LEN: 4
[00:50:37] [Server thread/INFO] (Minecraft) [STDOUT]: [1.0, 1.0, 2.0, 1.0]
[00:50:37] [Server thread/INFO] (Minecraft) [STDOUT]: Sending Info now
[00:50:37] [Server thread/INFO] (Minecraft) [STDOUT]: LEN: 4
[00:50:37] [Server thread/INFO] (Minecraft) [STDOUT]: [1.0, 1.0, 2.0, 1.0]
[00:50:37] [Server thread/INFO] (Minecraft) [STDOUT]: Sending Info now
[00:50:37] [Server thread/INFO] (Minecraft) [STDOUT]: LEN: 4
[00:50:37] [Server thread/INFO] (Minecraft) [STDOUT]: [1.0, 1.0, 2.0, 1.0]
[00:50:37] [Server thread/INFO] (Minecraft) [STDOUT]: Sending Info now
[00:50:37] [Server thread/INFO] (Minecraft) [STDOUT]: LEN: 4
[00:50:37] [Server thread/INFO] (Minecraft) [STDOUT]: [1.0, 1.0, 2.0, 1.0]
[00:50:37] [Server thread/INFO] (Minecraft) [STDOUT]: Sending Info now
[00:50:37] [Server thread/INFO] (Minecraft) [STDOUT]: LEN: 4
[00:50:37] [Server thread/INFO] (Minecraft) [STDOUT]: [1.0, 1.0, 2.0, 1.0]
[00:50:37] [Server thread/INFO] (Minecraft) [STDOUT]: Sending Info now
[00:50:37] [Server thread/INFO] (Minecraft) [STDOUT]: LEN: 4
[00:50:37] [Server thread/INFO] (Minecraft) [STDOUT]: [1.0, 1.0, 2.0, 1.0]
[00:50:37] [Server thread/INFO] (Minecraft) [STDOUT]: Sending Info now
[00:50:37] [Server thread/INFO] (Minecraft) [STDOUT]: LEN: 4
[00:50:37] [Server thread/INFO] (Minecraft) [STDOUT]: [1.0, 1.0, 2.0, 1.0]
[00:50:37] [Server thread/INFO] (Minecraft) [STDOUT]: Sending Info now
[00:50:37] [Server thread/INFO] (Minecraft) [STDOUT]: LEN: 4
[00:50:37] [Server thread/INFO] (Minecraft) [STDOUT]: [1.0, 1.0, 2.0, 1.0]
[00:50:37] [Server thread/INFO] (Minecraft) [STDOUT]: Sending Info now
[00:50:37] [Server thread/INFO] (Minecraft) [STDOUT]: LEN: 4
[00:50:37] [Server thread/INFO] (Minecraft) [STDOUT]: [1.0, 1.0, 2.0, 1.0]
[00:50:37] [Server thread/INFO] (Minecraft) [STDOUT]: Sending Info now
[00:50:37] [Server thread/INFO] (Minecraft) [STDOUT]: LEN: 4
[00:50:37] [Server thread/INFO] (Minecraft) [STDOUT]: [1.0, 1.0, 2.0, 1.0]
[00:50:38] [Server thread/INFO] (Minecraft) [STDOUT]: Sending Info now
[00:50:38] [Server thread/INFO] (Minecraft) [STDOUT]: LEN: 4
[00:50:38] [Server thread/INFO] (Minecraft) [STDOUT]: [1.0, 1.0, 2.0, 1.0]
[00:50:38] [Server thread/INFO] (Minecraft) [STDOUT]: Sending Info now
[00:50:38] [Server thread/INFO] (Minecraft) [STDOUT]: LEN: 4
[00:50:38] [Server thread/INFO] (Minecraft) [STDOUT]: [1.0, 1.0, 2.0, 1.0]
[00:50:38] [Server thread/INFO] (Minecraft) [STDOUT]: Sending Info now
[00:50:38] [Server thread/INFO] (Minecraft) [STDOUT]: LEN: 4
[00:50:38] [Server thread/INFO] (Minecraft) [STDOUT]: [1.0, 1.0, 2.0, 1.0]
[00:50:38] [Server thread/INFO] (Minecraft) [STDOUT]: Sending Info now
[00:50:38] [Server thread/INFO] (Minecraft) [STDOUT]: LEN: 4
[00:50:38] [Server thread/INFO] (Minecraft) [STDOUT]: [1.0, 1.0, 2.0, 1.0]
[00:50:38] [Server thread/INFO] (Minecraft) [STDOUT]: Sending Info now
[00:50:38] [Server thread/INFO] (Minecraft) [STDOUT]: LEN: 4
[00:50:38] [Server thread/INFO] (Minecraft) [STDOUT]: [1.0, 1.0, 2.0, 1.0]
[00:50:38] [Server thread/INFO] (Minecraft) [STDOUT]: Sending Info now
[00:50:38] [Server thread/INFO] (Minecraft) [STDOUT]: LEN: 4
[00:50:38] [Server thread/INFO] (Minecraft) [STDOUT]: [1.0, 1.0, 2.0, 1.0]
[00:50:38] [Server thread/INFO] (Minecraft) [STDOUT]: Sending Info now
[00:50:38] [Server thread/INFO] (Minecraft) [STDOUT]: LEN: 4
[00:50:38] [Server thread/INFO] (Minecraft) [STDOUT]: [1.0, 1.0, 2.0, 1.0]
[00:50:38] [Server thread/INFO] (Minecraft) [STDOUT]: Sending Info now
[00:50:38] [Server thread/INFO] (Minecraft) [STDOUT]: LEN: 4
[00:50:38] [Server thread/INFO] (Minecraft) [STDOUT]: [1.0, 1.0, 2.0, 1.0]
[00:50:38] [Server thread/INFO] (Minecraft) [STDOUT]: Sending Info now
[00:50:38] [Server thread/INFO] (Minecraft) [STDOUT]: LEN: 4
[00:50:38] [Server thread/INFO] (Minecraft) [STDOUT]: [1.0, 1.0, 2.0, 1.0]
[00:50:38] [Server thread/INFO] (Minecraft) [STDOUT]: Sending Info now
[00:50:39] [Server thread/INFO] (Minecraft) [STDOUT]: LEN: 4
[00:50:39] [Server thread/INFO] (Minecraft) [STDOUT]: [1.0, 1.0, 2.0, 1.0]
[00:50:39] [Server thread/INFO] (Minecraft) [STDOUT]: Sending Info now
[00:50:39] [Server thread/INFO] (Minecraft) [STDOUT]: LEN: 4
[00:50:39] [Server thread/INFO] (Minecraft) [STDOUT]: [1.0, 1.0, 2.0, 1.0]
[00:50:39] [Server thread/INFO] (Minecraft) [STDOUT]: Sending Info now
[00:50:39] [Server thread/INFO] (Minecraft) [STDOUT]: LEN: 4
[00:50:39] [Server thread/INFO] (Minecraft) [STDOUT]: [1.0, 1.0, 2.0, 1.0]
[00:50:39] [Server thread/INFO] (Minecraft) [STDOUT]: Sending Info now
[00:50:39] [Server thread/INFO] (Minecraft) [STDOUT]: LEN: 4
[00:50:39] [Server thread/INFO] (Minecraft) [STDOUT]: [1.0, 1.0, 2.0, 1.0]
[00:50:39] [Server thread/INFO] (Minecraft) [STDOUT]: Sending Info now
[00:50:39] [Server thread/INFO] (Minecraft) [STDOUT]: LEN: 4
[00:50:39] [Server thread/INFO] (Minecraft) [STDOUT]: [1.0, 1.0, 2.0, 1.0]
[00:50:39] [Server thread/INFO] (Minecraft) [STDOUT]: Sending Info now
[00:50:39] [Server thread/INFO] (Minecraft) [STDOUT]: LEN: 4
[00:50:39] [Server thread/INFO] (Minecraft) [STDOUT]: [1.0, 1.0, 2.0, 1.0]
[00:50:39] [Server thread/INFO] (Minecraft) [STDOUT]: Sending Info now
[00:50:39] [Server thread/INFO] (Minecraft) [STDOUT]: LEN: 4
[00:50:39] [Server thread/INFO] (Minecraft) [STDOUT]: [1.0, 1.0, 2.0, 1.0]
[00:50:39] [Server thread/INFO] (Minecraft) [STDOUT]: Sending Info now
[00:50:39] [Server thread/INFO] (Minecraft) [STDOUT]: LEN: 4
[00:50:39] [Server thread/INFO] (Minecraft) [STDOUT]: [1.0, 1.0, 2.0, 1.0]
[00:50:39] [Server thread/INFO] (Minecraft) [STDOUT]: Sending Info now
[00:50:39] [Server thread/INFO] (Minecraft) [STDOUT]: LEN: 4
[00:50:39] [Server thread/INFO] (Minecraft) [STDOUT]: [1.0, 1.0, 2.0, 1.0]
[00:50:39] [Server thread/INFO] (Minecraft) [STDOUT]: Sending Info now
[00:50:39] [Server thread/INFO] (Minecraft) [STDOUT]: LEN: 4
[00:50:39] [Server thread/INFO] (Minecraft) [STDOUT]: [1.0, 1.0, 2.0, 1.0]
[00:50:39] [Server thread/INFO] (Minecraft) [STDOUT]: Sending Info now
[00:50:39] [Server thread/INFO] (Minecraft) [STDOUT]: LEN: 4
[00:50:39] [Server thread/INFO] (Minecraft) [STDOUT]: [1.0, 1.0, 2.0, 1.0]
[00:50:40] [Server thread/INFO] (Minecraft) [STDOUT]: Sending Info now
[00:50:40] [Server thread/INFO] (Minecraft) [STDOUT]: LEN: 4
[00:50:40] [Server thread/INFO] (Minecraft) [STDOUT]: [1.0, 1.0, 2.0, 1.0]
[00:50:40] [Server thread/INFO] (Minecraft) [STDOUT]: Sending Info now
[00:50:40] [Server thread/INFO] (Minecraft) [STDOUT]: LEN: 4
[00:50:40] [Server thread/INFO] (Minecraft) [STDOUT]: [1.0, 1.0, 2.0, 1.0]
[00:50:40] [Server thread/INFO] (Minecraft) [STDOUT]: Sending Info now
[00:50:40] [Server thread/INFO] (Minecraft) [STDOUT]: LEN: 4
[00:50:40] [Server thread/INFO] (Minecraft) [STDOUT]: [1.0, 1.0, 2.0, 1.0]
[00:50:40] [Server thread/INFO] (Minecraft) [STDOUT]: Sending Info now
[00:50:40] [Server thread/INFO] (Minecraft) [STDOUT]: LEN: 4
[00:50:40] [Server thread/INFO] (Minecraft) [STDOUT]: [1.0, 1.0, 2.0, 1.0]
[00:50:40] [Server thread/INFO] (Minecraft) [STDOUT]: Sending Info now
[00:50:40] [Server thread/INFO] (Minecraft) [STDOUT]: LEN: 4
[00:50:40] [Server thread/INFO] (Minecraft) [STDOUT]: [1.0, 1.0, 2.0, 1.0]
[00:50:40] [Server thread/INFO] (Minecraft) [STDOUT]: Sending Info now
[00:50:40] [Server thread/INFO] (Minecraft) [STDOUT]: LEN: 4
[00:50:40] [Server thread/INFO] (Minecraft) [STDOUT]: [1.0, 1.0, 2.0, 1.0]
[00:50:40] [Server thread/INFO] (Minecraft) [STDOUT]: Sending Info now
[00:50:40] [Server thread/INFO] (Minecraft) [STDOUT]: LEN: 4
[00:50:40] [Server thread/INFO] (Minecraft) [STDOUT]: [1.0, 1.0, 2.0, 1.0]
[00:50:40] [Server thread/INFO] (Minecraft) [STDOUT]: Sending Info now
[00:50:40] [Server thread/INFO] (Minecraft) [STDOUT]: LEN: 4
[00:50:40] [Server thread/INFO] (Minecraft) [STDOUT]: [1.0, 1.0, 2.0, 1.0]
[00:50:40] [Server thread/INFO] (Minecraft) [STDOUT]: Sending Info now
[00:50:40] [Server thread/INFO] (Minecraft) [STDOUT]: LEN: 4
[00:50:40] [Server thread/INFO] (Minecraft) [STDOUT]: [1.0, 1.0, 2.0, 1.0]
[00:50:40] [Server thread/INFO] (Minecraft) [STDOUT]: Sending Info now
[00:50:40] [Server thread/INFO] (Minecraft) [STDOUT]: LEN: 4
[00:50:40] [Server thread/INFO] (Minecraft) [STDOUT]: [1.0, 1.0, 2.0, 1.0]
[00:50:41] [Server thread/INFO] (Minecraft) [STDOUT]: Sending Info now
[00:50:41] [Server thread/INFO] (Minecraft) [STDOUT]: LEN: 4
[00:50:41] [Server thread/INFO] (Minecraft) [STDOUT]: [1.0, 1.0, 2.0, 1.0]
[00:50:41] [Server thread/INFO] (Minecraft) [STDOUT]: Sending Info now
[00:50:41] [Server thread/INFO] (Minecraft) [STDOUT]: LEN: 4
[00:50:41] [Server thread/INFO] (Minecraft) [STDOUT]: [1.0, 1.0, 2.0, 1.0]
[00:50:41] [Server thread/INFO] (Minecraft) [STDOUT]: Sending Info now
[00:50:41] [Server thread/INFO] (Minecraft) [STDOUT]: LEN: 4
[00:50:41] [Server thread/INFO] (Minecraft) [STDOUT]: [1.0, 1.0, 2.0, 1.0]
[00:50:41] [Server thread/INFO] (Minecraft) [STDOUT]: Sending Info now
[00:50:41] [Server thread/INFO] (Minecraft) [STDOUT]: LEN: 4
[00:50:41] [Server thread/INFO] (Minecraft) [STDOUT]: [1.0, 1.0, 2.0, 1.0]
[00:50:41] [Server thread/INFO] (Minecraft) Empirecreator was slain by Zombie
[00:50:41] [Server thread/INFO] (Minecraft) [STDOUT]: Sending Info now
[00:50:41] [Server thread/INFO] (Minecraft) Empirecreator lost connection: Empirecreator died
[00:50:41] [Server thread/INFO] (Minecraft) Empirecreator left the game
[00:50:41] [Render thread/INFO] (Minecraft) [System] [CHAT] Empirecreator was slain by Zombie
[00:50:41] [Render thread/INFO] (Minecraft) [System] [CHAT] Empirecreator left the game
[00:50:41] [Server thread/INFO] (Minecraft) [STDOUT]: LEN: 4
[00:50:41] [Server thread/INFO] (Minecraft) [STDOUT]: [1.0, 1.0, 2.0, 1.0]
[00:50:41] [Server thread/INFO] (Minecraft) [STDOUT]: Sending Info now
[00:50:41] [Server thread/INFO] (Minecraft) [STDOUT]: LEN: 4
[00:50:41] [Server thread/INFO] (Minecraft) [STDOUT]: [1.0, 1.0, 2.0, 1.0]
[00:50:41] [Server thread/INFO] (Minecraft) [STDOUT]: Sending Info now
[00:50:41] [Server thread/INFO] (Minecraft) [STDOUT]: LEN: 4
[00:50:41] [Server thread/INFO] (Minecraft) [STDOUT]: [1.0, 1.0, 2.0, 1.0]
[00:50:41] [Server thread/INFO] (Minecraft) [STDOUT]: Sending Info now
[00:50:41] [Server thread/INFO] (Minecraft) [STDOUT]: LEN: 4
[00:50:41] [Server thread/INFO] (Minecraft) [STDOUT]: [1.0, 1.0, 2.0, 1.0]
[00:50:41] [Server thread/INFO] (Minecraft) [STDOUT]: Sending Info now
[00:50:41] [Server thread/INFO] (Minecraft) [STDOUT]: LEN: 4
[00:50:41] [Server thread/INFO] (Minecraft) [STDOUT]: [1.0, 1.0, 2.0, 1.0]
[00:50:41] [Server thread/INFO] (Minecraft) [STDOUT]: Sending Info now
[00:50:42] [Server thread/INFO] (Minecraft) [STDOUT]: LEN: 4
[00:50:42] [Server thread/INFO] (Minecraft) [STDOUT]: [1.0, 1.0, 2.0, 1.0]
[00:50:42] [Server thread/INFO] (Minecraft) [STDOUT]: Sending Info now
[00:50:42] [Server thread/INFO] (Minecraft) [STDOUT]: LEN: 4
[00:50:42] [Server thread/INFO] (Minecraft) [STDOUT]: [1.0, 1.0, 2.0, 1.0]
[00:50:42] [Server thread/INFO] (Minecraft) [STDOUT]: Sending Info now
[00:50:42] [Server thread/INFO] (Minecraft) [STDOUT]: LEN: 4
[00:50:42] [Server thread/INFO] (Minecraft) [STDOUT]: [1.0, 1.0, 2.0, 1.0]
[00:50:42] [Server thread/INFO] (Minecraft) [STDOUT]: Sending Info now
[00:50:42] [Server thread/INFO] (Minecraft) [STDOUT]: LEN: 4
[00:50:42] [Server thread/INFO] (Minecraft) [STDOUT]: [1.0, 1.0, 2.0, 1.0]
[00:50:42] [Server thread/INFO] (Minecraft) [STDOUT]: Sending Info now
[00:50:42] [Server thread/INFO] (Minecraft) [STDOUT]: LEN: 4
[00:50:42] [Server thread/INFO] (Minecraft) [STDOUT]: [1.0, 1.0, 2.0, 1.0]
[00:50:42] [Server thread/INFO] (Minecraft) [STDOUT]: Sending Info now
[00:50:42] [Server thread/INFO] (Minecraft) [STDOUT]: LEN: 4
[00:50:42] [Server thread/INFO] (Minecraft) [STDOUT]: [1.0, 1.0, 2.0, 1.0]
[00:50:42] [Server thread/INFO] (Minecraft) [STDOUT]: Sending Info now
[00:50:42] [Server thread/INFO] (Minecraft) [STDOUT]: LEN: 4
[00:50:42] [Server thread/INFO] (Minecraft) [STDOUT]: [1.0, 1.0, 2.0, 1.0]
[00:50:42] [Server thread/INFO] (Minecraft) [STDOUT]: Sending Info now
[00:50:42] [Server thread/INFO] (Minecraft) [STDOUT]: LEN: 4
[00:50:42] [Server thread/INFO] (Minecraft) [STDOUT]: [1.0, 1.0, 2.0, 1.0]
[00:50:42] [Server thread/INFO] (Minecraft) [STDOUT]: Sending Info now
[00:50:42] [Server thread/INFO] (Minecraft) [STDOUT]: LEN: 4
[00:50:42] [Server thread/INFO] (Minecraft) [STDOUT]: [1.0, 1.0, 2.0, 1.0]
[00:50:42] [Server thread/INFO] (Minecraft) [STDOUT]: Sending Info now
[00:50:42] [Server thread/INFO] (Minecraft) [STDOUT]: LEN: 4
[00:50:42] [Server thread/INFO] (Minecraft) [STDOUT]: [1.0, 1.0, 2.0, 1.0]
[00:50:42] [Server thread/INFO] (Minecraft) [STDOUT]: Sending Info now
[00:50:42] [Server thread/INFO] (Minecraft) [STDOUT]: LEN: 4
[00:50:42] [Server thread/INFO] (Minecraft) [STDOUT]: [1.0, 1.0, 2.0, 1.0]
[00:50:43] [Server thread/INFO] (Minecraft) [STDOUT]: Sending Info now
[00:50:43] [Server thread/INFO] (Minecraft) [STDOUT]: LEN: 4
[00:50:43] [Server thread/INFO] (Minecraft) [STDOUT]: [1.0, 1.0, 2.0, 1.0]
[00:50:43] [Server thread/INFO] (Minecraft) [STDOUT]: Sending Info now
[00:50:43] [Server thread/INFO] (Minecraft) [STDOUT]: LEN: 4
[00:50:43] [Server thread/INFO] (Minecraft) [STDOUT]: [1.0, 1.0, 2.0, 1.0]
[00:50:43] [Server thread/INFO] (Minecraft) [STDOUT]: Sending Info now
[00:50:43] [Server thread/INFO] (Minecraft) [STDOUT]: LEN: 4
[00:50:43] [Server thread/INFO] (Minecraft) [STDOUT]: [1.0, 1.0, 2.0, 1.0]
[00:50:43] [Server thread/INFO] (Minecraft) [STDOUT]: Sending Info now
[00:50:43] [Server thread/INFO] (Minecraft) [STDOUT]: LEN: 4
[00:50:43] [Server thread/INFO] (Minecraft) [STDOUT]: [1.0, 1.0, 2.0, 1.0]
[00:50:43] [Server thread/INFO] (Minecraft) [STDOUT]: Sending Info now
[00:50:43] [Server thread/INFO] (Minecraft) [STDOUT]: LEN: 4
[00:50:43] [Server thread/INFO] (Minecraft) [STDOUT]: [1.0, 1.0, 2.0, 1.0]
[00:50:43] [Server thread/INFO] (Minecraft) [STDOUT]: Sending Info now
[00:50:43] [Server thread/INFO] (Minecraft) [STDOUT]: LEN: 4
[00:50:43] [Server thread/INFO] (Minecraft) [STDOUT]: [1.0, 1.0, 2.0, 1.0]
[00:50:43] [Server thread/INFO] (Minecraft) [STDOUT]: Sending Info now
[00:50:43] [Server thread/INFO] (Minecraft) [STDOUT]: LEN: 4
[00:50:43] [Server thread/INFO] (Minecraft) [STDOUT]: [1.0, 1.0, 2.0, 1.0]
[00:50:43] [Server thread/INFO] (Minecraft) [STDOUT]: Sending Info now
[00:50:43] [Server thread/INFO] (Minecraft) [STDOUT]: LEN: 4
[00:50:43] [Server thread/INFO] (Minecraft) [STDOUT]: [1.0, 1.0, 2.0, 1.0]
[00:50:43] [Server thread/INFO] (Minecraft) [STDOUT]: Sending Info now
[00:50:43] [Server thread/INFO] (Minecraft) [STDOUT]: LEN: 4
[00:50:43] [Server thread/INFO] (Minecraft) [STDOUT]: [1.0, 1.0, 2.0, 1.0]
[00:50:43] [Server thread/INFO] (Minecraft) [STDOUT]: Sending Info now
[00:50:43] [Server thread/INFO] (Minecraft) [STDOUT]: LEN: 4
[00:50:43] [Server thread/INFO] (Minecraft) [STDOUT]: [1.0, 1.0, 2.0, 1.0]
[00:50:44] [Server thread/INFO] (Minecraft) [STDOUT]: Sending Info now
[00:50:44] [Server thread/INFO] (Minecraft) [STDOUT]: LEN: 4
[00:50:44] [Server thread/INFO] (Minecraft) [STDOUT]: [1.0, 1.0, 2.0, 1.0]
[00:50:44] [Server thread/INFO] (Minecraft) [STDOUT]: Sending Info now
[00:50:44] [Server thread/INFO] (Minecraft) [STDOUT]: LEN: 4
[00:50:44] [Server thread/INFO] (Minecraft) [STDOUT]: [1.0, 1.0, 2.0, 1.0]
[00:50:44] [Server thread/INFO] (Minecraft) [STDOUT]: Sending Info now
[00:50:44] [Server thread/INFO] (Minecraft) [STDOUT]: LEN: 4
[00:50:44] [Server thread/INFO] (Minecraft) [STDOUT]: [1.0, 1.0, 2.0, 1.0]
[00:50:44] [Server thread/INFO] (Minecraft) [STDOUT]: Sending Info now
[00:50:44] [Server thread/INFO] (Minecraft) [STDOUT]: LEN: 4
[00:50:44] [Server thread/INFO] (Minecraft) [STDOUT]: [1.0, 1.0, 2.0, 1.0]
[00:50:44] [Server thread/INFO] (Minecraft) [STDOUT]: Sending Info now
[00:50:44] [Server thread/INFO] (Minecraft) [STDOUT]: LEN: 4
[00:50:44] [Server thread/INFO] (Minecraft) [STDOUT]: [1.0, 1.0, 2.0, 1.0]
[00:50:44] [Server thread/INFO] (Minecraft) [STDOUT]: Sending Info now
[00:50:44] [Server thread/INFO] (Minecraft) [STDOUT]: LEN: 4
[00:50:44] [Server thread/INFO] (Minecraft) [STDOUT]: [1.0, 1.0, 2.0, 1.0]
[00:50:44] [Server thread/INFO] (Minecraft) [STDOUT]: Sending Info now
[00:50:44] [Server thread/INFO] (Minecraft) [STDOUT]: LEN: 4
[00:50:44] [Server thread/INFO] (Minecraft) [STDOUT]: [1.0, 1.0, 2.0, 1.0]
[00:50:44] [Server thread/INFO] (Minecraft) [STDOUT]: Sending Info now
[00:50:44] [Server thread/INFO] (Minecraft) [STDOUT]: LEN: 4
[00:50:44] [Server thread/INFO] (Minecraft) [STDOUT]: [1.0, 1.0, 2.0, 1.0]
[00:50:44] [Server thread/INFO] (Minecraft) [STDOUT]: Sending Info now
[00:50:44] [Server thread/INFO] (Minecraft) [STDOUT]: LEN: 4
[00:50:44] [Server thread/INFO] (Minecraft) [STDOUT]: [1.0, 1.0, 2.0, 1.0]
[00:50:44] [Server thread/INFO] (Minecraft) [STDOUT]: Sending Info now
[00:50:45] [Server thread/INFO] (Minecraft) [STDOUT]: LEN: 4
[00:50:45] [Server thread/INFO] (Minecraft) [STDOUT]: [1.0, 1.0, 2.0, 1.0]
[00:50:45] [Server thread/INFO] (Minecraft) [STDOUT]: Sending Info now
[00:50:45] [Server thread/INFO] (Minecraft) [STDOUT]: LEN: 4
[00:50:45] [Server thread/INFO] (Minecraft) [STDOUT]: [1.0, 1.0, 2.0, 1.0]
[00:50:45] [Server thread/INFO] (Minecraft) [STDOUT]: Sending Info now
[00:50:45] [Server thread/INFO] (Minecraft) [STDOUT]: LEN: 4
[00:50:45] [Server thread/INFO] (Minecraft) [STDOUT]: [1.0, 1.0, 2.0, 1.0]
[00:50:45] [Server thread/INFO] (Minecraft) [STDOUT]: Sending Info now
[00:50:45] [Server thread/INFO] (Minecraft) [STDOUT]: LEN: 4
[00:50:45] [Server thread/INFO] (Minecraft) [STDOUT]: [1.0, 1.0, 2.0, 1.0]
[00:50:45] [Server thread/INFO] (Minecraft) [STDOUT]: Sending Info now
[00:50:45] [Server thread/INFO] (Minecraft) [STDOUT]: LEN: 4
[00:50:45] [Server thread/INFO] (Minecraft) [STDOUT]: [1.0, 1.0, 2.0, 1.0]
[00:50:45] [Server thread/INFO] (Minecraft) [STDOUT]: Sending Info now
[00:50:45] [Server thread/INFO] (Minecraft) [STDOUT]: LEN: 4
[00:50:45] [Server thread/INFO] (Minecraft) [STDOUT]: [1.0, 1.0, 2.0, 1.0]
[00:50:45] [Server thread/INFO] (Minecraft) [STDOUT]: Sending Info now
[00:50:45] [Server thread/INFO] (Minecraft) [STDOUT]: LEN: 4
[00:50:45] [Server thread/INFO] (Minecraft) [STDOUT]: [1.0, 1.0, 2.0, 1.0]
[00:50:45] [Server thread/INFO] (Minecraft) [STDOUT]: Sending Info now
[00:50:45] [Server thread/INFO] (Minecraft) [STDOUT]: LEN: 4
[00:50:45] [Server thread/INFO] (Minecraft) [STDOUT]: [1.0, 1.0, 2.0, 1.0]
[00:50:45] [Server thread/INFO] (Minecraft) [STDOUT]: Sending Info now
[00:50:45] [Server thread/INFO] (Minecraft) [STDOUT]: LEN: 4
[00:50:45] [Server thread/INFO] (Minecraft) [STDOUT]: [1.0, 1.0, 2.0, 1.0]
[00:50:45] [Server thread/INFO] (Minecraft) [STDOUT]: Sending Info now
[00:50:45] [Server thread/INFO] (Minecraft) [STDOUT]: LEN: 4
[00:50:45] [Server thread/INFO] (Minecraft) [STDOUT]: [1.0, 1.0, 2.0, 1.0]
[00:50:45] [Server thread/INFO] (Minecraft) [STDOUT]: Sending Info now
[00:50:45] [Server thread/INFO] (Minecraft) [STDOUT]: LEN: 4
[00:50:45] [Server thread/INFO] (Minecraft) [STDOUT]: [1.0, 1.0, 2.0, 1.0]
[00:50:46] [Server thread/INFO] (Minecraft) [STDOUT]: Sending Info now
[00:50:46] [Server thread/INFO] (Minecraft) [STDOUT]: LEN: 4
[00:50:46] [Server thread/INFO] (Minecraft) [STDOUT]: [1.0, 1.0, 2.0, 1.0]
[00:50:46] [Server thread/INFO] (Minecraft) [STDOUT]: Sending Info now
[00:50:46] [Server thread/INFO] (Minecraft) [STDOUT]: LEN: 4
[00:50:46] [Server thread/INFO] (Minecraft) [STDOUT]: [1.0, 1.0, 2.0, 1.0]
[00:50:46] [Server thread/INFO] (Minecraft) [STDOUT]: Sending Info now
[00:50:46] [Server thread/INFO] (Minecraft) [STDOUT]: LEN: 4
[00:50:46] [Server thread/INFO] (Minecraft) [STDOUT]: [1.0, 1.0, 2.0, 1.0]
[00:50:46] [Server thread/INFO] (Minecraft) [STDOUT]: Sending Info now
[00:50:46] [Server thread/INFO] (Minecraft) [STDOUT]: LEN: 4
[00:50:46] [Server thread/INFO] (Minecraft) [STDOUT]: [1.0, 1.0, 2.0, 1.0]
[00:50:46] [Server thread/INFO] (Minecraft) [STDOUT]: Sending Info now
[00:50:46] [Server thread/INFO] (Minecraft) [STDOUT]: LEN: 4
[00:50:46] [Server thread/INFO] (Minecraft) [STDOUT]: [1.0, 1.0, 2.0, 1.0]
[00:50:46] [Server thread/INFO] (Minecraft) [STDOUT]: Sending Info now
[00:50:46] [Server thread/INFO] (Minecraft) Saving and pausing game...
[00:50:46] [Server thread/INFO] (Minecraft) Saving chunks for level 'ServerLevel[New World]'/minecraft:overworld
[00:50:46] [Server thread/INFO] (Minecraft) Saving chunks for level 'ServerLevel[New World]'/minecraft:the_end
[00:50:46] [Server thread/INFO] (Minecraft) Saving chunks for level 'ServerLevel[New World]'/minecraft:the_nether
[00:51:49] [Server thread/INFO] (Minecraft) [STDOUT]: LEN: 4
[00:51:49] [Server thread/INFO] (Minecraft) [STDOUT]: [1.0, 1.0, 2.0, 1.0]
[00:51:49] [Server thread/INFO] (Minecraft) [STDOUT]: Sending Info now
[00:51:49] [Server thread/INFO] (Minecraft) [STDOUT]: LEN: 4
[00:51:49] [Server thread/INFO] (Minecraft) [STDOUT]: [1.0, 1.0, 2.0, 1.0]
[00:51:49] [Server thread/INFO] (Minecraft) [STDOUT]: Sending Info now
[00:51:49] [Server thread/INFO] (Minecraft) [STDOUT]: LEN: 4
[00:51:49] [Server thread/INFO] (Minecraft) [STDOUT]: [1.0, 1.0, 2.0, 1.0]
[00:51:49] [Server thread/INFO] (Minecraft) [STDOUT]: Sending Info now
[00:51:49] [Server thread/INFO] (Minecraft) [STDOUT]: LEN: 4
[00:51:49] [Server thread/INFO] (Minecraft) [STDOUT]: [1.0, 1.0, 2.0, 1.0]
[00:51:49] [Server thread/INFO] (Minecraft) [STDOUT]: Sending Info now
[00:51:49] [Server thread/INFO] (Minecraft) [STDOUT]: LEN: 4
[00:51:49] [Server thread/INFO] (Minecraft) [STDOUT]: [1.0, 1.0, 2.0, 1.0]
[00:51:49] [Server thread/INFO] (Minecraft) [STDOUT]: Sending Info now
[00:51:50] [Server thread/INFO] (Minecraft) [STDOUT]: LEN: 4
[00:51:50] [Server thread/INFO] (Minecraft) [STDOUT]: [1.0, 1.0, 2.0, 1.0]
[00:51:50] [Server thread/INFO] (Minecraft) [STDOUT]: Sending Info now
[00:51:50] [Server thread/INFO] (Minecraft) [STDOUT]: LEN: 4
[00:51:50] [Server thread/INFO] (Minecraft) [STDOUT]: [1.0, 1.0, 2.0, 1.0]
[00:51:50] [Server thread/INFO] (Minecraft) [STDOUT]: Sending Info now
[00:51:50] [Server thread/INFO] (Minecraft) [STDOUT]: LEN: 4
[00:51:50] [Server thread/INFO] (Minecraft) [STDOUT]: [1.0, 1.0, 2.0, 1.0]
[00:51:50] [Server thread/INFO] (Minecraft) [STDOUT]: Sending Info now
[00:51:50] [Server thread/INFO] (Minecraft) [STDOUT]: LEN: 4
[00:51:50] [Server thread/INFO] (Minecraft) [STDOUT]: [1.0, 1.0, 2.0, 1.0]
[00:51:50] [Server thread/INFO] (Minecraft) [STDOUT]: Sending Info now
[00:51:50] [Server thread/INFO] (Minecraft) [STDOUT]: LEN: 4
[00:51:50] [Server thread/INFO] (Minecraft) [STDOUT]: [1.0, 1.0, 2.0, 1.0]
[00:51:50] [Server thread/INFO] (Minecraft) [STDOUT]: Sending Info now
[00:51:50] [Server thread/INFO] (Minecraft) [STDOUT]: LEN: 4
[00:51:50] [Server thread/INFO] (Minecraft) [STDOUT]: [1.0, 1.0, 2.0, 1.0]
[00:51:50] [Server thread/INFO] (Minecraft) [STDOUT]: Sending Info now
[00:51:50] [Server thread/INFO] (Minecraft) [STDOUT]: LEN: 4
[00:51:50] [Server thread/INFO] (Minecraft) [STDOUT]: [1.0, 1.0, 2.0, 1.0]
[00:51:50] [Server thread/INFO] (Minecraft) [STDOUT]: Sending Info now
[00:51:50] [Server thread/INFO] (Minecraft) [STDOUT]: LEN: 4
[00:51:50] [Server thread/INFO] (Minecraft) [STDOUT]: [1.0, 1.0, 2.0, 1.0]
[00:51:50] [Server thread/INFO] (Minecraft) [STDOUT]: Sending Info now
[00:51:50] [Server thread/INFO] (Minecraft) [STDOUT]: LEN: 4
[00:51:50] [Server thread/INFO] (Minecraft) [STDOUT]: [1.0, 1.0, 2.0, 1.0]
[00:51:50] [Server thread/INFO] (Minecraft) [STDOUT]: Sending Info now
[00:51:50] [Server thread/INFO] (Minecraft) [STDOUT]: LEN: 4
[00:51:50] [Server thread/INFO] (Minecraft) [STDOUT]: [1.0, 1.0, 2.0, 1.0]
[00:51:50] [Server thread/INFO] (Minecraft) [STDOUT]: Sending Info now
[00:51:51] [Server thread/INFO] (Minecraft) [STDOUT]: LEN: 4
[00:51:51] [Server thread/INFO] (Minecraft) [STDOUT]: [1.0, 1.0, 2.0, 1.0]
[00:51:51] [Server thread/INFO] (Minecraft) [STDOUT]: Sending Info now
[00:51:51] [Server thread/INFO] (Minecraft) [STDOUT]: LEN: 4
[00:51:51] [Server thread/INFO] (Minecraft) [STDOUT]: [1.0, 1.0, 2.0, 1.0]
[00:51:51] [Server thread/INFO] (Minecraft) [STDOUT]: Sending Info now
[00:51:51] [Server thread/INFO] (Minecraft) [STDOUT]: LEN: 4
[00:51:51] [Server thread/INFO] (Minecraft) [STDOUT]: [1.0, 1.0, 2.0, 1.0]
[00:51:51] [Server thread/INFO] (Minecraft) [STDOUT]: Sending Info now
[00:51:51] [Server thread/INFO] (Minecraft) [STDOUT]: LEN: 4
[00:51:51] [Server thread/INFO] (Minecraft) [STDOUT]: [1.0, 1.0, 2.0, 1.0]
[00:51:51] [Server thread/INFO] (Minecraft) [STDOUT]: Sending Info now
[00:51:51] [Server thread/INFO] (Minecraft) [STDOUT]: LEN: 4
[00:51:51] [Server thread/INFO] (Minecraft) [STDOUT]: [1.0, 1.0, 2.0, 1.0]
[00:51:51] [Server thread/INFO] (Minecraft) [STDOUT]: Sending Info now
[00:51:51] [Server thread/INFO] (Minecraft) [STDOUT]: LEN: 4
[00:51:51] [Server thread/INFO] (Minecraft) [STDOUT]: [1.0, 1.0, 2.0, 1.0]
[00:51:51] [Server thread/INFO] (Minecraft) [STDOUT]: Sending Info now
[00:51:51] [Server thread/INFO] (Minecraft) [STDOUT]: LEN: 4
[00:51:51] [Server thread/INFO] (Minecraft) [STDOUT]: [1.0, 1.0, 2.0, 1.0]
[00:51:51] [Server thread/INFO] (Minecraft) [STDOUT]: Sending Info now
[00:51:51] [Server thread/INFO] (Minecraft) [STDOUT]: LEN: 4
[00:51:51] [Server thread/INFO] (Minecraft) [STDOUT]: [1.0, 1.0, 2.0, 1.0]
[00:51:51] [Server thread/INFO] (Minecraft) [STDOUT]: Sending Info now
[00:51:51] [Server thread/INFO] (Minecraft) [STDOUT]: LEN: 4
[00:51:51] [Server thread/INFO] (Minecraft) [STDOUT]: [1.0, 1.0, 2.0, 1.0]
[00:51:51] [Server thread/INFO] (Minecraft) [STDOUT]: Sending Info now
[00:51:51] [Server thread/INFO] (Minecraft) [STDOUT]: LEN: 4
[00:51:51] [Server thread/INFO] (Minecraft) [STDOUT]: [1.0, 1.0, 2.0, 1.0]
[00:51:51] [Server thread/INFO] (Minecraft) [STDOUT]: Sending Info now
[00:51:52] [Server thread/INFO] (Minecraft) [STDOUT]: LEN: 4
[00:51:52] [Server thread/INFO] (Minecraft) [STDOUT]: [1.0, 1.0, 2.0, 1.0]
[00:51:52] [Server thread/INFO] (Minecraft) [STDOUT]: Sending Info now
[00:51:52] [Server thread/INFO] (Minecraft) [STDOUT]: LEN: 4
[00:51:52] [Server thread/INFO] (Minecraft) [STDOUT]: [1.0, 1.0, 2.0, 1.0]
[00:51:52] [Server thread/INFO] (Minecraft) [STDOUT]: Sending Info now
[00:51:52] [Server thread/INFO] (Minecraft) [STDOUT]: LEN: 4
[00:51:52] [Server thread/INFO] (Minecraft) [STDOUT]: [1.0, 1.0, 2.0, 1.0]
[00:51:52] [Server thread/INFO] (Minecraft) [STDOUT]: Sending Info now
[00:51:52] [Server thread/INFO] (Minecraft) [STDOUT]: LEN: 4
[00:51:52] [Server thread/INFO] (Minecraft) [STDOUT]: [1.0, 1.0, 2.0, 1.0]
[00:51:52] [Server thread/INFO] (Minecraft) [STDOUT]: Sending Info now
[00:51:52] [Server thread/INFO] (Minecraft) [STDOUT]: LEN: 4
[00:51:52] [Server thread/INFO] (Minecraft) [STDOUT]: [1.0, 1.0, 2.0, 1.0]
[00:51:52] [Server thread/INFO] (Minecraft) [STDOUT]: Sending Info now
[00:51:52] [Server thread/INFO] (Minecraft) [STDOUT]: LEN: 4
[00:51:52] [Server thread/INFO] (Minecraft) [STDOUT]: [1.0, 1.0, 2.0, 1.0]
[00:51:52] [Server thread/INFO] (Minecraft) [STDOUT]: Sending Info now
[00:51:52] [Server thread/INFO] (Minecraft) [STDOUT]: LEN: 4
[00:51:52] [Server thread/INFO] (Minecraft) [STDOUT]: [1.0, 1.0, 2.0, 1.0]
[00:51:52] [Server thread/INFO] (Minecraft) [STDOUT]: Sending Info now
[00:51:52] [Server thread/INFO] (Minecraft) [STDOUT]: LEN: 4
[00:51:52] [Server thread/INFO] (Minecraft) [STDOUT]: [1.0, 1.0, 2.0, 1.0]
[00:51:52] [Server thread/INFO] (Minecraft) [STDOUT]: Sending Info now
[00:51:52] [Server thread/INFO] (Minecraft) [STDOUT]: LEN: 4
[00:51:52] [Server thread/INFO] (Minecraft) [STDOUT]: [1.0, 1.0, 2.0, 1.0]
[00:51:52] [Server thread/INFO] (Minecraft) [STDOUT]: Sending Info now
[00:51:52] [Server thread/INFO] (Minecraft) [STDOUT]: LEN: 4
[00:51:52] [Server thread/INFO] (Minecraft) [STDOUT]: [1.0, 1.0, 2.0, 1.0]
[00:51:52] [Server thread/INFO] (Minecraft) [STDOUT]: Sending Info now
[00:51:53] [Server thread/INFO] (Minecraft) [STDOUT]: LEN: 4
[00:51:53] [Server thread/INFO] (Minecraft) [STDOUT]: [1.0, 1.0, 2.0, 1.0]
[00:51:53] [Server thread/INFO] (Minecraft) [STDOUT]: Sending Info now
[00:51:53] [Server thread/INFO] (Minecraft) [STDOUT]: LEN: 4
[00:51:53] [Server thread/INFO] (Minecraft) [STDOUT]: [1.0, 1.0, 2.0, 1.0]
[00:51:53] [Server thread/INFO] (Minecraft) [STDOUT]: Sending Info now
[00:51:53] [Server thread/INFO] (Minecraft) [STDOUT]: LEN: 4
[00:51:53] [Server thread/INFO] (Minecraft) [STDOUT]: [1.0, 1.0, 2.0, 1.0]
[00:51:53] [Server thread/INFO] (Minecraft) [STDOUT]: Sending Info now
[00:51:53] [Server thread/INFO] (Minecraft) [STDOUT]: LEN: 4
[00:51:53] [Server thread/INFO] (Minecraft) [STDOUT]: [1.0, 1.0, 2.0, 1.0]
[00:51:53] [Server thread/INFO] (Minecraft) [STDOUT]: Sending Info now
[00:51:53] [Server thread/INFO] (Minecraft) [STDOUT]: LEN: 4
[00:51:53] [Server thread/INFO] (Minecraft) [STDOUT]: [1.0, 1.0, 2.0, 1.0]
[00:51:53] [Server thread/INFO] (Minecraft) [STDOUT]: Sending Info now
[00:51:53] [Server thread/INFO] (Minecraft) [STDOUT]: LEN: 4
[00:51:53] [Server thread/INFO] (Minecraft) [STDOUT]: [1.0, 1.0, 2.0, 1.0]
[00:51:53] [Server thread/INFO] (Minecraft) [STDOUT]: Sending Info now
[00:51:53] [Server thread/INFO] (Minecraft) [STDOUT]: LEN: 4
[00:51:53] [Server thread/INFO] (Minecraft) [STDOUT]: [1.0, 1.0, 2.0, 1.0]
[00:51:53] [Server thread/INFO] (Minecraft) [STDOUT]: Sending Info now
[00:51:53] [Server thread/INFO] (Minecraft) [STDOUT]: LEN: 4
[00:51:53] [Server thread/INFO] (Minecraft) [STDOUT]: [1.0, 1.0, 2.0, 1.0]
[00:51:53] [Server thread/INFO] (Minecraft) [STDOUT]: Sending Info now
[00:51:53] [Server thread/INFO] (Minecraft) [STDOUT]: LEN: 4
[00:51:53] [Server thread/INFO] (Minecraft) [STDOUT]: [1.0, 1.0, 2.0, 1.0]
[00:51:53] [Server thread/INFO] (Minecraft) [STDOUT]: Sending Info now
[00:51:53] [Server thread/INFO] (Minecraft) [STDOUT]: LEN: 4
[00:51:53] [Server thread/INFO] (Minecraft) [STDOUT]: [1.0, 1.0, 2.0, 1.0]
[00:51:53] [Server thread/INFO] (Minecraft) [STDOUT]: Sending Info now
[00:51:54] [Server thread/INFO] (Minecraft) [STDOUT]: LEN: 4
[00:51:54] [Server thread/INFO] (Minecraft) [STDOUT]: [1.0, 1.0, 2.0, 1.0]
[00:51:54] [Server thread/INFO] (Minecraft) [STDOUT]: Sending Info now
[00:51:54] [Server thread/INFO] (Minecraft) [STDOUT]: LEN: 4
[00:51:54] [Server thread/INFO] (Minecraft) [STDOUT]: [1.0, 1.0, 2.0, 1.0]
[00:51:54] [Server thread/INFO] (Minecraft) [STDOUT]: Sending Info now
[00:51:54] [Server thread/INFO] (Minecraft) [STDOUT]: LEN: 4
[00:51:54] [Server thread/INFO] (Minecraft) [STDOUT]: [1.0, 1.0, 2.0, 1.0]
[00:51:54] [Server thread/INFO] (Minecraft) [STDOUT]: Sending Info now
[00:51:54] [Server thread/INFO] (Minecraft) [STDOUT]: LEN: 4
[00:51:54] [Server thread/INFO] (Minecraft) [STDOUT]: [1.0, 1.0, 2.0, 1.0]
[00:51:54] [Server thread/INFO] (Minecraft) [STDOUT]: Sending Info now
[00:51:54] [Server thread/INFO] (Minecraft) [STDOUT]: LEN: 4
[00:51:54] [Server thread/INFO] (Minecraft) [STDOUT]: [1.0, 1.0, 2.0, 1.0]
[00:51:54] [Server thread/INFO] (Minecraft) [STDOUT]: Sending Info now
[00:51:54] [Server thread/INFO] (Minecraft) [STDOUT]: LEN: 4
[00:51:54] [Server thread/INFO] (Minecraft) [STDOUT]: [1.0, 1.0, 2.0, 1.0]
[00:51:54] [Server thread/INFO] (Minecraft) [STDOUT]: Sending Info now
[00:51:54] [Server thread/INFO] (Minecraft) [STDOUT]: LEN: 4
[00:51:54] [Server thread/INFO] (Minecraft) [STDOUT]: [1.0, 1.0, 2.0, 1.0]
[00:51:54] [Server thread/INFO] (Minecraft) [STDOUT]: Sending Info now
[00:51:54] [Server thread/INFO] (Minecraft) [STDOUT]: LEN: 4
[00:51:54] [Server thread/INFO] (Minecraft) [STDOUT]: [1.0, 1.0, 2.0, 1.0]
[00:51:54] [Server thread/INFO] (Minecraft) [STDOUT]: Sending Info now
[00:51:54] [Server thread/INFO] (Minecraft) [STDOUT]: LEN: 4
[00:51:54] [Server thread/INFO] (Minecraft) [STDOUT]: [1.0, 1.0, 2.0, 1.0]
[00:51:54] [Server thread/INFO] (Minecraft) [STDOUT]: Sending Info now
[00:51:54] [Server thread/INFO] (Minecraft) Can only manipulate existing players
[00:51:54] [Render thread/INFO] (Minecraft) [System] [CHAT] Stopped training!
[00:51:54] [Render thread/INFO] (Minecraft) [System] [CHAT] [Server: Can only manipulate existing players]
[00:52:00] [Render thread/INFO] (Minecraft) [System] [CHAT] No entity was found
[00:52:02] [Server thread/INFO] (Minecraft) [STDOUT]: INFO: Made process
[00:52:02] [Server thread/INFO] (Minecraft) [STDERR]: java.net.ConnectException: Connection refused
[00:52:02] [Server thread/INFO] (Minecraft) [STDERR]: 	at java.base/sun.nio.ch.Net.connect0(Native Method)
[00:52:02] [Server thread/INFO] (Minecraft) [STDERR]: 	at java.base/sun.nio.ch.Net.connect(Net.java:589)
[00:52:02] [Server thread/INFO] (Minecraft) [STDERR]: 	at java.base/sun.nio.ch.Net.connect(Net.java:578)
[00:52:02] [Server thread/INFO] (Minecraft) [STDERR]: 	at java.base/sun.nio.ch.NioSocketImpl.connect(NioSocketImpl.java:583)
[00:52:02] [Server thread/INFO] (Minecraft) [STDERR]: 	at java.base/java.net.SocksSocketImpl.connect(SocksSocketImpl.java:327)
[00:52:02] [Server thread/INFO] (Minecraft) [STDERR]: 	at java.base/java.net.Socket.connect(Socket.java:751)
[00:52:02] [Server thread/INFO] (Minecraft) [STDERR]: 	at java.base/java.net.Socket.connect(Socket.java:686)
[00:52:02] [Server thread/INFO] (Minecraft) [STDERR]: 	at java.base/java.net.Socket.<init>(Socket.java:555)
[00:52:02] [Server thread/INFO] (Minecraft) [STDERR]: 	at java.base/java.net.Socket.<init>(Socket.java:324)
[00:52:02] [Server thread/INFO] (Minecraft) [STDERR]: 	at knot//me.sand.minecraftaimod.Minecraftaimod.lambda$onInitialize$1(Minecraftaimod.java:101)
[00:52:02] [Server thread/INFO] (Minecraft) [STDERR]: 	at knot//com.mojang.brigadier.context.ContextChain.runExecutable(ContextChain.java:73)
[00:52:02] [Server thread/INFO] (Minecraft) [STDERR]: 	at knot//net.minecraft.command.FixedCommandAction.execute(FixedCommandAction.java:29)
[00:52:02] [Server thread/INFO] (Minecraft) [STDERR]: 	at knot//net.minecraft.command.FixedCommandAction.execute(FixedCommandAction.java:13)
[00:52:02] [Server thread/INFO] (Minecraft) [STDERR]: 	at knot//net.minecraft.command.SourcedCommandAction.method_54405(SourcedCommandAction.java:8)
[00:52:02] [Server thread/INFO] (Minecraft) [STDERR]: 	at knot//net.minecraft.command.CommandQueueEntry.execute(CommandQueueEntry.java:8)
[00:52:02] [Server thread/INFO] (Minecraft) [STDERR]: 	at knot//net.minecraft.command.CommandExecutionContext.run(CommandExecutionContext.java:107)
[00:52:02] [Server thread/INFO] (Minecraft) [STDERR]: 	at knot//net.minecraft.server.command.CommandManager.callWithContext(CommandManager.java:422)
[00:52:02] [Server thread/INFO] (Minecraft) [STDERR]: 	at knot//net.minecraft.server.command.CommandManager.execute(CommandManager.java:352)
[00:52:02] [Server thread/INFO] (Minecraft) [STDERR]: 	at knot//net.minecraft.server.network.ServerPlayNetworkHandler.executeCommand(ServerPlayNetworkHandler.java:1542)
[00:52:02] [Server thread/INFO] (Minecraft) [STDERR]: 	at knot//net.minecraft.server.network.ServerPlayNetworkHandler.method_44356(ServerPlayNetworkHandler.java:1530)
[00:52:02] [Server thread/INFO] (Minecraft) [STDERR]: 	at knot//net.minecraft.server.ServerTask.run(ServerTask.java:18)
[00:52:02] [Server thread/INFO] (Minecraft) [STDERR]: 	at knot//net.minecraft.util.thread.ThreadExecutor.executeTask(ThreadExecutor.java:168)
[00:52:02] [Server thread/INFO] (Minecraft) [STDERR]: 	at knot//net.minecraft.util.thread.ReentrantThreadExecutor.executeTask(ReentrantThreadExecutor.java:23)
[00:52:02] [Server thread/INFO] (Minecraft) [STDERR]: 	at knot//net.minecraft.server.MinecraftServer.executeTask(MinecraftServer.java:957)
[00:52:02] [Server thread/INFO] (Minecraft) [STDERR]: 	at knot//net.minecraft.server.MinecraftServer.executeTask(MinecraftServer.java:182)
[00:52:02] [Server thread/INFO] (Minecraft) [STDERR]: 	at knot//net.minecraft.util.thread.ThreadExecutor.runTask(ThreadExecutor.java:142)
[00:52:02] [Server thread/INFO] (Minecraft) [STDERR]: 	at knot//net.minecraft.server.MinecraftServer.runOneTask(MinecraftServer.java:939)
[00:52:02] [Server thread/INFO] (Minecraft) [STDERR]: 	at knot//net.minecraft.server.MinecraftServer.runTask(MinecraftServer.java:933)
[00:52:02] [Server thread/INFO] (Minecraft) [STDERR]: 	at knot//net.minecraft.util.thread.ThreadExecutor.runTasks(ThreadExecutor.java:151)
[00:52:02] [Server thread/INFO] (Minecraft) [STDERR]: 	at knot//net.minecraft.server.MinecraftServer.runTasks(MinecraftServer.java:888)
[00:52:02] [Server thread/INFO] (Minecraft) [STDERR]: 	at knot//net.minecraft.server.MinecraftServer.runTasksTillTickEnd(MinecraftServer.java:904)
[00:52:02] [Server thread/INFO] (Minecraft) [STDERR]: 	at knot//net.minecraft.server.MinecraftServer.runServer(MinecraftServer.java:781)
[00:52:02] [Server thread/INFO] (Minecraft) [STDERR]: 	at knot//net.minecraft.server.MinecraftServer.method_29739(MinecraftServer.java:297)
[00:52:02] [Server thread/INFO] (Minecraft) [STDERR]: 	at java.base/java.lang.Thread.run(Thread.java:1583)
[00:52:02] [Server thread/INFO] (Minecraft) [STDOUT]: ERROR: FAILED 
[00:52:02] [Server thread/INFO] (Minecraft) [STDOUT]: Success? 
[00:52:02] [Render thread/INFO] (Minecraft) [System] [CHAT] Started training!
[00:52:02] [Server thread/INFO] (Minecraft) Empirecreator[local] logged in with entity id 986 at (128.0, 68.0, -96.0)
[00:52:02] [Server thread/INFO] (Minecraft) Empirecreator joined the game
[00:52:02] [Render thread/INFO] (Minecraft) [System] [CHAT] Empirecreator joined the game
[00:52:02] [Server thread/INFO] (Minecraft) Set Empirecreator's game mode to Survival Mode
[00:52:02] [Server thread/INFO] (Minecraft) [STDOUT]: found
[00:52:03] [Render thread/INFO] (Minecraft) [System] [CHAT] [Server: Set Empirecreator's game mode to Survival Mode]
[00:52:07] [Server thread/INFO] (Minecraft) Empirecreator lost connection: Killed
[00:52:07] [Server thread/INFO] (Minecraft) Empirecreator left the game
[00:52:07] [Render thread/INFO] (Minecraft) [System] [CHAT] Stopped training!
[00:52:07] [Render thread/INFO] (Minecraft) [System] [CHAT] Empirecreator left the game
[00:52:12] [Server thread/INFO] (Minecraft) [STDOUT]: INFO: Made process
[00:52:12] [Server thread/INFO] (Minecraft) [STDOUT]: INFO: Socket Connected
[00:52:12] [Server thread/INFO] (Minecraft) [STDOUT]: Success? 
[00:52:12] [Render thread/INFO] (Minecraft) [System] [CHAT] Started training!
[00:52:12] [Server thread/INFO] (Minecraft) Empirecreator[local] logged in with entity id 1020 at (128.0, 68.0, -96.0)
[00:52:12] [Server thread/INFO] (Minecraft) Empirecreator joined the game
[00:52:12] [Server thread/INFO] (Minecraft) Set Empirecreator's game mode to Survival Mode
[00:52:12] [Server thread/INFO] (Minecraft) [STDOUT]: found
[00:52:12] [Server thread/INFO] (Minecraft) [STDOUT]: Sending Info now
[00:52:12] [Render thread/INFO] (Minecraft) [System] [CHAT] Empirecreator joined the game
[00:52:12] [Render thread/INFO] (Minecraft) [System] [CHAT] [Server: Set Empirecreator's game mode to Survival Mode]
[00:52:13] [Server thread/INFO] (Minecraft) [STDOUT]: LEN: 4
[00:52:13] [Server thread/INFO] (Minecraft) [STDOUT]: [3.0, 1.0, 1.0, 2.0]
[00:52:13] [Server thread/INFO] (Minecraft) [STDOUT]: Sending Info now
[00:52:13] [Server thread/INFO] (Minecraft) [STDOUT]: LEN: 4
[00:52:13] [Server thread/INFO] (Minecraft) [STDOUT]: [3.0, 1.0, 1.0, 2.0]
[00:52:13] [Server thread/INFO] (Minecraft) [STDOUT]: Sending Info now
[00:52:14] [Server thread/INFO] (Minecraft) [STDOUT]: LEN: 4
[00:52:14] [Server thread/INFO] (Minecraft) [STDOUT]: [3.0, 1.0, 1.0, 2.0]
[00:52:14] [Server thread/INFO] (Minecraft) [STDOUT]: Sending Info now
[00:52:14] [Server thread/INFO] (Minecraft) [STDOUT]: LEN: 4
[00:52:14] [Server thread/INFO] (Minecraft) [STDOUT]: [3.0, 1.0, 1.0, 2.0]
[00:52:14] [Server thread/INFO] (Minecraft) [STDOUT]: Sending Info now
[00:52:14] [Server thread/INFO] (Minecraft) [STDOUT]: LEN: 4
[00:52:14] [Server thread/INFO] (Minecraft) [STDOUT]: [3.0, 1.0, 1.0, 2.0]
[00:52:14] [Server thread/INFO] (Minecraft) [STDOUT]: Sending Info now
[00:52:14] [Server thread/INFO] (Minecraft) [STDOUT]: LEN: 4
[00:52:14] [Server thread/INFO] (Minecraft) [STDOUT]: [3.0, 1.0, 1.0, 2.0]
[00:52:14] [Server thread/INFO] (Minecraft) [STDOUT]: Sending Info now
[00:52:14] [Server thread/INFO] (Minecraft) [STDOUT]: LEN: 4
[00:52:14] [Server thread/INFO] (Minecraft) [STDOUT]: [3.0, 1.0, 1.0, 2.0]
[00:52:14] [Server thread/INFO] (Minecraft) [STDOUT]: Sending Info now
[00:52:14] [Server thread/INFO] (Minecraft) [STDOUT]: LEN: 4
[00:52:14] [Server thread/INFO] (Minecraft) [STDOUT]: [3.0, 1.0, 1.0, 2.0]
[00:52:14] [Server thread/INFO] (Minecraft) [STDOUT]: Sending Info now
[00:52:14] [Server thread/INFO] (Minecraft) [STDOUT]: LEN: 4
[00:52:14] [Server thread/INFO] (Minecraft) [STDOUT]: [3.0, 1.0, 1.0, 2.0]
[00:52:14] [Server thread/INFO] (Minecraft) [STDOUT]: Sending Info now
[00:52:14] [Server thread/INFO] (Minecraft) [STDOUT]: LEN: 4
[00:52:14] [Server thread/INFO] (Minecraft) [STDOUT]: [3.0, 1.0, 1.0, 2.0]
[00:52:14] [Server thread/INFO] (Minecraft) [STDOUT]: Sending Info now
[00:52:14] [Server thread/INFO] (Minecraft) [STDOUT]: LEN: 4
[00:52:14] [Server thread/INFO] (Minecraft) [STDOUT]: [3.0, 1.0, 1.0, 2.0]
[00:52:14] [Server thread/INFO] (Minecraft) [STDOUT]: Sending Info now
[00:52:14] [Server thread/INFO] (Minecraft) [STDOUT]: LEN: 4
[00:52:14] [Server thread/INFO] (Minecraft) [STDOUT]: [3.0, 1.0, 1.0, 2.0]
[00:52:14] [Server thread/INFO] (Minecraft) [STDOUT]: Sending Info now
[00:52:14] [Server thread/INFO] (Minecraft) [STDOUT]: LEN: 4
[00:52:14] [Server thread/INFO] (Minecraft) [STDOUT]: [3.0, 1.0, 1.0, 2.0]
[00:52:14] [Server thread/INFO] (Minecraft) [STDOUT]: Sending Info now
[00:52:14] [Server thread/INFO] (Minecraft) [STDOUT]: LEN: 4
[00:52:14] [Server thread/INFO] (Minecraft) [STDOUT]: [3.0, 1.0, 1.0, 2.0]
[00:52:14] [Server thread/INFO] (Minecraft) [STDOUT]: Sending Info now
[00:52:14] [Server thread/INFO] (Minecraft) [STDOUT]: LEN: 4
[00:52:14] [Server thread/INFO] (Minecraft) [STDOUT]: [3.0, 1.0, 1.0, 2.0]
[00:52:14] [Server thread/INFO] (Minecraft) [STDOUT]: Sending Info now
[00:52:14] [Server thread/INFO] (Minecraft) [STDOUT]: LEN: 4
[00:52:14] [Server thread/INFO] (Minecraft) [STDOUT]: [3.0, 1.0, 1.0, 2.0]
[00:52:14] [Server thread/INFO] (Minecraft) [STDOUT]: Sending Info now
[00:52:15] [Server thread/INFO] (Minecraft) [STDOUT]: LEN: 4
[00:52:15] [Server thread/INFO] (Minecraft) [STDOUT]: [3.0, 1.0, 1.0, 2.0]
[00:52:15] [Server thread/INFO] (Minecraft) [STDOUT]: Sending Info now
[00:52:15] [Server thread/INFO] (Minecraft) [STDOUT]: LEN: 4
[00:52:15] [Server thread/INFO] (Minecraft) [STDOUT]: [3.0, 1.0, 1.0, 2.0]
[00:52:15] [Server thread/INFO] (Minecraft) [STDOUT]: Sending Info now
[00:52:15] [Server thread/INFO] (Minecraft) [STDOUT]: LEN: 4
[00:52:15] [Server thread/INFO] (Minecraft) [STDOUT]: [3.0, 1.0, 1.0, 2.0]
[00:52:15] [Server thread/INFO] (Minecraft) [STDOUT]: Sending Info now
[00:52:15] [Server thread/INFO] (Minecraft) [STDOUT]: LEN: 4
[00:52:15] [Server thread/INFO] (Minecraft) [STDOUT]: [3.0, 1.0, 1.0, 2.0]
[00:52:15] [Server thread/INFO] (Minecraft) [STDOUT]: Sending Info now
[00:52:15] [Server thread/INFO] (Minecraft) [STDOUT]: LEN: 4
[00:52:15] [Server thread/INFO] (Minecraft) [STDOUT]: [3.0, 1.0, 1.0, 2.0]
[00:52:15] [Server thread/INFO] (Minecraft) [STDOUT]: Sending Info now
[00:52:15] [Server thread/INFO] (Minecraft) [STDOUT]: LEN: 4
[00:52:15] [Server thread/INFO] (Minecraft) [STDOUT]: [3.0, 1.0, 1.0, 2.0]
[00:52:15] [Server thread/INFO] (Minecraft) [STDOUT]: Sending Info now
[00:52:15] [Server thread/INFO] (Minecraft) [STDOUT]: LEN: 4
[00:52:15] [Server thread/INFO] (Minecraft) [STDOUT]: [3.0, 1.0, 1.0, 2.0]
[00:52:15] [Server thread/INFO] (Minecraft) [STDOUT]: Sending Info now
[00:52:15] [Server thread/INFO] (Minecraft) [STDOUT]: LEN: 4
[00:52:15] [Server thread/INFO] (Minecraft) [STDOUT]: [3.0, 1.0, 1.0, 2.0]
[00:52:15] [Server thread/INFO] (Minecraft) [STDOUT]: Sending Info now
[00:52:15] [Server thread/INFO] (Minecraft) [STDOUT]: LEN: 4
[00:52:15] [Server thread/INFO] (Minecraft) [STDOUT]: [3.0, 1.0, 1.0, 2.0]
[00:52:15] [Server thread/INFO] (Minecraft) [STDOUT]: Sending Info now
[00:52:15] [Server thread/INFO] (Minecraft) [STDOUT]: LEN: 4
[00:52:15] [Server thread/INFO] (Minecraft) [STDOUT]: [3.0, 1.0, 1.0, 2.0]
[00:52:15] [Server thread/INFO] (Minecraft) [STDOUT]: Sending Info now
[00:52:15] [Server thread/INFO] (Minecraft) [STDOUT]: LEN: 4
[00:52:15] [Server thread/INFO] (Minecraft) [STDOUT]: [3.0, 1.0, 1.0, 2.0]
[00:52:15] [Server thread/INFO] (Minecraft) [STDOUT]: Sending Info now
[00:52:15] [Server thread/INFO] (Minecraft) [STDOUT]: LEN: 4
[00:52:15] [Server thread/INFO] (Minecraft) [STDOUT]: [3.0, 1.0, 1.0, 2.0]
[00:52:15] [Server thread/INFO] (Minecraft) [STDOUT]: Sending Info now
[00:52:15] [Server thread/INFO] (Minecraft) [STDOUT]: LEN: 4
[00:52:15] [Server thread/INFO] (Minecraft) [STDOUT]: [3.0, 1.0, 1.0, 2.0]
[00:52:15] [Server thread/INFO] (Minecraft) [STDOUT]: Sending Info now
[00:52:15] [Server thread/INFO] (Minecraft) [STDOUT]: LEN: 4
[00:52:15] [Server thread/INFO] (Minecraft) [STDOUT]: [3.0, 1.0, 1.0, 2.0]
[00:52:15] [Server thread/INFO] (Minecraft) [STDOUT]: Sending Info now
[00:52:16] [Server thread/INFO] (Minecraft) [STDOUT]: LEN: 4
[00:52:16] [Server thread/INFO] (Minecraft) [STDOUT]: [3.0, 1.0, 1.0, 2.0]
[00:52:16] [Server thread/INFO] (Minecraft) [STDOUT]: Sending Info now
[00:52:16] [Server thread/INFO] (Minecraft) [STDOUT]: LEN: 4
[00:52:16] [Server thread/INFO] (Minecraft) [STDOUT]: [3.0, 1.0, 1.0, 2.0]
[00:52:16] [Server thread/INFO] (Minecraft) [STDOUT]: Sending Info now
[00:52:16] [Server thread/INFO] (Minecraft) [STDOUT]: LEN: 4
[00:52:16] [Server thread/INFO] (Minecraft) [STDOUT]: [3.0, 1.0, 1.0, 2.0]
[00:52:16] [Server thread/INFO] (Minecraft) [STDOUT]: Sending Info now
[00:52:16] [Server thread/INFO] (Minecraft) [STDOUT]: LEN: 4
[00:52:16] [Server thread/INFO] (Minecraft) [STDOUT]: [3.0, 1.0, 1.0, 2.0]
[00:52:16] [Server thread/INFO] (Minecraft) [STDOUT]: Sending Info now
[00:52:16] [Server thread/INFO] (Minecraft) [STDOUT]: LEN: 4
[00:52:16] [Server thread/INFO] (Minecraft) [STDOUT]: [3.0, 1.0, 1.0, 2.0]
[00:52:16] [Server thread/INFO] (Minecraft) [STDOUT]: Sending Info now
[00:52:16] [Server thread/INFO] (Minecraft) [STDOUT]: LEN: 4
[00:52:16] [Server thread/INFO] (Minecraft) [STDOUT]: [3.0, 1.0, 1.0, 2.0]
[00:52:16] [Server thread/INFO] (Minecraft) [STDOUT]: Sending Info now
[00:52:16] [Server thread/INFO] (Minecraft) [STDOUT]: LEN: 4
[00:52:16] [Server thread/INFO] (Minecraft) [STDOUT]: [3.0, 1.0, 1.0, 2.0]
[00:52:16] [Server thread/INFO] (Minecraft) [STDOUT]: Sending Info now
[00:52:16] [Server thread/INFO] (Minecraft) [STDOUT]: LEN: 4
[00:52:16] [Server thread/INFO] (Minecraft) [STDOUT]: [3.0, 1.0, 1.0, 2.0]
[00:52:16] [Server thread/INFO] (Minecraft) [STDOUT]: Sending Info now
[00:52:16] [Server thread/INFO] (Minecraft) [STDOUT]: LEN: 4
[00:52:16] [Server thread/INFO] (Minecraft) [STDOUT]: [3.0, 1.0, 1.0, 2.0]
[00:52:16] [Server thread/INFO] (Minecraft) [STDOUT]: Sending Info now
[00:52:16] [Server thread/INFO] (Minecraft) [STDOUT]: LEN: 4
[00:52:16] [Server thread/INFO] (Minecraft) [STDOUT]: [3.0, 1.0, 1.0, 2.0]
[00:52:16] [Server thread/INFO] (Minecraft) [STDOUT]: Sending Info now
[00:52:16] [Server thread/INFO] (Minecraft) [STDOUT]: LEN: 4
[00:52:16] [Server thread/INFO] (Minecraft) [STDOUT]: [3.0, 1.0, 1.0, 2.0]
[00:52:16] [Server thread/INFO] (Minecraft) [STDOUT]: Sending Info now
[00:52:16] [Server thread/INFO] (Minecraft) [STDOUT]: LEN: 4
[00:52:16] [Server thread/INFO] (Minecraft) [STDOUT]: [3.0, 1.0, 1.0, 2.0]
[00:52:17] [Server thread/INFO] (Minecraft) [STDOUT]: Sending Info now
[00:52:17] [Server thread/INFO] (Minecraft) [STDOUT]: LEN: 4
[00:52:17] [Server thread/INFO] (Minecraft) [STDOUT]: [3.0, 1.0, 1.0, 2.0]
[00:52:17] [Server thread/INFO] (Minecraft) [STDOUT]: Sending Info now
[00:52:17] [Server thread/INFO] (Minecraft) [STDOUT]: LEN: 4
[00:52:17] [Server thread/INFO] (Minecraft) [STDOUT]: [3.0, 1.0, 1.0, 2.0]
[00:52:17] [Server thread/INFO] (Minecraft) [STDOUT]: Sending Info now
[00:52:17] [Server thread/INFO] (Minecraft) [STDOUT]: LEN: 4
[00:52:17] [Server thread/INFO] (Minecraft) [STDOUT]: [3.0, 1.0, 1.0, 2.0]
[00:52:17] [Server thread/INFO] (Minecraft) [STDOUT]: Sending Info now
[00:52:17] [Server thread/INFO] (Minecraft) [STDOUT]: LEN: 4
[00:52:17] [Server thread/INFO] (Minecraft) [STDOUT]: [3.0, 1.0, 1.0, 2.0]
[00:52:17] [Server thread/INFO] (Minecraft) [STDOUT]: Sending Info now
[00:52:17] [Server thread/INFO] (Minecraft) [STDOUT]: LEN: 4
[00:52:17] [Server thread/INFO] (Minecraft) [STDOUT]: [3.0, 1.0, 1.0, 2.0]
[00:52:17] [Server thread/INFO] (Minecraft) [STDOUT]: Sending Info now
[00:52:17] [Server thread/INFO] (Minecraft) [STDOUT]: LEN: 4
[00:52:17] [Server thread/INFO] (Minecraft) [STDOUT]: [3.0, 1.0, 1.0, 2.0]
[00:52:17] [Server thread/INFO] (Minecraft) [STDOUT]: Sending Info now
[00:52:17] [Server thread/INFO] (Minecraft) [STDOUT]: LEN: 4
[00:52:17] [Server thread/INFO] (Minecraft) [STDOUT]: [3.0, 1.0, 1.0, 2.0]
[00:52:17] [Server thread/INFO] (Minecraft) [STDOUT]: Sending Info now
[00:52:17] [Server thread/INFO] (Minecraft) [STDOUT]: LEN: 4
[00:52:17] [Server thread/INFO] (Minecraft) [STDOUT]: [3.0, 1.0, 1.0, 2.0]
[00:52:17] [Server thread/INFO] (Minecraft) [STDOUT]: Sending Info now
[00:52:17] [Server thread/INFO] (Minecraft) [STDOUT]: LEN: 4
[00:52:17] [Server thread/INFO] (Minecraft) [STDOUT]: [3.0, 1.0, 1.0, 2.0]
[00:52:17] [Server thread/INFO] (Minecraft) [STDOUT]: Sending Info now
[00:52:17] [Server thread/INFO] (Minecraft) [STDOUT]: LEN: 4
[00:52:17] [Server thread/INFO] (Minecraft) [STDOUT]: [3.0, 1.0, 1.0, 2.0]
[00:52:18] [Server thread/INFO] (Minecraft) [STDOUT]: Sending Info now
[00:52:18] [Server thread/INFO] (Minecraft) [STDOUT]: LEN: 4
[00:52:18] [Server thread/INFO] (Minecraft) [STDOUT]: [3.0, 1.0, 1.0, 2.0]
[00:52:18] [Server thread/INFO] (Minecraft) [STDOUT]: Sending Info now
[00:52:18] [Server thread/INFO] (Minecraft) [STDOUT]: LEN: 4
[00:52:18] [Server thread/INFO] (Minecraft) [STDOUT]: [3.0, 1.0, 1.0, 2.0]
[00:52:18] [Server thread/INFO] (Minecraft) [STDOUT]: Sending Info now
[00:52:18] [Server thread/INFO] (Minecraft) [STDOUT]: LEN: 4
[00:52:18] [Server thread/INFO] (Minecraft) [STDOUT]: [3.0, 1.0, 1.0, 2.0]
[00:52:18] [Server thread/INFO] (Minecraft) [STDOUT]: Sending Info now
[00:52:18] [Server thread/INFO] (Minecraft) [STDOUT]: LEN: 4
[00:52:18] [Server thread/INFO] (Minecraft) [STDOUT]: [3.0, 1.0, 1.0, 2.0]
[00:52:18] [Server thread/INFO] (Minecraft) [STDOUT]: Sending Info now
[00:52:18] [Server thread/INFO] (Minecraft) [STDOUT]: LEN: 4
[00:52:18] [Server thread/INFO] (Minecraft) [STDOUT]: [3.0, 1.0, 1.0, 2.0]
[00:52:18] [Server thread/INFO] (Minecraft) [STDOUT]: Sending Info now
[00:52:18] [Server thread/INFO] (Minecraft) [STDOUT]: LEN: 4
[00:52:18] [Server thread/INFO] (Minecraft) [STDOUT]: [3.0, 1.0, 1.0, 2.0]
[00:52:18] [Server thread/INFO] (Minecraft) [STDOUT]: Sending Info now
[00:52:18] [Server thread/INFO] (Minecraft) [STDOUT]: LEN: 4
[00:52:18] [Server thread/INFO] (Minecraft) [STDOUT]: [3.0, 1.0, 1.0, 2.0]
[00:52:18] [Server thread/INFO] (Minecraft) [STDOUT]: Sending Info now
[00:52:18] [Server thread/INFO] (Minecraft) [STDOUT]: LEN: 4
[00:52:18] [Server thread/INFO] (Minecraft) [STDOUT]: [3.0, 1.0, 1.0, 2.0]
[00:52:18] [Server thread/INFO] (Minecraft) [STDOUT]: Sending Info now
[00:52:18] [Server thread/INFO] (Minecraft) [STDOUT]: LEN: 4
[00:52:18] [Server thread/INFO] (Minecraft) [STDOUT]: [3.0, 1.0, 1.0, 2.0]
[00:52:18] [Server thread/INFO] (Minecraft) [STDOUT]: Sending Info now
[00:52:18] [Server thread/INFO] (Minecraft) [STDOUT]: LEN: 4
[00:52:18] [Server thread/INFO] (Minecraft) [STDOUT]: [3.0, 1.0, 1.0, 2.0]
[00:52:19] [Server thread/INFO] (Minecraft) [STDOUT]: Sending Info now
[00:52:19] [Server thread/INFO] (Minecraft) [STDOUT]: LEN: 4
[00:52:19] [Server thread/INFO] (Minecraft) [STDOUT]: [3.0, 1.0, 1.0, 2.0]
[00:52:19] [Server thread/INFO] (Minecraft) [STDOUT]: Sending Info now
[00:52:19] [Server thread/INFO] (Minecraft) [STDOUT]: LEN: 4
[00:52:19] [Server thread/INFO] (Minecraft) [STDOUT]: [3.0, 1.0, 1.0, 2.0]
[00:52:19] [Server thread/INFO] (Minecraft) [STDOUT]: Sending Info now
[00:52:19] [Server thread/INFO] (Minecraft) [STDOUT]: LEN: 4
[00:52:19] [Server thread/INFO] (Minecraft) [STDOUT]: [3.0, 1.0, 1.0, 2.0]
[00:52:19] [Server thread/INFO] (Minecraft) [STDOUT]: Sending Info now
[00:52:19] [Server thread/INFO] (Minecraft) [STDOUT]: LEN: 4
[00:52:19] [Server thread/INFO] (Minecraft) [STDOUT]: [3.0, 1.0, 1.0, 2.0]
[00:52:19] [Server thread/INFO] (Minecraft) [STDOUT]: Sending Info now
[00:52:19] [Server thread/INFO] (Minecraft) [STDOUT]: LEN: 4
[00:52:19] [Server thread/INFO] (Minecraft) [STDOUT]: [3.0, 1.0, 1.0, 2.0]
[00:52:19] [Server thread/INFO] (Minecraft) [STDOUT]: Sending Info now
[00:52:19] [Server thread/INFO] (Minecraft) [STDOUT]: LEN: 4
[00:52:19] [Server thread/INFO] (Minecraft) [STDOUT]: [3.0, 1.0, 1.0, 2.0]
[00:52:19] [Server thread/INFO] (Minecraft) [STDOUT]: Sending Info now
[00:52:19] [Server thread/INFO] (Minecraft) [STDOUT]: LEN: 4
[00:52:19] [Server thread/INFO] (Minecraft) [STDOUT]: [3.0, 1.0, 1.0, 2.0]
[00:52:19] [Server thread/INFO] (Minecraft) [STDOUT]: Sending Info now
[00:52:19] [Server thread/INFO] (Minecraft) [STDOUT]: LEN: 4
[00:52:19] [Server thread/INFO] (Minecraft) [STDOUT]: [3.0, 1.0, 1.0, 2.0]
[00:52:19] [Server thread/INFO] (Minecraft) [STDOUT]: Sending Info now
[00:52:19] [Server thread/INFO] (Minecraft) [STDOUT]: LEN: 4
[00:52:19] [Server thread/INFO] (Minecraft) [STDOUT]: [3.0, 1.0, 1.0, 2.0]
[00:52:19] [Server thread/INFO] (Minecraft) [STDOUT]: Sending Info now
[00:52:19] [Server thread/INFO] (Minecraft) [STDOUT]: LEN: 4
[00:52:19] [Server thread/INFO] (Minecraft) [STDOUT]: [3.0, 1.0, 1.0, 2.0]
[00:52:20] [Server thread/INFO] (Minecraft) [STDOUT]: Sending Info now
[00:52:20] [Server thread/INFO] (Minecraft) [STDOUT]: LEN: 4
[00:52:20] [Server thread/INFO] (Minecraft) [STDOUT]: [3.0, 1.0, 1.0, 2.0]
[00:52:20] [Server thread/INFO] (Minecraft) [STDOUT]: Sending Info now
[00:52:20] [Server thread/INFO] (Minecraft) [STDOUT]: LEN: 4
[00:52:20] [Server thread/INFO] (Minecraft) [STDOUT]: [3.0, 1.0, 1.0, 2.0]
[00:52:20] [Server thread/INFO] (Minecraft) [STDOUT]: Sending Info now
[00:52:20] [Server thread/INFO] (Minecraft) [STDOUT]: LEN: 4
[00:52:20] [Server thread/INFO] (Minecraft) [STDOUT]: [3.0, 1.0, 1.0, 2.0]
[00:52:20] [Server thread/INFO] (Minecraft) [STDOUT]: Sending Info now
[00:52:20] [Server thread/INFO] (Minecraft) [STDOUT]: LEN: 4
[00:52:20] [Server thread/INFO] (Minecraft) [STDOUT]: [3.0, 1.0, 1.0, 2.0]
[00:52:20] [Server thread/INFO] (Minecraft) [STDOUT]: Sending Info now
[00:52:20] [Server thread/INFO] (Minecraft) [STDOUT]: LEN: 4
[00:52:20] [Server thread/INFO] (Minecraft) [STDOUT]: [3.0, 1.0, 1.0, 2.0]
[00:52:20] [Server thread/INFO] (Minecraft) [STDOUT]: Sending Info now
[00:52:20] [Server thread/INFO] (Minecraft) [STDOUT]: LEN: 4
[00:52:20] [Server thread/INFO] (Minecraft) [STDOUT]: [3.0, 1.0, 1.0, 2.0]
[00:52:20] [Server thread/INFO] (Minecraft) [STDOUT]: Sending Info now
[00:52:20] [Server thread/INFO] (Minecraft) [STDOUT]: LEN: 4
[00:52:20] [Server thread/INFO] (Minecraft) [STDOUT]: [3.0, 1.0, 1.0, 2.0]
[00:52:20] [Server thread/INFO] (Minecraft) [STDOUT]: Sending Info now
[00:52:20] [Server thread/INFO] (Minecraft) [STDOUT]: LEN: 4
[00:52:20] [Server thread/INFO] (Minecraft) [STDOUT]: [3.0, 1.0, 1.0, 2.0]
[00:52:20] [Server thread/INFO] (Minecraft) [STDOUT]: Sending Info now
[00:52:20] [Server thread/INFO] (Minecraft) [STDOUT]: LEN: 4
[00:52:20] [Server thread/INFO] (Minecraft) [STDOUT]: [3.0, 1.0, 1.0, 2.0]
[00:52:20] [Server thread/INFO] (Minecraft) [STDOUT]: Sending Info now
[00:52:21] [Server thread/INFO] (Minecraft) [STDOUT]: LEN: 4
[00:52:21] [Server thread/INFO] (Minecraft) [STDOUT]: [3.0, 1.0, 1.0, 2.0]
[00:52:21] [Server thread/INFO] (Minecraft) [STDOUT]: Sending Info now
[00:52:21] [Server thread/INFO] (Minecraft) [STDOUT]: LEN: 4
[00:52:21] [Server thread/INFO] (Minecraft) [STDOUT]: [3.0, 1.0, 1.0, 2.0]
[00:52:21] [Server thread/INFO] (Minecraft) [STDOUT]: Sending Info now
[00:52:21] [Server thread/INFO] (Minecraft) [STDOUT]: LEN: 4
[00:52:21] [Server thread/INFO] (Minecraft) [STDOUT]: [3.0, 1.0, 1.0, 2.0]
[00:52:21] [Server thread/INFO] (Minecraft) [STDOUT]: Sending Info now
[00:52:21] [Server thread/INFO] (Minecraft) [STDOUT]: LEN: 4
[00:52:21] [Server thread/INFO] (Minecraft) [STDOUT]: [3.0, 1.0, 1.0, 2.0]
[00:52:21] [Server thread/INFO] (Minecraft) [STDOUT]: Sending Info now
[00:52:21] [Server thread/INFO] (Minecraft) [STDOUT]: LEN: 4
[00:52:21] [Server thread/INFO] (Minecraft) [STDOUT]: [3.0, 1.0, 1.0, 2.0]
[00:52:21] [Server thread/INFO] (Minecraft) [STDOUT]: Sending Info now
[00:52:21] [Server thread/INFO] (Minecraft) [STDOUT]: LEN: 4
[00:52:21] [Server thread/INFO] (Minecraft) [STDOUT]: [3.0, 1.0, 1.0, 2.0]
[00:52:21] [Server thread/INFO] (Minecraft) [STDOUT]: Sending Info now
[00:52:21] [Server thread/INFO] (Minecraft) [STDOUT]: LEN: 4
[00:52:21] [Server thread/INFO] (Minecraft) [STDOUT]: [3.0, 1.0, 1.0, 2.0]
[00:52:21] [Server thread/INFO] (Minecraft) [STDOUT]: Sending Info now
[00:52:21] [Server thread/INFO] (Minecraft) [STDOUT]: LEN: 4
[00:52:21] [Server thread/INFO] (Minecraft) [STDOUT]: [3.0, 1.0, 1.0, 2.0]
[00:52:21] [Server thread/INFO] (Minecraft) [STDOUT]: Sending Info now
[00:52:21] [Server thread/INFO] (Minecraft) [STDOUT]: LEN: 4
[00:52:21] [Server thread/INFO] (Minecraft) [STDOUT]: [3.0, 1.0, 1.0, 2.0]
[00:52:21] [Server thread/INFO] (Minecraft) [STDOUT]: Sending Info now
[00:52:21] [Server thread/INFO] (Minecraft) [STDOUT]: LEN: 4
[00:52:21] [Server thread/INFO] (Minecraft) [STDOUT]: [3.0, 1.0, 1.0, 2.0]
[00:52:21] [Server thread/INFO] (Minecraft) [STDOUT]: Sending Info now
[00:52:22] [Server thread/INFO] (Minecraft) [STDOUT]: LEN: 4
[00:52:22] [Server thread/INFO] (Minecraft) [STDOUT]: [3.0, 1.0, 1.0, 2.0]
[00:52:22] [Server thread/INFO] (Minecraft) [STDOUT]: Sending Info now
[00:52:22] [Server thread/INFO] (Minecraft) [STDOUT]: LEN: 4
[00:52:22] [Server thread/INFO] (Minecraft) [STDOUT]: [3.0, 1.0, 1.0, 2.0]
[00:52:22] [Server thread/INFO] (Minecraft) [STDOUT]: Sending Info now
[00:52:22] [Server thread/INFO] (Minecraft) [STDOUT]: LEN: 4
[00:52:22] [Server thread/INFO] (Minecraft) [STDOUT]: [3.0, 1.0, 1.0, 2.0]
[00:52:22] [Server thread/INFO] (Minecraft) [STDOUT]: Sending Info now
[00:52:22] [Server thread/INFO] (Minecraft) [STDOUT]: LEN: 4
[00:52:22] [Server thread/INFO] (Minecraft) [STDOUT]: [3.0, 1.0, 1.0, 2.0]
[00:52:22] [Server thread/INFO] (Minecraft) [STDOUT]: Sending Info now
[00:52:22] [Server thread/INFO] (Minecraft) [STDOUT]: LEN: 4
[00:52:22] [Server thread/INFO] (Minecraft) [STDOUT]: [3.0, 1.0, 1.0, 2.0]
[00:52:22] [Server thread/INFO] (Minecraft) [STDOUT]: Sending Info now
[00:52:22] [Server thread/INFO] (Minecraft) [STDOUT]: LEN: 4
[00:52:22] [Server thread/INFO] (Minecraft) [STDOUT]: [3.0, 1.0, 1.0, 2.0]
[00:52:22] [Server thread/INFO] (Minecraft) [STDOUT]: Sending Info now
[00:52:22] [Server thread/INFO] (Minecraft) [STDOUT]: LEN: 4
[00:52:22] [Server thread/INFO] (Minecraft) [STDOUT]: [3.0, 1.0, 1.0, 2.0]
[00:52:22] [Server thread/INFO] (Minecraft) [STDOUT]: Sending Info now
[00:52:22] [Server thread/INFO] (Minecraft) [STDOUT]: LEN: 4
[00:52:22] [Server thread/INFO] (Minecraft) [STDOUT]: [3.0, 1.0, 1.0, 2.0]
[00:52:22] [Server thread/INFO] (Minecraft) [STDOUT]: Sending Info now
[00:52:22] [Server thread/INFO] (Minecraft) [STDOUT]: LEN: 4
[00:52:22] [Server thread/INFO] (Minecraft) [STDOUT]: [3.0, 1.0, 1.0, 2.0]
[00:52:22] [Server thread/INFO] (Minecraft) [STDOUT]: Sending Info now
[00:52:22] [Server thread/INFO] (Minecraft) [STDOUT]: LEN: 4
[00:52:22] [Server thread/INFO] (Minecraft) [STDOUT]: [3.0, 1.0, 1.0, 2.0]
[00:52:22] [Server thread/INFO] (Minecraft) [STDOUT]: Sending Info now
[00:52:22] [Server thread/INFO] (Minecraft) [STDOUT]: LEN: 4
[00:52:22] [Server thread/INFO] (Minecraft) [STDOUT]: [3.0, 1.0, 1.0, 2.0]
[00:52:23] [Server thread/INFO] (Minecraft) [STDOUT]: Sending Info now
[00:52:23] [Server thread/INFO] (Minecraft) [STDOUT]: LEN: 4
[00:52:23] [Server thread/INFO] (Minecraft) [STDOUT]: [3.0, 1.0, 1.0, 2.0]
[00:52:23] [Server thread/INFO] (Minecraft) [STDOUT]: Sending Info now
[00:52:23] [Server thread/INFO] (Minecraft) [STDOUT]: LEN: 4
[00:52:23] [Server thread/INFO] (Minecraft) [STDOUT]: [3.0, 1.0, 1.0, 2.0]
[00:52:23] [Server thread/INFO] (Minecraft) [STDOUT]: Sending Info now
[00:52:23] [Server thread/INFO] (Minecraft) [STDOUT]: LEN: 4
[00:52:23] [Server thread/INFO] (Minecraft) [STDOUT]: [3.0, 1.0, 1.0, 2.0]
[00:52:23] [Server thread/INFO] (Minecraft) [STDOUT]: Sending Info now
[00:52:23] [Server thread/INFO] (Minecraft) [STDOUT]: LEN: 4
[00:52:23] [Server thread/INFO] (Minecraft) [STDOUT]: [3.0, 1.0, 1.0, 2.0]
[00:52:23] [Server thread/INFO] (Minecraft) [STDOUT]: Sending Info now
[00:52:23] [Server thread/INFO] (Minecraft) [STDOUT]: LEN: 4
[00:52:23] [Server thread/INFO] (Minecraft) [STDOUT]: [3.0, 1.0, 1.0, 2.0]
[00:52:23] [Server thread/INFO] (Minecraft) [STDOUT]: Sending Info now
[00:52:23] [Server thread/INFO] (Minecraft) [STDOUT]: LEN: 4
[00:52:23] [Server thread/INFO] (Minecraft) [STDOUT]: [3.0, 1.0, 1.0, 2.0]
[00:52:23] [Server thread/INFO] (Minecraft) [STDOUT]: Sending Info now
[00:52:23] [Server thread/INFO] (Minecraft) [STDOUT]: LEN: 4
[00:52:23] [Server thread/INFO] (Minecraft) [STDOUT]: [3.0, 1.0, 1.0, 2.0]
[00:52:23] [Server thread/INFO] (Minecraft) [STDOUT]: Sending Info now
[00:52:23] [Server thread/INFO] (Minecraft) [STDOUT]: LEN: 4
[00:52:23] [Server thread/INFO] (Minecraft) [STDOUT]: [3.0, 1.0, 1.0, 2.0]
[00:52:23] [Server thread/INFO] (Minecraft) [STDOUT]: Sending Info now
[00:52:23] [Server thread/INFO] (Minecraft) [STDOUT]: LEN: 4
[00:52:23] [Server thread/INFO] (Minecraft) [STDOUT]: [3.0, 1.0, 1.0, 2.0]
[00:52:23] [Server thread/INFO] (Minecraft) [STDOUT]: Sending Info now
[00:52:23] [Server thread/INFO] (Minecraft) [STDOUT]: LEN: 4
[00:52:23] [Server thread/INFO] (Minecraft) [STDOUT]: [3.0, 1.0, 1.0, 2.0]
[00:52:24] [Server thread/INFO] (Minecraft) [STDOUT]: Sending Info now
[00:52:24] [Server thread/INFO] (Minecraft) [STDOUT]: LEN: 4
[00:52:24] [Server thread/INFO] (Minecraft) [STDOUT]: [3.0, 1.0, 1.0, 2.0]
[00:52:24] [Server thread/INFO] (Minecraft) [STDOUT]: Sending Info now
[00:52:24] [Server thread/INFO] (Minecraft) [STDOUT]: LEN: 4
[00:52:24] [Server thread/INFO] (Minecraft) [STDOUT]: [3.0, 1.0, 1.0, 2.0]
[00:52:24] [Server thread/INFO] (Minecraft) [STDOUT]: Sending Info now
[00:52:24] [Server thread/INFO] (Minecraft) [STDOUT]: LEN: 4
[00:52:24] [Server thread/INFO] (Minecraft) [STDOUT]: [3.0, 1.0, 1.0, 2.0]
[00:52:24] [Server thread/INFO] (Minecraft) [STDOUT]: Sending Info now
[00:52:24] [Server thread/INFO] (Minecraft) [STDOUT]: LEN: 4
[00:52:24] [Server thread/INFO] (Minecraft) [STDOUT]: [3.0, 1.0, 1.0, 2.0]
[00:52:24] [Server thread/INFO] (Minecraft) [STDOUT]: Sending Info now
[00:52:24] [Server thread/INFO] (Minecraft) [STDOUT]: LEN: 4
[00:52:24] [Server thread/INFO] (Minecraft) [STDOUT]: [3.0, 1.0, 1.0, 2.0]
[00:52:24] [Server thread/INFO] (Minecraft) [STDOUT]: Sending Info now
[00:52:24] [Server thread/INFO] (Minecraft) [STDOUT]: LEN: 4
[00:52:24] [Server thread/INFO] (Minecraft) [STDOUT]: [3.0, 1.0, 1.0, 2.0]
[00:52:24] [Server thread/INFO] (Minecraft) [STDOUT]: Sending Info now
[00:52:24] [Server thread/INFO] (Minecraft) [STDOUT]: LEN: 4
[00:52:24] [Server thread/INFO] (Minecraft) [STDOUT]: [3.0, 1.0, 1.0, 2.0]
[00:52:24] [Server thread/INFO] (Minecraft) [STDOUT]: Sending Info now
[00:52:24] [Server thread/INFO] (Minecraft) [STDOUT]: LEN: 4
[00:52:24] [Server thread/INFO] (Minecraft) [STDOUT]: [3.0, 1.0, 1.0, 2.0]
[00:52:24] [Server thread/INFO] (Minecraft) [STDOUT]: Sending Info now
[00:52:24] [Server thread/INFO] (Minecraft) [STDOUT]: LEN: 4
[00:52:24] [Server thread/INFO] (Minecraft) [STDOUT]: [3.0, 1.0, 1.0, 2.0]
[00:52:24] [Server thread/INFO] (Minecraft) [STDOUT]: Sending Info now
[00:52:25] [Server thread/INFO] (Minecraft) [STDOUT]: LEN: 4
[00:52:25] [Server thread/INFO] (Minecraft) [STDOUT]: [3.0, 1.0, 1.0, 2.0]
[00:52:25] [Server thread/INFO] (Minecraft) [STDOUT]: Sending Info now
[00:52:25] [Server thread/INFO] (Minecraft) [STDOUT]: LEN: 4
[00:52:25] [Server thread/INFO] (Minecraft) [STDOUT]: [3.0, 1.0, 1.0, 2.0]
[00:52:25] [Server thread/INFO] (Minecraft) [STDOUT]: Sending Info now
[00:52:25] [Server thread/INFO] (Minecraft) [STDOUT]: LEN: 4
[00:52:25] [Server thread/INFO] (Minecraft) [STDOUT]: [3.0, 1.0, 1.0, 2.0]
[00:52:25] [Server thread/INFO] (Minecraft) [STDOUT]: Sending Info now
[00:52:25] [Server thread/INFO] (Minecraft) [STDOUT]: LEN: 4
[00:52:25] [Server thread/INFO] (Minecraft) [STDOUT]: [3.0, 1.0, 1.0, 2.0]
[00:52:25] [Server thread/INFO] (Minecraft) [STDOUT]: Sending Info now
[00:52:25] [Server thread/INFO] (Minecraft) [STDOUT]: LEN: 4
[00:52:25] [Server thread/INFO] (Minecraft) [STDOUT]: [3.0, 1.0, 1.0, 2.0]
[00:52:25] [Server thread/INFO] (Minecraft) [STDOUT]: Sending Info now
[00:52:25] [Server thread/INFO] (Minecraft) [STDOUT]: LEN: 4
[00:52:25] [Server thread/INFO] (Minecraft) [STDOUT]: [3.0, 1.0, 1.0, 2.0]
[00:52:25] [Server thread/INFO] (Minecraft) [STDOUT]: Sending Info now
[00:52:25] [Server thread/INFO] (Minecraft) [STDOUT]: LEN: 4
[00:52:25] [Server thread/INFO] (Minecraft) [STDOUT]: [3.0, 1.0, 1.0, 2.0]
[00:52:25] [Server thread/INFO] (Minecraft) [STDOUT]: Sending Info now
[00:52:25] [Server thread/INFO] (Minecraft) [STDOUT]: LEN: 4
[00:52:25] [Server thread/INFO] (Minecraft) [STDOUT]: [3.0, 1.0, 1.0, 2.0]
[00:52:25] [Server thread/INFO] (Minecraft) [STDOUT]: Sending Info now
[00:52:25] [Server thread/INFO] (Minecraft) [STDOUT]: LEN: 4
[00:52:25] [Server thread/INFO] (Minecraft) [STDOUT]: [3.0, 1.0, 1.0, 2.0]
[00:52:25] [Server thread/INFO] (Minecraft) [STDOUT]: Sending Info now
[00:52:25] [Server thread/INFO] (Minecraft) [STDOUT]: LEN: 4
[00:52:25] [Server thread/INFO] (Minecraft) [STDOUT]: [3.0, 1.0, 1.0, 2.0]
[00:52:25] [Server thread/INFO] (Minecraft) [STDOUT]: Sending Info now
[00:52:25] [Server thread/INFO] (Minecraft) [STDOUT]: LEN: 4
[00:52:25] [Server thread/INFO] (Minecraft) [STDOUT]: [3.0, 1.0, 1.0, 2.0]
[00:52:26] [Server thread/INFO] (Minecraft) [STDOUT]: Sending Info now
[00:52:26] [Server thread/INFO] (Minecraft) [STDOUT]: LEN: 4
[00:52:26] [Server thread/INFO] (Minecraft) [STDOUT]: [3.0, 1.0, 1.0, 2.0]
[00:52:26] [Server thread/INFO] (Minecraft) [STDOUT]: Sending Info now
[00:52:26] [Server thread/INFO] (Minecraft) [STDOUT]: LEN: 4
[00:52:26] [Server thread/INFO] (Minecraft) [STDOUT]: [3.0, 1.0, 1.0, 2.0]
[00:52:26] [Server thread/INFO] (Minecraft) [STDOUT]: Sending Info now
[00:52:26] [Server thread/INFO] (Minecraft) [STDOUT]: LEN: 4
[00:52:26] [Server thread/INFO] (Minecraft) [STDOUT]: [3.0, 1.0, 1.0, 2.0]
[00:52:26] [Server thread/INFO] (Minecraft) [STDOUT]: Sending Info now
[00:52:26] [Server thread/INFO] (Minecraft) [STDOUT]: LEN: 4
[00:52:26] [Server thread/INFO] (Minecraft) [STDOUT]: [3.0, 1.0, 1.0, 2.0]
[00:52:26] [Server thread/INFO] (Minecraft) [STDOUT]: Sending Info now
[00:52:26] [Server thread/INFO] (Minecraft) [STDOUT]: LEN: 4
[00:52:26] [Server thread/INFO] (Minecraft) [STDOUT]: [3.0, 1.0, 1.0, 2.0]
[00:52:26] [Server thread/INFO] (Minecraft) [STDOUT]: Sending Info now
[00:52:26] [Server thread/INFO] (Minecraft) [STDOUT]: LEN: 4
[00:52:26] [Server thread/INFO] (Minecraft) [STDOUT]: [3.0, 1.0, 1.0, 2.0]
[00:52:26] [Server thread/INFO] (Minecraft) [STDOUT]: Sending Info now
[00:52:26] [Server thread/INFO] (Minecraft) [STDOUT]: LEN: 4
[00:52:26] [Server thread/INFO] (Minecraft) [STDOUT]: [3.0, 1.0, 1.0, 2.0]
[00:52:26] [Server thread/INFO] (Minecraft) [STDOUT]: Sending Info now
[00:52:26] [Server thread/INFO] (Minecraft) [STDOUT]: LEN: 4
[00:52:26] [Server thread/INFO] (Minecraft) [STDOUT]: [3.0, 1.0, 1.0, 2.0]
[00:52:26] [Server thread/INFO] (Minecraft) [STDOUT]: Sending Info now
[00:52:26] [Server thread/INFO] (Minecraft) [STDOUT]: LEN: 4
[00:52:26] [Server thread/INFO] (Minecraft) [STDOUT]: [3.0, 1.0, 1.0, 2.0]
[00:52:26] [Server thread/INFO] (Minecraft) [STDOUT]: Sending Info now
[00:52:26] [Server thread/INFO] (Minecraft) [STDOUT]: LEN: 4
[00:52:26] [Server thread/INFO] (Minecraft) [STDOUT]: [3.0, 1.0, 1.0, 2.0]
[00:52:27] [Server thread/INFO] (Minecraft) [STDOUT]: Sending Info now
[00:52:27] [Server thread/INFO] (Minecraft) [STDOUT]: LEN: 4
[00:52:27] [Server thread/INFO] (Minecraft) [STDOUT]: [3.0, 1.0, 1.0, 2.0]
[00:52:27] [Server thread/INFO] (Minecraft) [STDOUT]: Sending Info now
[00:52:27] [Server thread/INFO] (Minecraft) [STDOUT]: LEN: 4
[00:52:27] [Server thread/INFO] (Minecraft) [STDOUT]: [3.0, 1.0, 1.0, 2.0]
[00:52:27] [Server thread/INFO] (Minecraft) [STDOUT]: Sending Info now
[00:52:27] [Server thread/INFO] (Minecraft) [STDOUT]: LEN: 4
[00:52:27] [Server thread/INFO] (Minecraft) [STDOUT]: [3.0, 1.0, 1.0, 2.0]
[00:52:27] [Server thread/INFO] (Minecraft) [STDOUT]: Sending Info now
[00:52:27] [Server thread/INFO] (Minecraft) [STDOUT]: LEN: 4
[00:52:27] [Server thread/INFO] (Minecraft) [STDOUT]: [3.0, 1.0, 1.0, 2.0]
[00:52:27] [Server thread/INFO] (Minecraft) [STDOUT]: Sending Info now
[00:52:27] [Server thread/INFO] (Minecraft) [STDOUT]: LEN: 4
[00:52:27] [Server thread/INFO] (Minecraft) [STDOUT]: [3.0, 1.0, 1.0, 2.0]
[00:52:27] [Server thread/INFO] (Minecraft) [STDOUT]: Sending Info now
[00:52:27] [Server thread/INFO] (Minecraft) [STDOUT]: LEN: 4
[00:52:27] [Server thread/INFO] (Minecraft) [STDOUT]: [3.0, 1.0, 1.0, 2.0]
[00:52:27] [Server thread/INFO] (Minecraft) [STDOUT]: Sending Info now
[00:52:27] [Server thread/INFO] (Minecraft) [STDOUT]: LEN: 4
[00:52:27] [Server thread/INFO] (Minecraft) [STDOUT]: [3.0, 1.0, 1.0, 2.0]
[00:52:27] [Server thread/INFO] (Minecraft) [STDOUT]: Sending Info now
[00:52:27] [Server thread/INFO] (Minecraft) [STDOUT]: LEN: 4
[00:52:27] [Server thread/INFO] (Minecraft) [STDOUT]: [3.0, 1.0, 1.0, 2.0]
[00:52:27] [Server thread/INFO] (Minecraft) [STDOUT]: Sending Info now
[00:52:27] [Server thread/INFO] (Minecraft) [STDOUT]: LEN: 4
[00:52:27] [Server thread/INFO] (Minecraft) [STDOUT]: [3.0, 1.0, 1.0, 2.0]
[00:52:27] [Server thread/INFO] (Minecraft) [STDOUT]: Sending Info now
[00:52:27] [Server thread/INFO] (Minecraft) [STDOUT]: LEN: 4
[00:52:27] [Server thread/INFO] (Minecraft) [STDOUT]: [3.0, 1.0, 1.0, 2.0]
[00:52:28] [Server thread/INFO] (Minecraft) [STDOUT]: Sending Info now
[00:52:28] [Server thread/INFO] (Minecraft) [STDOUT]: LEN: 4
[00:52:28] [Server thread/INFO] (Minecraft) [STDOUT]: [3.0, 1.0, 1.0, 2.0]
[00:52:28] [Server thread/INFO] (Minecraft) [STDOUT]: Sending Info now
[00:52:28] [Server thread/INFO] (Minecraft) [STDOUT]: LEN: 4
[00:52:28] [Server thread/INFO] (Minecraft) [STDOUT]: [3.0, 1.0, 1.0, 2.0]
[00:52:28] [Server thread/INFO] (Minecraft) [STDOUT]: Sending Info now
[00:52:28] [Server thread/INFO] (Minecraft) [STDOUT]: LEN: 4
[00:52:28] [Server thread/INFO] (Minecraft) [STDOUT]: [3.0, 1.0, 1.0, 2.0]
[00:52:28] [Server thread/INFO] (Minecraft) [STDOUT]: Sending Info now
[00:52:28] [Server thread/INFO] (Minecraft) [STDOUT]: LEN: 4
[00:52:28] [Server thread/INFO] (Minecraft) [STDOUT]: [3.0, 1.0, 1.0, 2.0]
[00:52:28] [Server thread/INFO] (Minecraft) [STDOUT]: Sending Info now
[00:52:28] [Server thread/INFO] (Minecraft) [STDOUT]: LEN: 4
[00:52:28] [Server thread/INFO] (Minecraft) [STDOUT]: [3.0, 1.0, 1.0, 2.0]
[00:52:28] [Server thread/INFO] (Minecraft) [STDOUT]: Sending Info now
[00:52:28] [Server thread/INFO] (Minecraft) [STDOUT]: LEN: 4
[00:52:28] [Server thread/INFO] (Minecraft) [STDOUT]: [3.0, 1.0, 1.0, 2.0]
[00:52:28] [Server thread/INFO] (Minecraft) [STDOUT]: Sending Info now
[00:52:28] [Server thread/INFO] (Minecraft) [STDOUT]: LEN: 4
[00:52:28] [Server thread/INFO] (Minecraft) [STDOUT]: [3.0, 1.0, 1.0, 2.0]
[00:52:28] [Server thread/INFO] (Minecraft) [STDOUT]: Sending Info now
[00:52:28] [Server thread/INFO] (Minecraft) [STDOUT]: LEN: 4
[00:52:28] [Server thread/INFO] (Minecraft) [STDOUT]: [3.0, 1.0, 1.0, 2.0]
[00:52:28] [Server thread/INFO] (Minecraft) [STDOUT]: Sending Info now
[00:52:28] [Server thread/INFO] (Minecraft) [STDOUT]: LEN: 4
[00:52:28] [Server thread/INFO] (Minecraft) [STDOUT]: [3.0, 1.0, 1.0, 2.0]
[00:52:28] [Server thread/INFO] (Minecraft) [STDOUT]: Sending Info now
[00:52:28] [Server thread/INFO] (Minecraft) [STDOUT]: LEN: 4
[00:52:28] [Server thread/INFO] (Minecraft) [STDOUT]: [3.0, 1.0, 1.0, 2.0]
[00:52:29] [Server thread/INFO] (Minecraft) [STDOUT]: Sending Info now
[00:52:29] [Server thread/INFO] (Minecraft) [STDOUT]: LEN: 4
[00:52:29] [Server thread/INFO] (Minecraft) [STDOUT]: [3.0, 1.0, 1.0, 2.0]
[00:52:29] [Server thread/INFO] (Minecraft) [STDOUT]: Sending Info now
[00:52:29] [Server thread/INFO] (Minecraft) [STDOUT]: LEN: 4
[00:52:29] [Server thread/INFO] (Minecraft) [STDOUT]: [3.0, 1.0, 1.0, 2.0]
[00:52:29] [Server thread/INFO] (Minecraft) [STDOUT]: Sending Info now
[00:52:29] [Server thread/INFO] (Minecraft) [STDOUT]: LEN: 4
[00:52:29] [Server thread/INFO] (Minecraft) [STDOUT]: [3.0, 1.0, 1.0, 2.0]
[00:52:29] [Server thread/INFO] (Minecraft) [STDOUT]: Sending Info now
[00:52:29] [Server thread/INFO] (Minecraft) [STDOUT]: LEN: 4
[00:52:29] [Server thread/INFO] (Minecraft) [STDOUT]: [3.0, 1.0, 1.0, 2.0]
[00:52:29] [Server thread/INFO] (Minecraft) [STDOUT]: Sending Info now
[00:52:29] [Server thread/INFO] (Minecraft) [STDOUT]: LEN: 4
[00:52:29] [Server thread/INFO] (Minecraft) [STDOUT]: [3.0, 1.0, 1.0, 2.0]
[00:52:29] [Server thread/INFO] (Minecraft) [STDOUT]: Sending Info now
[00:52:29] [Server thread/INFO] (Minecraft) [STDOUT]: LEN: 4
[00:52:29] [Server thread/INFO] (Minecraft) [STDOUT]: [3.0, 1.0, 1.0, 2.0]
[00:52:29] [Server thread/INFO] (Minecraft) [STDOUT]: Sending Info now
[00:52:29] [Server thread/INFO] (Minecraft) [STDOUT]: LEN: 4
[00:52:29] [Server thread/INFO] (Minecraft) [STDOUT]: [3.0, 1.0, 1.0, 2.0]
[00:52:29] [Server thread/INFO] (Minecraft) [STDOUT]: Sending Info now
[00:52:29] [Server thread/INFO] (Minecraft) [STDOUT]: LEN: 4
[00:52:29] [Server thread/INFO] (Minecraft) [STDOUT]: [3.0, 1.0, 1.0, 2.0]
[00:52:29] [Server thread/INFO] (Minecraft) [STDOUT]: Sending Info now
[00:52:29] [Server thread/INFO] (Minecraft) [STDOUT]: LEN: 4
[00:52:29] [Server thread/INFO] (Minecraft) [STDOUT]: [3.0, 1.0, 1.0, 2.0]
[00:52:29] [Server thread/INFO] (Minecraft) [STDOUT]: Sending Info now
[00:52:29] [Server thread/INFO] (Minecraft) [STDOUT]: LEN: 4
[00:52:29] [Server thread/INFO] (Minecraft) [STDOUT]: [3.0, 1.0, 1.0, 2.0]
[00:52:30] [Server thread/INFO] (Minecraft) [STDOUT]: Sending Info now
[00:52:30] [Server thread/INFO] (Minecraft) [STDOUT]: LEN: 4
[00:52:30] [Server thread/INFO] (Minecraft) [STDOUT]: [3.0, 1.0, 1.0, 2.0]
[00:52:30] [Server thread/INFO] (Minecraft) [STDOUT]: Sending Info now
[00:52:30] [Server thread/INFO] (Minecraft) [STDOUT]: LEN: 4
[00:52:30] [Server thread/INFO] (Minecraft) [STDOUT]: [3.0, 1.0, 1.0, 2.0]
[00:52:30] [Server thread/INFO] (Minecraft) [STDOUT]: Sending Info now
[00:52:30] [Server thread/INFO] (Minecraft) [STDOUT]: LEN: 4
[00:52:30] [Server thread/INFO] (Minecraft) [STDOUT]: [3.0, 1.0, 1.0, 2.0]
[00:52:30] [Server thread/INFO] (Minecraft) [STDOUT]: Sending Info now
[00:52:30] [Server thread/INFO] (Minecraft) [STDOUT]: LEN: 4
[00:52:30] [Server thread/INFO] (Minecraft) [STDOUT]: [3.0, 1.0, 1.0, 2.0]
[00:52:30] [Server thread/INFO] (Minecraft) [STDOUT]: Sending Info now
[00:52:30] [Server thread/INFO] (Minecraft) [STDOUT]: LEN: 4
[00:52:30] [Server thread/INFO] (Minecraft) [STDOUT]: [3.0, 1.0, 1.0, 2.0]
[00:52:30] [Server thread/INFO] (Minecraft) [STDOUT]: Sending Info now
[00:52:30] [Server thread/INFO] (Minecraft) [STDOUT]: LEN: 4
[00:52:30] [Server thread/INFO] (Minecraft) [STDOUT]: [3.0, 1.0, 1.0, 2.0]
[00:52:30] [Server thread/INFO] (Minecraft) [STDOUT]: Sending Info now
[00:52:30] [Server thread/INFO] (Minecraft) [STDOUT]: LEN: 4
[00:52:30] [Server thread/INFO] (Minecraft) [STDOUT]: [3.0, 1.0, 1.0, 2.0]
[00:52:30] [Server thread/INFO] (Minecraft) [STDOUT]: Sending Info now
[00:52:30] [Server thread/INFO] (Minecraft) [STDOUT]: LEN: 4
[00:52:30] [Server thread/INFO] (Minecraft) [STDOUT]: [3.0, 1.0, 1.0, 2.0]
[00:52:30] [Server thread/INFO] (Minecraft) [STDOUT]: Sending Info now
[00:52:30] [Server thread/INFO] (Minecraft) [STDOUT]: LEN: 4
[00:52:30] [Server thread/INFO] (Minecraft) [STDOUT]: [3.0, 1.0, 1.0, 2.0]
[00:52:30] [Server thread/INFO] (Minecraft) [STDOUT]: Sending Info now
[00:52:30] [Server thread/INFO] (Minecraft) [STDOUT]: LEN: 4
[00:52:30] [Server thread/INFO] (Minecraft) [STDOUT]: [3.0, 1.0, 1.0, 2.0]
[00:52:31] [Server thread/INFO] (Minecraft) [STDOUT]: Sending Info now
[00:52:31] [Server thread/INFO] (Minecraft) [STDOUT]: LEN: 4
[00:52:31] [Server thread/INFO] (Minecraft) [STDOUT]: [3.0, 1.0, 1.0, 2.0]
[00:52:31] [Server thread/INFO] (Minecraft) [STDOUT]: Sending Info now
[00:52:31] [Server thread/INFO] (Minecraft) [STDOUT]: LEN: 4
[00:52:31] [Server thread/INFO] (Minecraft) [STDOUT]: [3.0, 1.0, 1.0, 2.0]
[00:52:31] [Server thread/INFO] (Minecraft) [STDOUT]: Sending Info now
[00:52:31] [Server thread/INFO] (Minecraft) [STDOUT]: LEN: 4
[00:52:31] [Server thread/INFO] (Minecraft) [STDOUT]: [3.0, 1.0, 1.0, 2.0]
[00:52:31] [Server thread/INFO] (Minecraft) [STDOUT]: Sending Info now
[00:52:31] [Server thread/INFO] (Minecraft) [STDOUT]: LEN: 4
[00:52:31] [Server thread/INFO] (Minecraft) [STDOUT]: [3.0, 1.0, 1.0, 2.0]
[00:52:31] [Server thread/INFO] (Minecraft) [STDOUT]: Sending Info now
[00:52:31] [Server thread/INFO] (Minecraft) [STDOUT]: LEN: 4
[00:52:31] [Server thread/INFO] (Minecraft) [STDOUT]: [3.0, 1.0, 1.0, 2.0]
[00:52:31] [Server thread/INFO] (Minecraft) [STDOUT]: Sending Info now
[00:52:31] [Server thread/INFO] (Minecraft) [STDOUT]: LEN: 4
[00:52:31] [Server thread/INFO] (Minecraft) [STDOUT]: [3.0, 1.0, 1.0, 2.0]
[00:52:31] [Server thread/INFO] (Minecraft) [STDOUT]: Sending Info now
[00:52:31] [Server thread/INFO] (Minecraft) [STDOUT]: LEN: 4
[00:52:31] [Server thread/INFO] (Minecraft) [STDOUT]: [3.0, 1.0, 1.0, 2.0]
[00:52:31] [Server thread/INFO] (Minecraft) [STDOUT]: Sending Info now
[00:52:31] [Server thread/INFO] (Minecraft) [STDOUT]: LEN: 4
[00:52:31] [Server thread/INFO] (Minecraft) [STDOUT]: [3.0, 1.0, 1.0, 2.0]
[00:52:31] [Server thread/INFO] (Minecraft) Empirecreator was slain by Zombie
[00:52:31] [Server thread/INFO] (Minecraft) [STDOUT]: Sending Info now
[00:52:31] [Server thread/INFO] (Minecraft) Empirecreator lost connection: Empirecreator died
[00:52:31] [Server thread/INFO] (Minecraft) Empirecreator left the game
[00:52:31] [Render thread/INFO] (Minecraft) [System] [CHAT] Empirecreator was slain by Zombie
[00:52:31] [Render thread/INFO] (Minecraft) [System] [CHAT] Empirecreator left the game
[00:52:31] [Server thread/INFO] (Minecraft) [STDOUT]: LEN: 4
[00:52:31] [Server thread/INFO] (Minecraft) [STDOUT]: [3.0, 1.0, 1.0, 2.0]
[00:52:31] [Server thread/INFO] (Minecraft) [STDOUT]: Sending Info now
[00:52:31] [Server thread/INFO] (Minecraft) [STDOUT]: LEN: 4
[00:52:31] [Server thread/INFO] (Minecraft) [STDOUT]: [3.0, 1.0, 1.0, 2.0]
[00:52:32] [Server thread/INFO] (Minecraft) [STDOUT]: Sending Info now
[00:52:32] [Server thread/INFO] (Minecraft) [STDOUT]: LEN: 4
[00:52:32] [Server thread/INFO] (Minecraft) [STDOUT]: [3.0, 1.0, 1.0, 2.0]
[00:52:32] [Server thread/INFO] (Minecraft) [STDOUT]: Sending Info now
[00:52:32] [Server thread/INFO] (Minecraft) [STDOUT]: LEN: 4
[00:52:32] [Server thread/INFO] (Minecraft) [STDOUT]: [3.0, 1.0, 1.0, 2.0]
[00:52:32] [Server thread/INFO] (Minecraft) [STDOUT]: Sending Info now
[00:52:32] [Server thread/INFO] (Minecraft) [STDOUT]: LEN: 4
[00:52:32] [Server thread/INFO] (Minecraft) [STDOUT]: [3.0, 1.0, 1.0, 2.0]
[00:52:32] [Server thread/INFO] (Minecraft) [STDOUT]: Sending Info now
[00:52:32] [Server thread/INFO] (Minecraft) [STDOUT]: LEN: 4
[00:52:32] [Server thread/INFO] (Minecraft) [STDOUT]: [3.0, 1.0, 1.0, 2.0]
[00:52:32] [Server thread/INFO] (Minecraft) [STDOUT]: Sending Info now
[00:52:32] [Server thread/INFO] (Minecraft) [STDOUT]: LEN: 4
[00:52:32] [Server thread/INFO] (Minecraft) [STDOUT]: [3.0, 1.0, 1.0, 2.0]
[00:52:32] [Server thread/INFO] (Minecraft) [STDOUT]: Sending Info now
[00:52:32] [Server thread/INFO] (Minecraft) [STDOUT]: LEN: 4
[00:52:32] [Server thread/INFO] (Minecraft) [STDOUT]: [3.0, 1.0, 1.0, 2.0]
[00:52:32] [Server thread/INFO] (Minecraft) [STDOUT]: Sending Info now
[00:52:32] [Server thread/INFO] (Minecraft) [STDOUT]: LEN: 4
[00:52:32] [Server thread/INFO] (Minecraft) [STDOUT]: [3.0, 1.0, 1.0, 2.0]
[00:52:32] [Server thread/INFO] (Minecraft) [STDOUT]: Sending Info now
[00:52:32] [Server thread/INFO] (Minecraft) [STDOUT]: LEN: 4
[00:52:32] [Server thread/INFO] (Minecraft) [STDOUT]: [3.0, 1.0, 1.0, 2.0]
[00:52:32] [Server thread/INFO] (Minecraft) [STDOUT]: Sending Info now
[00:52:32] [Server thread/INFO] (Minecraft) [STDOUT]: LEN: 4
[00:52:32] [Server thread/INFO] (Minecraft) [STDOUT]: [3.0, 1.0, 1.0, 2.0]
[00:52:32] [Server thread/INFO] (Minecraft) [STDOUT]: Sending Info now
[00:52:33] [Server thread/INFO] (Minecraft) [STDOUT]: LEN: 4
[00:52:33] [Server thread/INFO] (Minecraft) [STDOUT]: [3.0, 1.0, 1.0, 2.0]
[00:52:33] [Server thread/INFO] (Minecraft) [STDOUT]: Sending Info now
[00:52:33] [Server thread/INFO] (Minecraft) [STDOUT]: LEN: 4
[00:52:33] [Server thread/INFO] (Minecraft) [STDOUT]: [3.0, 1.0, 1.0, 2.0]
[00:52:33] [Server thread/INFO] (Minecraft) [STDOUT]: Sending Info now
[00:52:33] [Server thread/INFO] (Minecraft) [STDOUT]: LEN: 4
[00:52:33] [Server thread/INFO] (Minecraft) [STDOUT]: [3.0, 1.0, 1.0, 2.0]
[00:52:33] [Server thread/INFO] (Minecraft) [STDOUT]: Sending Info now
[00:52:33] [Server thread/INFO] (Minecraft) [STDOUT]: LEN: 4
[00:52:33] [Server thread/INFO] (Minecraft) [STDOUT]: [3.0, 1.0, 1.0, 2.0]
[00:52:33] [Server thread/INFO] (Minecraft) [STDOUT]: Sending Info now
[00:52:33] [Server thread/INFO] (Minecraft) [STDOUT]: LEN: 4
[00:52:33] [Server thread/INFO] (Minecraft) [STDOUT]: [3.0, 1.0, 1.0, 2.0]
[00:52:33] [Server thread/INFO] (Minecraft) [STDOUT]: Sending Info now
[00:52:33] [Server thread/INFO] (Minecraft) [STDOUT]: LEN: 4
[00:52:33] [Server thread/INFO] (Minecraft) [STDOUT]: [3.0, 1.0, 1.0, 2.0]
[00:52:33] [Server thread/INFO] (Minecraft) [STDOUT]: Sending Info now
[00:52:33] [Server thread/INFO] (Minecraft) [STDOUT]: LEN: 4
[00:52:33] [Server thread/INFO] (Minecraft) [STDOUT]: [3.0, 1.0, 1.0, 2.0]
[00:52:33] [Server thread/INFO] (Minecraft) [STDOUT]: Sending Info now
[00:52:33] [Server thread/INFO] (Minecraft) [STDOUT]: LEN: 4
[00:52:33] [Server thread/INFO] (Minecraft) [STDOUT]: [3.0, 1.0, 1.0, 2.0]
[00:52:33] [Server thread/INFO] (Minecraft) [STDOUT]: Sending Info now
[00:52:33] [Server thread/INFO] (Minecraft) [STDOUT]: LEN: 4
[00:52:33] [Server thread/INFO] (Minecraft) [STDOUT]: [3.0, 1.0, 1.0, 2.0]
[00:52:33] [Server thread/INFO] (Minecraft) [STDOUT]: Sending Info now
[00:52:33] [Server thread/INFO] (Minecraft) [STDOUT]: LEN: 4
[00:52:33] [Server thread/INFO] (Minecraft) [STDOUT]: [3.0, 1.0, 1.0, 2.0]
[00:52:33] [Server thread/INFO] (Minecraft) [STDOUT]: Sending Info now
[00:52:33] [Server thread/INFO] (Minecraft) [STDOUT]: LEN: 4
[00:52:33] [Server thread/INFO] (Minecraft) [STDOUT]: [3.0, 1.0, 1.0, 2.0]
[00:52:34] [Server thread/INFO] (Minecraft) [STDOUT]: Sending Info now
[00:52:34] [Server thread/INFO] (Minecraft) [STDOUT]: LEN: 4
[00:52:34] [Server thread/INFO] (Minecraft) [STDOUT]: [3.0, 1.0, 1.0, 2.0]
[00:52:34] [Server thread/INFO] (Minecraft) [STDOUT]: Sending Info now
[00:52:34] [Server thread/INFO] (Minecraft) [STDOUT]: LEN: 4
[00:52:34] [Server thread/INFO] (Minecraft) [STDOUT]: [3.0, 1.0, 1.0, 2.0]
[00:52:34] [Server thread/INFO] (Minecraft) [STDOUT]: Sending Info now
[00:52:34] [Server thread/INFO] (Minecraft) [STDOUT]: LEN: 4
[00:52:34] [Server thread/INFO] (Minecraft) [STDOUT]: [3.0, 1.0, 1.0, 2.0]
[00:52:34] [Server thread/INFO] (Minecraft) [STDOUT]: Sending Info now
[00:52:34] [Server thread/INFO] (Minecraft) [STDOUT]: LEN: 4
[00:52:34] [Server thread/INFO] (Minecraft) [STDOUT]: [3.0, 1.0, 1.0, 2.0]
[00:52:34] [Server thread/INFO] (Minecraft) [STDOUT]: Sending Info now
[00:52:34] [Server thread/INFO] (Minecraft) [STDOUT]: LEN: 4
[00:52:34] [Server thread/INFO] (Minecraft) [STDOUT]: [3.0, 1.0, 1.0, 2.0]
[00:52:34] [Server thread/INFO] (Minecraft) [STDOUT]: Sending Info now
[00:52:34] [Server thread/INFO] (Minecraft) [STDOUT]: LEN: 4
[00:52:34] [Server thread/INFO] (Minecraft) [STDOUT]: [3.0, 1.0, 1.0, 2.0]
[00:52:34] [Server thread/INFO] (Minecraft) [STDOUT]: Sending Info now
[00:52:34] [Server thread/INFO] (Minecraft) [STDOUT]: LEN: 4
[00:52:34] [Server thread/INFO] (Minecraft) [STDOUT]: [3.0, 1.0, 1.0, 2.0]
[00:52:34] [Server thread/INFO] (Minecraft) [STDOUT]: Sending Info now
[00:52:34] [Server thread/INFO] (Minecraft) [STDOUT]: LEN: 4
[00:52:34] [Server thread/INFO] (Minecraft) [STDOUT]: [3.0, 1.0, 1.0, 2.0]
[00:52:34] [Server thread/INFO] (Minecraft) [STDOUT]: Sending Info now
[00:52:34] [Server thread/INFO] (Minecraft) [STDOUT]: LEN: 4
[00:52:34] [Server thread/INFO] (Minecraft) [STDOUT]: [3.0, 1.0, 1.0, 2.0]
[00:52:34] [Server thread/INFO] (Minecraft) [STDOUT]: Sending Info now
[00:52:34] [Server thread/INFO] (Minecraft) [STDOUT]: LEN: 4
[00:52:34] [Server thread/INFO] (Minecraft) [STDOUT]: [3.0, 1.0, 1.0, 2.0]
[00:52:35] [Server thread/INFO] (Minecraft) [STDOUT]: Sending Info now
[00:52:35] [Server thread/INFO] (Minecraft) [STDOUT]: LEN: 4
[00:52:35] [Server thread/INFO] (Minecraft) [STDOUT]: [3.0, 1.0, 1.0, 2.0]
[00:52:35] [Server thread/INFO] (Minecraft) [STDOUT]: Sending Info now
[00:52:35] [Server thread/INFO] (Minecraft) [STDOUT]: LEN: 4
[00:52:35] [Server thread/INFO] (Minecraft) [STDOUT]: [3.0, 1.0, 1.0, 2.0]
[00:52:35] [Server thread/INFO] (Minecraft) [STDOUT]: Sending Info now
[00:52:35] [Server thread/INFO] (Minecraft) [STDOUT]: LEN: 4
[00:52:35] [Server thread/INFO] (Minecraft) [STDOUT]: [3.0, 1.0, 1.0, 2.0]
[00:52:35] [Server thread/INFO] (Minecraft) [STDOUT]: Sending Info now
[00:52:35] [Server thread/INFO] (Minecraft) [STDOUT]: LEN: 4
[00:52:35] [Server thread/INFO] (Minecraft) [STDOUT]: [3.0, 1.0, 1.0, 2.0]
[00:52:35] [Server thread/INFO] (Minecraft) [STDOUT]: Sending Info now
[00:52:35] [Server thread/INFO] (Minecraft) [STDOUT]: LEN: 4
[00:52:35] [Server thread/INFO] (Minecraft) [STDOUT]: [3.0, 1.0, 1.0, 2.0]
[00:52:35] [Server thread/INFO] (Minecraft) [STDOUT]: Sending Info now
[00:52:35] [Server thread/INFO] (Minecraft) [STDOUT]: LEN: 4
[00:52:35] [Server thread/INFO] (Minecraft) [STDOUT]: [3.0, 1.0, 1.0, 2.0]
[00:52:35] [Server thread/INFO] (Minecraft) [STDOUT]: Sending Info now
[00:52:35] [Server thread/INFO] (Minecraft) [STDOUT]: LEN: 4
[00:52:35] [Server thread/INFO] (Minecraft) [STDOUT]: [3.0, 1.0, 1.0, 2.0]
[00:52:35] [Server thread/INFO] (Minecraft) [STDOUT]: Sending Info now
[00:52:35] [Server thread/INFO] (Minecraft) [STDOUT]: LEN: 4
[00:52:35] [Server thread/INFO] (Minecraft) [STDOUT]: [3.0, 1.0, 1.0, 2.0]
[00:52:35] [Server thread/INFO] (Minecraft) [STDOUT]: Sending Info now
[00:52:35] [Server thread/INFO] (Minecraft) [STDOUT]: LEN: 4
[00:52:35] [Server thread/INFO] (Minecraft) [STDOUT]: [3.0, 1.0, 1.0, 2.0]
[00:52:35] [Server thread/INFO] (Minecraft) [STDOUT]: Sending Info now
[00:52:35] [Server thread/INFO] (Minecraft) [STDOUT]: LEN: 4
[00:52:35] [Server thread/INFO] (Minecraft) [STDOUT]: [3.0, 1.0, 1.0, 2.0]
[00:52:36] [Server thread/INFO] (Minecraft) [STDOUT]: Sending Info now
[00:52:36] [Server thread/INFO] (Minecraft) [STDOUT]: LEN: 4
[00:52:36] [Server thread/INFO] (Minecraft) [STDOUT]: [3.0, 1.0, 1.0, 2.0]
[00:52:36] [Server thread/INFO] (Minecraft) [STDOUT]: Sending Info now
[00:52:36] [Server thread/INFO] (Minecraft) [STDOUT]: LEN: 4
[00:52:36] [Server thread/INFO] (Minecraft) [STDOUT]: [3.0, 1.0, 1.0, 2.0]
[00:52:36] [Server thread/INFO] (Minecraft) [STDOUT]: Sending Info now
[00:52:36] [Server thread/INFO] (Minecraft) [STDOUT]: LEN: 4
[00:52:36] [Server thread/INFO] (Minecraft) [STDOUT]: [3.0, 1.0, 1.0, 2.0]
[00:52:36] [Server thread/INFO] (Minecraft) [STDOUT]: Sending Info now
[00:52:36] [Server thread/INFO] (Minecraft) [STDOUT]: LEN: 4
[00:52:36] [Server thread/INFO] (Minecraft) [STDOUT]: [3.0, 1.0, 1.0, 2.0]
[00:52:36] [Server thread/INFO] (Minecraft) [STDOUT]: Sending Info now
[00:52:36] [Server thread/INFO] (Minecraft) [STDOUT]: LEN: 4
[00:52:36] [Server thread/INFO] (Minecraft) [STDOUT]: [3.0, 1.0, 1.0, 2.0]
[00:52:36] [Server thread/INFO] (Minecraft) [STDOUT]: Sending Info now
[00:52:36] [Server thread/INFO] (Minecraft) [STDOUT]: LEN: 4
[00:52:36] [Server thread/INFO] (Minecraft) [STDOUT]: [3.0, 1.0, 1.0, 2.0]
[00:52:36] [Server thread/INFO] (Minecraft) [STDOUT]: Sending Info now
[00:52:36] [Server thread/INFO] (Minecraft) [STDOUT]: LEN: 4
[00:52:36] [Server thread/INFO] (Minecraft) [STDOUT]: [3.0, 1.0, 1.0, 2.0]
[00:52:36] [Server thread/INFO] (Minecraft) [STDOUT]: Sending Info now
[00:52:36] [Server thread/INFO] (Minecraft) [STDOUT]: LEN: 4
[00:52:36] [Server thread/INFO] (Minecraft) [STDOUT]: [3.0, 1.0, 1.0, 2.0]
[00:52:36] [Server thread/INFO] (Minecraft) [STDOUT]: Sending Info now
[00:52:36] [Server thread/INFO] (Minecraft) [STDOUT]: LEN: 4
[00:52:36] [Server thread/INFO] (Minecraft) [STDOUT]: [3.0, 1.0, 1.0, 2.0]
[00:52:36] [Server thread/INFO] (Minecraft) [STDOUT]: Sending Info now
[00:52:36] [Server thread/INFO] (Minecraft) [STDOUT]: LEN: 4
[00:52:36] [Server thread/INFO] (Minecraft) [STDOUT]: [3.0, 1.0, 1.0, 2.0]
[00:52:37] [Server thread/INFO] (Minecraft) [STDOUT]: Sending Info now
[00:52:37] [Server thread/INFO] (Minecraft) [STDOUT]: LEN: 4
[00:52:37] [Server thread/INFO] (Minecraft) [STDOUT]: [3.0, 1.0, 1.0, 2.0]
[00:52:37] [Server thread/INFO] (Minecraft) [STDOUT]: Sending Info now
[00:52:37] [Server thread/INFO] (Minecraft) [STDOUT]: LEN: 4
[00:52:37] [Server thread/INFO] (Minecraft) [STDOUT]: [3.0, 1.0, 1.0, 2.0]
[00:52:37] [Server thread/INFO] (Minecraft) [STDOUT]: Sending Info now
[00:52:37] [Server thread/INFO] (Minecraft) [STDOUT]: LEN: 4
[00:52:37] [Server thread/INFO] (Minecraft) [STDOUT]: [3.0, 1.0, 1.0, 2.0]
[00:52:37] [Server thread/INFO] (Minecraft) [STDOUT]: Sending Info now
[00:52:37] [Server thread/INFO] (Minecraft) [STDOUT]: LEN: 4
[00:52:37] [Server thread/INFO] (Minecraft) [STDOUT]: [3.0, 1.0, 1.0, 2.0]
[00:52:37] [Server thread/INFO] (Minecraft) [STDOUT]: Sending Info now
[00:52:37] [Server thread/INFO] (Minecraft) [STDOUT]: LEN: 4
[00:52:37] [Server thread/INFO] (Minecraft) [STDOUT]: [3.0, 1.0, 1.0, 2.0]
[00:52:37] [Server thread/INFO] (Minecraft) [STDOUT]: Sending Info now
[00:52:37] [Server thread/INFO] (Minecraft) [STDOUT]: LEN: 4
[00:52:37] [Server thread/INFO] (Minecraft) [STDOUT]: [3.0, 1.0, 1.0, 2.0]
[00:52:37] [Server thread/INFO] (Minecraft) [STDOUT]: Sending Info now
[00:52:37] [Server thread/INFO] (Minecraft) [STDOUT]: LEN: 4
[00:52:37] [Server thread/INFO] (Minecraft) [STDOUT]: [3.0, 1.0, 1.0, 2.0]
[00:52:37] [Server thread/INFO] (Minecraft) [STDOUT]: Sending Info now
[00:52:37] [Server thread/INFO] (Minecraft) [STDOUT]: LEN: 4
[00:52:37] [Server thread/INFO] (Minecraft) [STDOUT]: [3.0, 1.0, 1.0, 2.0]
[00:52:37] [Server thread/INFO] (Minecraft) [STDOUT]: Sending Info now
[00:52:37] [Server thread/INFO] (Minecraft) [STDOUT]: LEN: 4
[00:52:37] [Server thread/INFO] (Minecraft) [STDOUT]: [3.0, 1.0, 1.0, 2.0]
[00:52:37] [Server thread/INFO] (Minecraft) [STDOUT]: Sending Info now
[00:52:37] [Server thread/INFO] (Minecraft) [STDOUT]: LEN: 4
[00:52:37] [Server thread/INFO] (Minecraft) [STDOUT]: [3.0, 1.0, 1.0, 2.0]
[00:52:38] [Server thread/INFO] (Minecraft) [STDOUT]: Sending Info now
[00:52:38] [Server thread/INFO] (Minecraft) [STDOUT]: LEN: 4
[00:52:38] [Server thread/INFO] (Minecraft) [STDOUT]: [3.0, 1.0, 1.0, 2.0]
[00:52:38] [Server thread/INFO] (Minecraft) [STDOUT]: Sending Info now
[00:52:38] [Server thread/INFO] (Minecraft) [STDOUT]: LEN: 4
[00:52:38] [Server thread/INFO] (Minecraft) [STDOUT]: [3.0, 1.0, 1.0, 2.0]
[00:52:38] [Server thread/INFO] (Minecraft) [STDOUT]: Sending Info now
[00:52:38] [Server thread/INFO] (Minecraft) [STDOUT]: LEN: 4
[00:52:38] [Server thread/INFO] (Minecraft) [STDOUT]: [3.0, 1.0, 1.0, 2.0]
[00:52:38] [Server thread/INFO] (Minecraft) [STDOUT]: Sending Info now
[00:52:38] [Server thread/INFO] (Minecraft) [STDOUT]: LEN: 4
[00:52:38] [Server thread/INFO] (Minecraft) [STDOUT]: [3.0, 1.0, 1.0, 2.0]
[00:52:38] [Server thread/INFO] (Minecraft) [STDOUT]: Sending Info now
[00:52:38] [Server thread/INFO] (Minecraft) [STDOUT]: LEN: 4
[00:52:38] [Server thread/INFO] (Minecraft) [STDOUT]: [3.0, 1.0, 1.0, 2.0]
[00:52:38] [Server thread/INFO] (Minecraft) [STDOUT]: Sending Info now
[00:52:38] [Server thread/INFO] (Minecraft) [STDOUT]: LEN: 4
[00:52:38] [Server thread/INFO] (Minecraft) [STDOUT]: [3.0, 1.0, 1.0, 2.0]
[00:52:38] [Server thread/INFO] (Minecraft) [STDOUT]: Sending Info now
[00:52:38] [Server thread/INFO] (Minecraft) [STDOUT]: LEN: 4
[00:52:38] [Server thread/INFO] (Minecraft) [STDOUT]: [3.0, 1.0, 1.0, 2.0]
[00:52:38] [Server thread/INFO] (Minecraft) [STDOUT]: Sending Info now
[00:52:38] [Server thread/INFO] (Minecraft) [STDOUT]: LEN: 4
[00:52:38] [Server thread/INFO] (Minecraft) [STDOUT]: [3.0, 1.0, 1.0, 2.0]
[00:52:38] [Server thread/INFO] (Minecraft) [STDOUT]: Sending Info now
[00:52:38] [Server thread/INFO] (Minecraft) [STDOUT]: LEN: 4
[00:52:38] [Server thread/INFO] (Minecraft) [STDOUT]: [3.0, 1.0, 1.0, 2.0]
[00:52:38] [Server thread/INFO] (Minecraft) [STDOUT]: Sending Info now
[00:52:38] [Server thread/INFO] (Minecraft) [STDOUT]: LEN: 4
[00:52:38] [Server thread/INFO] (Minecraft) [STDOUT]: [3.0, 1.0, 1.0, 2.0]
[00:52:39] [Server thread/INFO] (Minecraft) [STDOUT]: Sending Info now
[00:52:39] [Server thread/INFO] (Minecraft) [STDOUT]: LEN: 4
[00:52:39] [Server thread/INFO] (Minecraft) [STDOUT]: [3.0, 1.0, 1.0, 2.0]
[00:52:39] [Server thread/INFO] (Minecraft) [STDOUT]: Sending Info now
[00:52:39] [Server thread/INFO] (Minecraft) [STDOUT]: LEN: 4
[00:52:39] [Server thread/INFO] (Minecraft) [STDOUT]: [3.0, 1.0, 1.0, 2.0]
[00:52:39] [Server thread/INFO] (Minecraft) [STDOUT]: Sending Info now
[00:52:39] [Server thread/INFO] (Minecraft) [STDOUT]: LEN: 4
[00:52:39] [Server thread/INFO] (Minecraft) [STDOUT]: [3.0, 1.0, 1.0, 2.0]
[00:52:39] [Server thread/INFO] (Minecraft) [STDOUT]: Sending Info now
[00:52:39] [Server thread/INFO] (Minecraft) [STDOUT]: LEN: 4
[00:52:39] [Server thread/INFO] (Minecraft) [STDOUT]: [3.0, 1.0, 1.0, 2.0]
[00:52:39] [Server thread/INFO] (Minecraft) [STDOUT]: Sending Info now
[00:52:39] [Server thread/INFO] (Minecraft) [STDOUT]: LEN: 4
[00:52:39] [Server thread/INFO] (Minecraft) [STDOUT]: [3.0, 1.0, 1.0, 2.0]
[00:52:39] [Server thread/INFO] (Minecraft) [STDOUT]: Sending Info now
[00:52:39] [Server thread/INFO] (Minecraft) [STDOUT]: LEN: 4
[00:52:39] [Server thread/INFO] (Minecraft) [STDOUT]: [3.0, 1.0, 1.0, 2.0]
[00:52:39] [Server thread/INFO] (Minecraft) [STDOUT]: Sending Info now
[00:52:39] [Server thread/INFO] (Minecraft) [STDOUT]: LEN: 4
[00:52:39] [Server thread/INFO] (Minecraft) [STDOUT]: [3.0, 1.0, 1.0, 2.0]
[00:52:39] [Server thread/INFO] (Minecraft) [STDOUT]: Sending Info now
[00:52:39] [Server thread/INFO] (Minecraft) [STDOUT]: LEN: 4
[00:52:39] [Server thread/INFO] (Minecraft) [STDOUT]: [3.0, 1.0, 1.0, 2.0]
[00:52:39] [Server thread/INFO] (Minecraft) [STDOUT]: Sending Info now
[00:52:39] [Server thread/INFO] (Minecraft) [STDOUT]: LEN: 4
[00:52:39] [Server thread/INFO] (Minecraft) [STDOUT]: [3.0, 1.0, 1.0, 2.0]
[00:52:39] [Server thread/INFO] (Minecraft) [STDOUT]: Sending Info now
[00:52:40] [Server thread/INFO] (Minecraft) [STDOUT]: LEN: 4
[00:52:40] [Server thread/INFO] (Minecraft) [STDOUT]: [3.0, 1.0, 1.0, 2.0]
[00:52:40] [Server thread/INFO] (Minecraft) [STDOUT]: Sending Info now
[00:52:40] [Server thread/INFO] (Minecraft) [STDOUT]: LEN: 4
[00:52:40] [Server thread/INFO] (Minecraft) [STDOUT]: [3.0, 1.0, 1.0, 2.0]
[00:52:40] [Server thread/INFO] (Minecraft) [STDOUT]: Sending Info now
[00:52:40] [Server thread/INFO] (Minecraft) [STDOUT]: LEN: 4
[00:52:40] [Server thread/INFO] (Minecraft) [STDOUT]: [3.0, 1.0, 1.0, 2.0]
[00:52:40] [Server thread/INFO] (Minecraft) [STDOUT]: Sending Info now
[00:52:40] [Server thread/INFO] (Minecraft) [STDOUT]: LEN: 4
[00:52:40] [Server thread/INFO] (Minecraft) [STDOUT]: [3.0, 1.0, 1.0, 2.0]
[00:52:40] [Server thread/INFO] (Minecraft) [STDOUT]: Sending Info now
[00:52:40] [Server thread/INFO] (Minecraft) [STDOUT]: LEN: 4
[00:52:40] [Server thread/INFO] (Minecraft) [STDOUT]: [3.0, 1.0, 1.0, 2.0]
[00:52:40] [Server thread/INFO] (Minecraft) [STDOUT]: Sending Info now
[00:52:40] [Server thread/INFO] (Minecraft) [STDOUT]: LEN: 4
[00:52:40] [Server thread/INFO] (Minecraft) [STDOUT]: [3.0, 1.0, 1.0, 2.0]
[00:52:40] [Server thread/INFO] (Minecraft) [STDOUT]: Sending Info now
[00:52:40] [Server thread/INFO] (Minecraft) [STDOUT]: LEN: 4
[00:52:40] [Server thread/INFO] (Minecraft) [STDOUT]: [3.0, 1.0, 1.0, 2.0]
[00:52:40] [Server thread/INFO] (Minecraft) [STDOUT]: Sending Info now
[00:52:40] [Server thread/INFO] (Minecraft) [STDOUT]: LEN: 4
[00:52:40] [Server thread/INFO] (Minecraft) [STDOUT]: [3.0, 1.0, 1.0, 2.0]
[00:52:40] [Server thread/INFO] (Minecraft) [STDOUT]: Sending Info now
[00:52:40] [Server thread/INFO] (Minecraft) [STDOUT]: LEN: 4
[00:52:40] [Server thread/INFO] (Minecraft) [STDOUT]: [3.0, 1.0, 1.0, 2.0]
[00:52:40] [Server thread/INFO] (Minecraft) [STDOUT]: Sending Info now
[00:52:40] [Server thread/INFO] (Minecraft) [STDOUT]: LEN: 4
[00:52:40] [Server thread/INFO] (Minecraft) [STDOUT]: [3.0, 1.0, 1.0, 2.0]
[00:52:40] [Server thread/INFO] (Minecraft) [STDOUT]: Sending Info now
[00:52:40] [Server thread/INFO] (Minecraft) [STDOUT]: LEN: 4
[00:52:40] [Server thread/INFO] (Minecraft) [STDOUT]: [3.0, 1.0, 1.0, 2.0]
[00:52:41] [Server thread/INFO] (Minecraft) [STDOUT]: Sending Info now
[00:52:41] [Server thread/INFO] (Minecraft) [STDOUT]: LEN: 4
[00:52:41] [Server thread/INFO] (Minecraft) [STDOUT]: [3.0, 1.0, 1.0, 2.0]
[00:52:41] [Server thread/INFO] (Minecraft) [STDOUT]: Sending Info now
[00:52:41] [Server thread/INFO] (Minecraft) [STDOUT]: LEN: 4
[00:52:41] [Server thread/INFO] (Minecraft) [STDOUT]: [3.0, 1.0, 1.0, 2.0]
[00:52:41] [Server thread/INFO] (Minecraft) [STDOUT]: Sending Info now
[00:52:41] [Server thread/INFO] (Minecraft) [STDOUT]: LEN: 4
[00:52:41] [Server thread/INFO] (Minecraft) [STDOUT]: [3.0, 1.0, 1.0, 2.0]
[00:52:41] [Server thread/INFO] (Minecraft) [STDOUT]: Sending Info now
[00:52:41] [Server thread/INFO] (Minecraft) [STDOUT]: LEN: 4
[00:52:41] [Server thread/INFO] (Minecraft) [STDOUT]: [3.0, 1.0, 1.0, 2.0]
[00:52:41] [Server thread/INFO] (Minecraft) [STDOUT]: Sending Info now
[00:52:41] [Server thread/INFO] (Minecraft) [STDOUT]: LEN: 4
[00:52:41] [Server thread/INFO] (Minecraft) [STDOUT]: [3.0, 1.0, 1.0, 2.0]
[00:52:41] [Server thread/INFO] (Minecraft) [STDOUT]: Sending Info now
[00:52:41] [Server thread/INFO] (Minecraft) [STDOUT]: LEN: 4
[00:52:41] [Server thread/INFO] (Minecraft) [STDOUT]: [3.0, 1.0, 1.0, 2.0]
[00:52:41] [Server thread/INFO] (Minecraft) [STDOUT]: Sending Info now
[00:52:41] [Server thread/INFO] (Minecraft) [STDOUT]: LEN: 4
[00:52:41] [Server thread/INFO] (Minecraft) [STDOUT]: [3.0, 1.0, 1.0, 2.0]
[00:52:41] [Server thread/INFO] (Minecraft) [STDOUT]: Sending Info now
[00:52:41] [Server thread/INFO] (Minecraft) [STDOUT]: LEN: 4
[00:52:41] [Server thread/INFO] (Minecraft) [STDOUT]: [3.0, 1.0, 1.0, 2.0]
[00:52:41] [Server thread/INFO] (Minecraft) [STDOUT]: Sending Info now
[00:52:41] [Server thread/INFO] (Minecraft) [STDOUT]: LEN: 4
[00:52:41] [Server thread/INFO] (Minecraft) [STDOUT]: [3.0, 1.0, 1.0, 2.0]
[00:52:41] [Server thread/INFO] (Minecraft) [STDOUT]: Sending Info now
[00:52:41] [Server thread/INFO] (Minecraft) [STDOUT]: LEN: 4
[00:52:41] [Server thread/INFO] (Minecraft) [STDOUT]: [3.0, 1.0, 1.0, 2.0]
[00:52:42] [Server thread/INFO] (Minecraft) [STDOUT]: Sending Info now
[00:52:42] [Server thread/INFO] (Minecraft) [STDOUT]: LEN: 4
[00:52:42] [Server thread/INFO] (Minecraft) [STDOUT]: [3.0, 1.0, 1.0, 2.0]
[00:52:42] [Server thread/INFO] (Minecraft) [STDOUT]: Sending Info now
[00:52:42] [Server thread/INFO] (Minecraft) [STDOUT]: LEN: 4
[00:52:42] [Server thread/INFO] (Minecraft) [STDOUT]: [3.0, 1.0, 1.0, 2.0]
[00:52:42] [Server thread/INFO] (Minecraft) [STDOUT]: Sending Info now
[00:52:42] [Server thread/INFO] (Minecraft) [STDOUT]: LEN: 4
[00:52:42] [Server thread/INFO] (Minecraft) [STDOUT]: [3.0, 1.0, 1.0, 2.0]
[00:52:42] [Server thread/INFO] (Minecraft) [STDOUT]: Sending Info now
[00:52:42] [Server thread/INFO] (Minecraft) [STDOUT]: LEN: 4
[00:52:42] [Server thread/INFO] (Minecraft) [STDOUT]: [3.0, 1.0, 1.0, 2.0]
[00:52:42] [Server thread/INFO] (Minecraft) [STDOUT]: Sending Info now
[00:52:42] [Server thread/INFO] (Minecraft) [STDOUT]: LEN: 4
[00:52:42] [Server thread/INFO] (Minecraft) [STDOUT]: [3.0, 1.0, 1.0, 2.0]
[00:52:42] [Server thread/INFO] (Minecraft) [STDOUT]: Sending Info now
[00:52:42] [Server thread/INFO] (Minecraft) [STDOUT]: LEN: 4
[00:52:42] [Server thread/INFO] (Minecraft) [STDOUT]: [3.0, 1.0, 1.0, 2.0]
[00:52:42] [Server thread/INFO] (Minecraft) [STDOUT]: Sending Info now
[00:52:42] [Server thread/INFO] (Minecraft) [STDOUT]: LEN: 4
[00:52:42] [Server thread/INFO] (Minecraft) [STDOUT]: [3.0, 1.0, 1.0, 2.0]
[00:52:42] [Server thread/INFO] (Minecraft) [STDOUT]: Sending Info now
[00:52:42] [Server thread/INFO] (Minecraft) [STDOUT]: LEN: 4
[00:52:42] [Server thread/INFO] (Minecraft) [STDOUT]: [3.0, 1.0, 1.0, 2.0]
[00:52:42] [Server thread/INFO] (Minecraft) [STDOUT]: Sending Info now
[00:52:42] [Server thread/INFO] (Minecraft) [STDOUT]: LEN: 4
[00:52:42] [Server thread/INFO] (Minecraft) [STDOUT]: [3.0, 1.0, 1.0, 2.0]
[00:52:42] [Server thread/INFO] (Minecraft) [STDOUT]: Sending Info now
[00:52:43] [Server thread/INFO] (Minecraft) [STDOUT]: LEN: 4
[00:52:43] [Server thread/INFO] (Minecraft) [STDOUT]: [3.0, 1.0, 1.0, 2.0]
[00:52:43] [Server thread/INFO] (Minecraft) [STDOUT]: Sending Info now
[00:52:43] [Server thread/INFO] (Minecraft) [STDOUT]: LEN: 4
[00:52:43] [Server thread/INFO] (Minecraft) [STDOUT]: [3.0, 1.0, 1.0, 2.0]
[00:52:43] [Server thread/INFO] (Minecraft) [STDOUT]: Sending Info now
[00:52:43] [Server thread/INFO] (Minecraft) [STDOUT]: LEN: 4
[00:52:43] [Server thread/INFO] (Minecraft) [STDOUT]: [3.0, 1.0, 1.0, 2.0]
[00:52:43] [Server thread/INFO] (Minecraft) [STDOUT]: Sending Info now
[00:52:43] [Server thread/INFO] (Minecraft) [STDOUT]: LEN: 4
[00:52:43] [Server thread/INFO] (Minecraft) [STDOUT]: [3.0, 1.0, 1.0, 2.0]
[00:52:43] [Server thread/INFO] (Minecraft) [STDOUT]: Sending Info now
[00:52:43] [Server thread/INFO] (Minecraft) [STDOUT]: LEN: 4
[00:52:43] [Server thread/INFO] (Minecraft) [STDOUT]: [3.0, 1.0, 1.0, 2.0]
[00:52:43] [Server thread/INFO] (Minecraft) [STDOUT]: Sending Info now
[00:52:43] [Server thread/INFO] (Minecraft) [STDOUT]: LEN: 4
[00:52:43] [Server thread/INFO] (Minecraft) [STDOUT]: [3.0, 1.0, 1.0, 2.0]
[00:52:43] [Server thread/INFO] (Minecraft) [STDOUT]: Sending Info now
[00:52:43] [Server thread/INFO] (Minecraft) [STDOUT]: LEN: 4
[00:52:43] [Server thread/INFO] (Minecraft) [STDOUT]: [3.0, 1.0, 1.0, 2.0]
[00:52:43] [Server thread/INFO] (Minecraft) [STDOUT]: Sending Info now
[00:52:43] [Server thread/INFO] (Minecraft) [STDOUT]: LEN: 4
[00:52:43] [Server thread/INFO] (Minecraft) [STDOUT]: [3.0, 1.0, 1.0, 2.0]
[00:52:43] [Server thread/INFO] (Minecraft) [STDOUT]: Sending Info now
[00:52:43] [Server thread/INFO] (Minecraft) [STDOUT]: LEN: 4
[00:52:43] [Server thread/INFO] (Minecraft) [STDOUT]: [3.0, 1.0, 1.0, 2.0]
[00:52:43] [Server thread/INFO] (Minecraft) [STDOUT]: Sending Info now
[00:52:43] [Server thread/INFO] (Minecraft) [STDOUT]: LEN: 4
[00:52:43] [Server thread/INFO] (Minecraft) [STDOUT]: [3.0, 1.0, 1.0, 2.0]
[00:52:43] [Server thread/INFO] (Minecraft) [STDOUT]: Sending Info now
[00:52:43] [Server thread/INFO] (Minecraft) [STDOUT]: LEN: 4
[00:52:43] [Server thread/INFO] (Minecraft) [STDOUT]: [3.0, 1.0, 1.0, 2.0]
[00:52:44] [Server thread/INFO] (Minecraft) [STDOUT]: Sending Info now
[00:52:44] [Server thread/INFO] (Minecraft) [STDOUT]: LEN: 4
[00:52:44] [Server thread/INFO] (Minecraft) [STDOUT]: [3.0, 1.0, 1.0, 2.0]
[00:52:44] [Server thread/INFO] (Minecraft) [STDOUT]: Sending Info now
[00:52:44] [Server thread/INFO] (Minecraft) [STDOUT]: LEN: 4
[00:52:44] [Server thread/INFO] (Minecraft) [STDOUT]: [3.0, 1.0, 1.0, 2.0]
[00:52:44] [Server thread/INFO] (Minecraft) [STDOUT]: Sending Info now
[00:52:44] [Server thread/INFO] (Minecraft) [STDOUT]: LEN: 4
[00:52:44] [Server thread/INFO] (Minecraft) [STDOUT]: [3.0, 1.0, 1.0, 2.0]
[00:52:44] [Server thread/INFO] (Minecraft) [STDOUT]: Sending Info now
[00:52:44] [Server thread/INFO] (Minecraft) [STDOUT]: LEN: 4
[00:52:44] [Server thread/INFO] (Minecraft) [STDOUT]: [3.0, 1.0, 1.0, 2.0]
[00:52:44] [Server thread/INFO] (Minecraft) [STDOUT]: Sending Info now
[00:52:44] [Server thread/INFO] (Minecraft) [STDOUT]: LEN: 4
[00:52:44] [Server thread/INFO] (Minecraft) [STDOUT]: [3.0, 1.0, 1.0, 2.0]
[00:52:44] [Server thread/INFO] (Minecraft) [STDOUT]: Sending Info now
[00:52:44] [Server thread/INFO] (Minecraft) [STDOUT]: LEN: 4
[00:52:44] [Server thread/INFO] (Minecraft) [STDOUT]: [3.0, 1.0, 1.0, 2.0]
[00:52:44] [Server thread/INFO] (Minecraft) [STDOUT]: Sending Info now
[00:52:44] [Server thread/INFO] (Minecraft) [STDOUT]: LEN: 4
[00:52:44] [Server thread/INFO] (Minecraft) [STDOUT]: [3.0, 1.0, 1.0, 2.0]
[00:52:44] [Server thread/INFO] (Minecraft) [STDOUT]: Sending Info now
[00:52:44] [Server thread/INFO] (Minecraft) [STDOUT]: LEN: 4
[00:52:44] [Server thread/INFO] (Minecraft) [STDOUT]: [3.0, 1.0, 1.0, 2.0]
[00:52:44] [Server thread/INFO] (Minecraft) [STDOUT]: Sending Info now
[00:52:44] [Server thread/INFO] (Minecraft) [STDOUT]: LEN: 4
[00:52:44] [Server thread/INFO] (Minecraft) [STDOUT]: [3.0, 1.0, 1.0, 2.0]
[00:52:44] [Server thread/INFO] (Minecraft) [STDOUT]: Sending Info now
[00:52:44] [Server thread/INFO] (Minecraft) [STDOUT]: LEN: 4
[00:52:44] [Server thread/INFO] (Minecraft) [STDOUT]: [3.0, 1.0, 1.0, 2.0]
[00:52:45] [Server thread/INFO] (Minecraft) [STDOUT]: Sending Info now
[00:52:45] [Server thread/INFO] (Minecraft) [STDOUT]: LEN: 4
[00:52:45] [Server thread/INFO] (Minecraft) [STDOUT]: [3.0, 1.0, 1.0, 2.0]
[00:52:45] [Server thread/INFO] (Minecraft) [STDOUT]: Sending Info now
[00:52:45] [Server thread/INFO] (Minecraft) [STDOUT]: LEN: 4
[00:52:45] [Server thread/INFO] (Minecraft) [STDOUT]: [3.0, 1.0, 1.0, 2.0]
[00:52:45] [Server thread/INFO] (Minecraft) [STDOUT]: Sending Info now
[00:52:45] [Server thread/INFO] (Minecraft) [STDOUT]: LEN: 4
[00:52:45] [Server thread/INFO] (Minecraft) [STDOUT]: [3.0, 1.0, 1.0, 2.0]
[00:52:45] [Server thread/INFO] (Minecraft) [STDOUT]: Sending Info now
[00:52:45] [Server thread/INFO] (Minecraft) [STDOUT]: LEN: 4
[00:52:45] [Server thread/INFO] (Minecraft) [STDOUT]: [3.0, 1.0, 1.0, 2.0]
[00:52:45] [Server thread/INFO] (Minecraft) [STDOUT]: Sending Info now
[00:52:45] [Server thread/INFO] (Minecraft) [STDOUT]: LEN: 4
[00:52:45] [Server thread/INFO] (Minecraft) [STDOUT]: [3.0, 1.0, 1.0, 2.0]
[00:52:45] [Server thread/INFO] (Minecraft) [STDOUT]: Sending Info now
[00:52:45] [Server thread/INFO] (Minecraft) [STDOUT]: LEN: 4
[00:52:45] [Server thread/INFO] (Minecraft) [STDOUT]: [3.0, 1.0, 1.0, 2.0]
[00:52:45] [Server thread/INFO] (Minecraft) [STDOUT]: Sending Info now
[00:52:45] [Server thread/INFO] (Minecraft) [STDOUT]: LEN: 4
[00:52:45] [Server thread/INFO] (Minecraft) [STDOUT]: [3.0, 1.0, 1.0, 2.0]
[00:52:45] [Server thread/INFO] (Minecraft) [STDOUT]: Sending Info now
[00:52:45] [Server thread/INFO] (Minecraft) [STDOUT]: LEN: 4
[00:52:45] [Server thread/INFO] (Minecraft) [STDOUT]: [3.0, 1.0, 1.0, 2.0]
[00:52:45] [Server thread/INFO] (Minecraft) [STDOUT]: Sending Info now
[00:52:45] [Server thread/INFO] (Minecraft) [STDOUT]: LEN: 4
[00:52:45] [Server thread/INFO] (Minecraft) [STDOUT]: [3.0, 1.0, 1.0, 2.0]
[00:52:45] [Server thread/INFO] (Minecraft) [STDOUT]: Sending Info now
[00:52:46] [Server thread/INFO] (Minecraft) [STDOUT]: LEN: 4
[00:52:46] [Server thread/INFO] (Minecraft) [STDOUT]: [3.0, 1.0, 1.0, 2.0]
[00:52:46] [Server thread/INFO] (Minecraft) [STDOUT]: Sending Info now
[00:52:46] [Server thread/INFO] (Minecraft) [STDOUT]: LEN: 4
[00:52:46] [Server thread/INFO] (Minecraft) [STDOUT]: [3.0, 1.0, 1.0, 2.0]
[00:52:46] [Server thread/INFO] (Minecraft) [STDOUT]: Sending Info now
[00:52:46] [Server thread/INFO] (Minecraft) [STDOUT]: LEN: 4
[00:52:46] [Server thread/INFO] (Minecraft) [STDOUT]: [3.0, 1.0, 1.0, 2.0]
[00:52:46] [Server thread/INFO] (Minecraft) [STDOUT]: Sending Info now
[00:52:46] [Server thread/INFO] (Minecraft) [STDOUT]: LEN: 4
[00:52:46] [Server thread/INFO] (Minecraft) [STDOUT]: [3.0, 1.0, 1.0, 2.0]
[00:52:46] [Server thread/INFO] (Minecraft) [STDOUT]: Sending Info now
[00:52:46] [Server thread/INFO] (Minecraft) [STDOUT]: LEN: 4
[00:52:46] [Server thread/INFO] (Minecraft) [STDOUT]: [3.0, 1.0, 1.0, 2.0]
[00:52:46] [Server thread/INFO] (Minecraft) [STDOUT]: Sending Info now
[00:52:46] [Server thread/INFO] (Minecraft) [STDOUT]: LEN: 4
[00:52:46] [Server thread/INFO] (Minecraft) [STDOUT]: [3.0, 1.0, 1.0, 2.0]
[00:52:46] [Server thread/INFO] (Minecraft) [STDOUT]: Sending Info now
[00:52:46] [Server thread/INFO] (Minecraft) [STDOUT]: LEN: 4
[00:52:46] [Server thread/INFO] (Minecraft) [STDOUT]: [3.0, 1.0, 1.0, 2.0]
[00:52:46] [Server thread/INFO] (Minecraft) [STDOUT]: Sending Info now
[00:52:46] [Server thread/INFO] (Minecraft) [STDOUT]: LEN: 4
[00:52:46] [Server thread/INFO] (Minecraft) [STDOUT]: [3.0, 1.0, 1.0, 2.0]
[00:52:46] [Server thread/INFO] (Minecraft) [STDOUT]: Sending Info now
[00:52:46] [Server thread/INFO] (Minecraft) [STDOUT]: LEN: 4
[00:52:46] [Server thread/INFO] (Minecraft) [STDOUT]: [3.0, 1.0, 1.0, 2.0]
[00:52:46] [Server thread/INFO] (Minecraft) [STDOUT]: Sending Info now
[00:52:46] [Server thread/INFO] (Minecraft) [STDOUT]: LEN: 4
[00:52:46] [Server thread/INFO] (Minecraft) [STDOUT]: [3.0, 1.0, 1.0, 2.0]
[00:52:46] [Server thread/INFO] (Minecraft) [STDOUT]: Sending Info now
[00:52:46] [Server thread/INFO] (Minecraft) [STDOUT]: LEN: 4
[00:52:46] [Server thread/INFO] (Minecraft) [STDOUT]: [3.0, 1.0, 1.0, 2.0]
[00:52:47] [Server thread/INFO] (Minecraft) [STDOUT]: Sending Info now
[00:52:47] [Server thread/INFO] (Minecraft) [STDOUT]: LEN: 4
[00:52:47] [Server thread/INFO] (Minecraft) [STDOUT]: [3.0, 1.0, 1.0, 2.0]
[00:52:47] [Server thread/INFO] (Minecraft) [STDOUT]: Sending Info now
[00:52:47] [Server thread/INFO] (Minecraft) [STDOUT]: LEN: 4
[00:52:47] [Server thread/INFO] (Minecraft) [STDOUT]: [3.0, 1.0, 1.0, 2.0]
[00:52:47] [Server thread/INFO] (Minecraft) [STDOUT]: Sending Info now
[00:52:47] [Server thread/INFO] (Minecraft) [STDOUT]: LEN: 4
[00:52:47] [Server thread/INFO] (Minecraft) [STDOUT]: [3.0, 1.0, 1.0, 2.0]
[00:52:47] [Server thread/INFO] (Minecraft) [STDOUT]: Sending Info now
[00:52:47] [Server thread/INFO] (Minecraft) [STDOUT]: LEN: 4
[00:52:47] [Server thread/INFO] (Minecraft) [STDOUT]: [3.0, 1.0, 1.0, 2.0]
[00:52:47] [Server thread/INFO] (Minecraft) [STDOUT]: Sending Info now
[00:52:47] [Server thread/INFO] (Minecraft) [STDOUT]: LEN: 4
[00:52:47] [Server thread/INFO] (Minecraft) [STDOUT]: [3.0, 1.0, 1.0, 2.0]
[00:52:47] [Server thread/INFO] (Minecraft) [STDOUT]: Sending Info now
[00:52:47] [Server thread/INFO] (Minecraft) [STDOUT]: LEN: 4
[00:52:47] [Server thread/INFO] (Minecraft) [STDOUT]: [3.0, 1.0, 1.0, 2.0]
[00:52:47] [Server thread/INFO] (Minecraft) [STDOUT]: Sending Info now
[00:52:47] [Server thread/INFO] (Minecraft) [STDOUT]: LEN: 4
[00:52:47] [Server thread/INFO] (Minecraft) [STDOUT]: [3.0, 1.0, 1.0, 2.0]
[00:52:47] [Server thread/INFO] (Minecraft) [STDOUT]: Sending Info now
[00:52:47] [Server thread/INFO] (Minecraft) [STDOUT]: LEN: 4
[00:52:47] [Server thread/INFO] (Minecraft) [STDOUT]: [3.0, 1.0, 1.0, 2.0]
[00:52:47] [Server thread/INFO] (Minecraft) [STDOUT]: Sending Info now
[00:52:47] [Server thread/INFO] (Minecraft) [STDOUT]: LEN: 4
[00:52:47] [Server thread/INFO] (Minecraft) [STDOUT]: [3.0, 1.0, 1.0, 2.0]
[00:52:47] [Server thread/INFO] (Minecraft) [STDOUT]: Sending Info now
[00:52:48] [Server thread/INFO] (Minecraft) [STDOUT]: LEN: 4
[00:52:48] [Server thread/INFO] (Minecraft) [STDOUT]: [3.0, 1.0, 1.0, 2.0]
[00:52:48] [Server thread/INFO] (Minecraft) [STDOUT]: Sending Info now
[00:52:48] [Server thread/INFO] (Minecraft) [STDOUT]: LEN: 4
[00:52:48] [Server thread/INFO] (Minecraft) [STDOUT]: [3.0, 1.0, 1.0, 2.0]
[00:52:48] [Server thread/INFO] (Minecraft) [STDOUT]: Sending Info now
[00:52:48] [Server thread/INFO] (Minecraft) [STDOUT]: LEN: 4
[00:52:48] [Server thread/INFO] (Minecraft) [STDOUT]: [3.0, 1.0, 1.0, 2.0]
[00:52:48] [Server thread/INFO] (Minecraft) [STDOUT]: Sending Info now
[00:52:48] [Server thread/INFO] (Minecraft) [STDOUT]: LEN: 4
[00:52:48] [Server thread/INFO] (Minecraft) [STDOUT]: [3.0, 1.0, 1.0, 2.0]
[00:52:48] [Server thread/INFO] (Minecraft) [STDOUT]: Sending Info now
[00:52:48] [Server thread/INFO] (Minecraft) [STDOUT]: LEN: 4
[00:52:48] [Server thread/INFO] (Minecraft) [STDOUT]: [3.0, 1.0, 1.0, 2.0]
[00:52:48] [Server thread/INFO] (Minecraft) [STDOUT]: Sending Info now
[00:52:48] [Server thread/INFO] (Minecraft) [STDOUT]: LEN: 4
[00:52:48] [Server thread/INFO] (Minecraft) [STDOUT]: [3.0, 1.0, 1.0, 2.0]
[00:52:48] [Server thread/INFO] (Minecraft) [STDOUT]: Sending Info now
[00:52:48] [Server thread/INFO] (Minecraft) [STDOUT]: LEN: 4
[00:52:48] [Server thread/INFO] (Minecraft) [STDOUT]: [3.0, 1.0, 1.0, 2.0]
[00:52:48] [Server thread/INFO] (Minecraft) [STDOUT]: Sending Info now
[00:52:48] [Server thread/INFO] (Minecraft) [STDOUT]: LEN: 4
[00:52:48] [Server thread/INFO] (Minecraft) [STDOUT]: [3.0, 1.0, 1.0, 2.0]
[00:52:48] [Server thread/INFO] (Minecraft) [STDOUT]: Sending Info now
[00:52:48] [Server thread/INFO] (Minecraft) [STDOUT]: LEN: 4
[00:52:48] [Server thread/INFO] (Minecraft) [STDOUT]: [3.0, 1.0, 1.0, 2.0]
[00:52:48] [Server thread/INFO] (Minecraft) [STDOUT]: Sending Info now
[00:52:48] [Server thread/INFO] (Minecraft) [STDOUT]: LEN: 4
[00:52:48] [Server thread/INFO] (Minecraft) [STDOUT]: [3.0, 1.0, 1.0, 2.0]
[00:52:48] [Server thread/INFO] (Minecraft) [STDOUT]: Sending Info now
[00:52:48] [Server thread/INFO] (Minecraft) [STDOUT]: LEN: 4
[00:52:48] [Server thread/INFO] (Minecraft) [STDOUT]: [3.0, 1.0, 1.0, 2.0]
[00:52:49] [Server thread/INFO] (Minecraft) [STDOUT]: Sending Info now
[00:52:49] [Server thread/INFO] (Minecraft) [STDOUT]: LEN: 4
[00:52:49] [Server thread/INFO] (Minecraft) [STDOUT]: [3.0, 1.0, 1.0, 2.0]
[00:52:49] [Server thread/INFO] (Minecraft) [STDOUT]: Sending Info now
[00:52:49] [Server thread/INFO] (Minecraft) [STDOUT]: LEN: 4
[00:52:49] [Server thread/INFO] (Minecraft) [STDOUT]: [3.0, 1.0, 1.0, 2.0]
[00:52:49] [Server thread/INFO] (Minecraft) [STDOUT]: Sending Info now
[00:52:49] [Server thread/INFO] (Minecraft) [STDOUT]: LEN: 4
[00:52:49] [Server thread/INFO] (Minecraft) [STDOUT]: [3.0, 1.0, 1.0, 2.0]
[00:52:49] [Server thread/INFO] (Minecraft) [STDOUT]: Sending Info now
[00:52:49] [Server thread/INFO] (Minecraft) [STDOUT]: LEN: 4
[00:52:49] [Server thread/INFO] (Minecraft) [STDOUT]: [3.0, 1.0, 1.0, 2.0]
[00:52:49] [Server thread/INFO] (Minecraft) [STDOUT]: Sending Info now
[00:52:49] [Server thread/INFO] (Minecraft) [STDOUT]: LEN: 4
[00:52:49] [Server thread/INFO] (Minecraft) [STDOUT]: [3.0, 1.0, 1.0, 2.0]
[00:52:49] [Server thread/INFO] (Minecraft) [STDOUT]: Sending Info now
[00:52:49] [Server thread/INFO] (Minecraft) [STDOUT]: LEN: 4
[00:52:49] [Server thread/INFO] (Minecraft) [STDOUT]: [3.0, 1.0, 1.0, 2.0]
[00:52:49] [Server thread/INFO] (Minecraft) [STDOUT]: Sending Info now
[00:52:49] [Server thread/INFO] (Minecraft) [STDOUT]: LEN: 4
[00:52:49] [Server thread/INFO] (Minecraft) [STDOUT]: [3.0, 1.0, 1.0, 2.0]
[00:52:49] [Server thread/INFO] (Minecraft) [STDOUT]: Sending Info now
[00:52:49] [Server thread/INFO] (Minecraft) [STDOUT]: LEN: 4
[00:52:49] [Server thread/INFO] (Minecraft) [STDOUT]: [3.0, 1.0, 1.0, 2.0]
[00:52:49] [Server thread/INFO] (Minecraft) [STDOUT]: Sending Info now
[00:52:49] [Server thread/INFO] (Minecraft) [STDOUT]: LEN: 4
[00:52:49] [Server thread/INFO] (Minecraft) [STDOUT]: [3.0, 1.0, 1.0, 2.0]
[00:52:49] [Server thread/INFO] (Minecraft) [STDOUT]: Sending Info now
[00:52:49] [Server thread/INFO] (Minecraft) [STDOUT]: LEN: 4
[00:52:49] [Server thread/INFO] (Minecraft) [STDOUT]: [3.0, 1.0, 1.0, 2.0]
[00:52:50] [Server thread/INFO] (Minecraft) [STDOUT]: Sending Info now
[00:52:50] [Server thread/INFO] (Minecraft) [STDOUT]: LEN: 4
[00:52:50] [Server thread/INFO] (Minecraft) [STDOUT]: [3.0, 1.0, 1.0, 2.0]
[00:52:50] [Server thread/INFO] (Minecraft) [STDOUT]: Sending Info now
[00:52:50] [Server thread/INFO] (Minecraft) [STDOUT]: LEN: 4
[00:52:50] [Server thread/INFO] (Minecraft) [STDOUT]: [3.0, 1.0, 1.0, 2.0]
[00:52:50] [Server thread/INFO] (Minecraft) [STDOUT]: Sending Info now
[00:52:50] [Server thread/INFO] (Minecraft) [STDOUT]: LEN: 4
[00:52:50] [Server thread/INFO] (Minecraft) [STDOUT]: [3.0, 1.0, 1.0, 2.0]
[00:52:50] [Server thread/INFO] (Minecraft) [STDOUT]: Sending Info now
[00:52:50] [Server thread/INFO] (Minecraft) [STDOUT]: LEN: 4
[00:52:50] [Server thread/INFO] (Minecraft) [STDOUT]: [3.0, 1.0, 1.0, 2.0]
[00:52:50] [Server thread/INFO] (Minecraft) [STDOUT]: Sending Info now
[00:52:50] [Server thread/INFO] (Minecraft) [STDOUT]: LEN: 4
[00:52:50] [Server thread/INFO] (Minecraft) [STDOUT]: [3.0, 1.0, 1.0, 2.0]
[00:52:50] [Server thread/INFO] (Minecraft) [STDOUT]: Sending Info now
[00:52:50] [Server thread/INFO] (Minecraft) [STDOUT]: LEN: 4
[00:52:50] [Server thread/INFO] (Minecraft) [STDOUT]: [3.0, 1.0, 1.0, 2.0]
[00:52:50] [Server thread/INFO] (Minecraft) [STDOUT]: Sending Info now
[00:52:50] [Server thread/INFO] (Minecraft) [STDOUT]: LEN: 4
[00:52:50] [Server thread/INFO] (Minecraft) [STDOUT]: [3.0, 1.0, 1.0, 2.0]
[00:52:50] [Server thread/INFO] (Minecraft) [STDOUT]: Sending Info now
[00:52:50] [Server thread/INFO] (Minecraft) [STDOUT]: LEN: 4
[00:52:50] [Server thread/INFO] (Minecraft) [STDOUT]: [3.0, 1.0, 1.0, 2.0]
[00:52:50] [Server thread/INFO] (Minecraft) [STDOUT]: Sending Info now
[00:52:50] [Server thread/INFO] (Minecraft) [STDOUT]: LEN: 4
[00:52:50] [Server thread/INFO] (Minecraft) [STDOUT]: [3.0, 1.0, 1.0, 2.0]
[00:52:50] [Server thread/INFO] (Minecraft) [STDOUT]: Sending Info now
[00:52:50] [Server thread/INFO] (Minecraft) [STDOUT]: LEN: 4
[00:52:50] [Server thread/INFO] (Minecraft) [STDOUT]: [3.0, 1.0, 1.0, 2.0]
[00:52:51] [Server thread/INFO] (Minecraft) [STDOUT]: Sending Info now
[00:52:51] [Server thread/INFO] (Minecraft) [STDOUT]: LEN: 4
[00:52:51] [Server thread/INFO] (Minecraft) [STDOUT]: [3.0, 1.0, 1.0, 2.0]
[00:52:51] [Server thread/INFO] (Minecraft) [STDOUT]: Sending Info now
[00:52:51] [Server thread/INFO] (Minecraft) [STDOUT]: LEN: 4
[00:52:51] [Server thread/INFO] (Minecraft) [STDOUT]: [3.0, 1.0, 1.0, 2.0]
[00:52:51] [Server thread/INFO] (Minecraft) [STDOUT]: Sending Info now
[00:52:51] [Server thread/INFO] (Minecraft) [STDOUT]: LEN: 4
[00:52:51] [Server thread/INFO] (Minecraft) [STDOUT]: [3.0, 1.0, 1.0, 2.0]
[00:52:51] [Server thread/INFO] (Minecraft) [STDOUT]: Sending Info now
[00:52:51] [Server thread/INFO] (Minecraft) [STDOUT]: LEN: 4
[00:52:51] [Server thread/INFO] (Minecraft) [STDOUT]: [3.0, 1.0, 1.0, 2.0]
[00:52:51] [Server thread/INFO] (Minecraft) [STDOUT]: Sending Info now
[00:52:51] [Server thread/INFO] (Minecraft) [STDOUT]: LEN: 4
[00:52:51] [Server thread/INFO] (Minecraft) [STDOUT]: [3.0, 1.0, 1.0, 2.0]
[00:52:51] [Server thread/INFO] (Minecraft) [STDOUT]: Sending Info now
[00:52:51] [Server thread/INFO] (Minecraft) [STDOUT]: LEN: 4
[00:52:51] [Server thread/INFO] (Minecraft) [STDOUT]: [3.0, 1.0, 1.0, 2.0]
[00:52:51] [Server thread/INFO] (Minecraft) [STDOUT]: Sending Info now
[00:52:51] [Server thread/INFO] (Minecraft) [STDOUT]: LEN: 4
[00:52:51] [Server thread/INFO] (Minecraft) [STDOUT]: [3.0, 1.0, 1.0, 2.0]
[00:52:51] [Server thread/INFO] (Minecraft) [STDOUT]: Sending Info now
[00:52:51] [Server thread/INFO] (Minecraft) [STDOUT]: LEN: 4
[00:52:51] [Server thread/INFO] (Minecraft) [STDOUT]: [3.0, 1.0, 1.0, 2.0]
[00:52:51] [Server thread/INFO] (Minecraft) [STDOUT]: Sending Info now
[00:52:51] [Server thread/INFO] (Minecraft) [STDOUT]: LEN: 4
[00:52:51] [Server thread/INFO] (Minecraft) [STDOUT]: [3.0, 1.0, 1.0, 2.0]
[00:52:51] [Server thread/INFO] (Minecraft) [STDOUT]: Sending Info now
[00:52:52] [Server thread/INFO] (Minecraft) [STDOUT]: LEN: 4
[00:52:52] [Server thread/INFO] (Minecraft) [STDOUT]: [3.0, 1.0, 1.0, 2.0]
[00:52:52] [Server thread/INFO] (Minecraft) [STDOUT]: Sending Info now
[00:52:52] [Server thread/INFO] (Minecraft) [STDOUT]: LEN: 4
[00:52:52] [Server thread/INFO] (Minecraft) [STDOUT]: [3.0, 1.0, 1.0, 2.0]
[00:52:52] [Server thread/INFO] (Minecraft) [STDOUT]: Sending Info now
[00:52:52] [Server thread/INFO] (Minecraft) [STDOUT]: LEN: 4
[00:52:52] [Server thread/INFO] (Minecraft) [STDOUT]: [3.0, 1.0, 1.0, 2.0]
[00:52:52] [Server thread/INFO] (Minecraft) [STDOUT]: Sending Info now
[00:52:52] [Server thread/INFO] (Minecraft) [STDOUT]: LEN: 4
[00:52:52] [Server thread/INFO] (Minecraft) [STDOUT]: [3.0, 1.0, 1.0, 2.0]
[00:52:52] [Server thread/INFO] (Minecraft) [STDOUT]: Sending Info now
[00:52:52] [Server thread/INFO] (Minecraft) [STDOUT]: LEN: 4
[00:52:52] [Server thread/INFO] (Minecraft) [STDOUT]: [3.0, 1.0, 1.0, 2.0]
[00:52:52] [Server thread/INFO] (Minecraft) [STDOUT]: Sending Info now
[00:52:52] [Server thread/INFO] (Minecraft) [STDOUT]: LEN: 4
[00:52:52] [Server thread/INFO] (Minecraft) [STDOUT]: [3.0, 1.0, 1.0, 2.0]
[00:52:52] [Server thread/INFO] (Minecraft) [STDOUT]: Sending Info now
[00:52:52] [Server thread/INFO] (Minecraft) [STDOUT]: LEN: 4
[00:52:52] [Server thread/INFO] (Minecraft) [STDOUT]: [3.0, 1.0, 1.0, 2.0]
[00:52:52] [Server thread/INFO] (Minecraft) [STDOUT]: Sending Info now
[00:52:52] [Server thread/INFO] (Minecraft) [STDOUT]: LEN: 4
[00:52:52] [Server thread/INFO] (Minecraft) [STDOUT]: [3.0, 1.0, 1.0, 2.0]
[00:52:52] [Server thread/INFO] (Minecraft) [STDOUT]: Sending Info now
[00:52:52] [Server thread/INFO] (Minecraft) [STDOUT]: LEN: 4
[00:52:52] [Server thread/INFO] (Minecraft) [STDOUT]: [3.0, 1.0, 1.0, 2.0]
[00:52:52] [Server thread/INFO] (Minecraft) [STDOUT]: Sending Info now
[00:52:52] [Server thread/INFO] (Minecraft) [STDOUT]: LEN: 4
[00:52:52] [Server thread/INFO] (Minecraft) [STDOUT]: [3.0, 1.0, 1.0, 2.0]
[00:52:52] [Server thread/INFO] (Minecraft) [STDOUT]: Sending Info now
[00:52:52] [Server thread/INFO] (Minecraft) [STDOUT]: LEN: 4
[00:52:52] [Server thread/INFO] (Minecraft) [STDOUT]: [3.0, 1.0, 1.0, 2.0]
[00:52:53] [Server thread/INFO] (Minecraft) [STDOUT]: Sending Info now
[00:52:53] [Server thread/INFO] (Minecraft) [STDOUT]: LEN: 4
[00:52:53] [Server thread/INFO] (Minecraft) [STDOUT]: [3.0, 1.0, 1.0, 2.0]
[00:52:53] [Server thread/INFO] (Minecraft) [STDOUT]: Sending Info now
[00:52:53] [Server thread/INFO] (Minecraft) [STDOUT]: LEN: 4
[00:52:53] [Server thread/INFO] (Minecraft) [STDOUT]: [3.0, 1.0, 1.0, 2.0]
[00:52:53] [Server thread/INFO] (Minecraft) [STDOUT]: Sending Info now
[00:52:53] [Server thread/INFO] (Minecraft) [STDOUT]: LEN: 4
[00:52:53] [Server thread/INFO] (Minecraft) [STDOUT]: [3.0, 1.0, 1.0, 2.0]
[00:52:53] [Server thread/INFO] (Minecraft) [STDOUT]: Sending Info now
[00:52:53] [Server thread/INFO] (Minecraft) [STDOUT]: LEN: 4
[00:52:53] [Server thread/INFO] (Minecraft) [STDOUT]: [3.0, 1.0, 1.0, 2.0]
[00:52:53] [Server thread/INFO] (Minecraft) [STDOUT]: Sending Info now
[00:52:53] [Server thread/INFO] (Minecraft) [STDOUT]: LEN: 4
[00:52:53] [Server thread/INFO] (Minecraft) [STDOUT]: [3.0, 1.0, 1.0, 2.0]
[00:52:53] [Server thread/INFO] (Minecraft) [STDOUT]: Sending Info now
[00:52:53] [Server thread/INFO] (Minecraft) [STDOUT]: LEN: 4
[00:52:53] [Server thread/INFO] (Minecraft) [STDOUT]: [3.0, 1.0, 1.0, 2.0]
[00:52:53] [Server thread/INFO] (Minecraft) [STDOUT]: Sending Info now
[00:52:53] [Server thread/INFO] (Minecraft) [STDOUT]: LEN: 4
[00:52:53] [Server thread/INFO] (Minecraft) [STDOUT]: [3.0, 1.0, 1.0, 2.0]
[00:52:53] [Server thread/INFO] (Minecraft) [STDOUT]: Sending Info now
[00:52:53] [Server thread/INFO] (Minecraft) [STDOUT]: LEN: 4
[00:52:53] [Server thread/INFO] (Minecraft) [STDOUT]: [3.0, 1.0, 1.0, 2.0]
[00:52:53] [Server thread/INFO] (Minecraft) [STDOUT]: Sending Info now
[00:52:53] [Server thread/INFO] (Minecraft) [STDOUT]: LEN: 4
[00:52:53] [Server thread/INFO] (Minecraft) [STDOUT]: [3.0, 1.0, 1.0, 2.0]
[00:52:53] [Server thread/INFO] (Minecraft) [STDOUT]: Sending Info now
[00:52:54] [Server thread/INFO] (Minecraft) [STDOUT]: LEN: 4
[00:52:54] [Server thread/INFO] (Minecraft) [STDOUT]: [3.0, 1.0, 1.0, 2.0]
[00:52:54] [Server thread/INFO] (Minecraft) [STDOUT]: Sending Info now
[00:52:54] [Server thread/INFO] (Minecraft) [STDOUT]: LEN: 4
[00:52:54] [Server thread/INFO] (Minecraft) [STDOUT]: [3.0, 1.0, 1.0, 2.0]
[00:52:54] [Server thread/INFO] (Minecraft) [STDOUT]: Sending Info now
[00:52:54] [Server thread/INFO] (Minecraft) [STDOUT]: LEN: 4
[00:52:54] [Server thread/INFO] (Minecraft) [STDOUT]: [3.0, 1.0, 1.0, 2.0]
[00:52:54] [Server thread/INFO] (Minecraft) [STDOUT]: Sending Info now
[00:52:54] [Server thread/INFO] (Minecraft) [STDOUT]: LEN: 4
[00:52:54] [Server thread/INFO] (Minecraft) [STDOUT]: [3.0, 1.0, 1.0, 2.0]
[00:52:54] [Server thread/INFO] (Minecraft) [STDOUT]: Sending Info now
[00:52:54] [Server thread/INFO] (Minecraft) [STDOUT]: LEN: 4
[00:52:54] [Server thread/INFO] (Minecraft) [STDOUT]: [3.0, 1.0, 1.0, 2.0]
[00:52:54] [Server thread/INFO] (Minecraft) [STDOUT]: Sending Info now
[00:52:54] [Server thread/INFO] (Minecraft) [STDOUT]: LEN: 4
[00:52:54] [Server thread/INFO] (Minecraft) [STDOUT]: [3.0, 1.0, 1.0, 2.0]
[00:52:54] [Server thread/INFO] (Minecraft) [STDOUT]: Sending Info now
[00:52:54] [Server thread/INFO] (Minecraft) [STDOUT]: LEN: 4
[00:52:54] [Server thread/INFO] (Minecraft) [STDOUT]: [3.0, 1.0, 1.0, 2.0]
[00:52:54] [Server thread/INFO] (Minecraft) [STDOUT]: Sending Info now
[00:52:54] [Server thread/INFO] (Minecraft) [STDOUT]: LEN: 4
[00:52:54] [Server thread/INFO] (Minecraft) [STDOUT]: [3.0, 1.0, 1.0, 2.0]
[00:52:54] [Server thread/INFO] (Minecraft) [STDOUT]: Sending Info now
[00:52:54] [Server thread/INFO] (Minecraft) [STDOUT]: LEN: 4
[00:52:54] [Server thread/INFO] (Minecraft) [STDOUT]: [3.0, 1.0, 1.0, 2.0]
[00:52:54] [Server thread/INFO] (Minecraft) [STDOUT]: Sending Info now
[00:52:54] [Server thread/INFO] (Minecraft) [STDOUT]: LEN: 4
[00:52:54] [Server thread/INFO] (Minecraft) [STDOUT]: [3.0, 1.0, 1.0, 2.0]
[00:52:54] [Server thread/INFO] (Minecraft) [STDOUT]: Sending Info now
[00:52:54] [Server thread/INFO] (Minecraft) [STDOUT]: LEN: 4
[00:52:54] [Server thread/INFO] (Minecraft) [STDOUT]: [3.0, 1.0, 1.0, 2.0]
[00:52:55] [Server thread/INFO] (Minecraft) [STDOUT]: Sending Info now
[00:52:55] [Server thread/INFO] (Minecraft) [STDOUT]: LEN: 4
[00:52:55] [Server thread/INFO] (Minecraft) [STDOUT]: [3.0, 1.0, 1.0, 2.0]
[00:52:55] [Server thread/INFO] (Minecraft) [STDOUT]: Sending Info now
[00:52:55] [Server thread/INFO] (Minecraft) [STDOUT]: LEN: 4
[00:52:55] [Server thread/INFO] (Minecraft) [STDOUT]: [3.0, 1.0, 1.0, 2.0]
[00:52:55] [Server thread/INFO] (Minecraft) [STDOUT]: Sending Info now
[00:52:55] [Server thread/INFO] (Minecraft) [STDOUT]: LEN: 4
[00:52:55] [Server thread/INFO] (Minecraft) [STDOUT]: [3.0, 1.0, 1.0, 2.0]
[00:52:55] [Server thread/INFO] (Minecraft) [STDOUT]: Sending Info now
[00:52:55] [Server thread/INFO] (Minecraft) [STDOUT]: LEN: 4
[00:52:55] [Server thread/INFO] (Minecraft) [STDOUT]: [3.0, 1.0, 1.0, 2.0]
[00:52:55] [Server thread/INFO] (Minecraft) [STDOUT]: Sending Info now
[00:52:55] [Server thread/INFO] (Minecraft) [STDOUT]: LEN: 4
[00:52:55] [Server thread/INFO] (Minecraft) [STDOUT]: [3.0, 1.0, 1.0, 2.0]
[00:52:55] [Server thread/INFO] (Minecraft) [STDOUT]: Sending Info now
[00:52:55] [Server thread/INFO] (Minecraft) [STDOUT]: LEN: 4
[00:52:55] [Server thread/INFO] (Minecraft) [STDOUT]: [3.0, 1.0, 1.0, 2.0]
[00:52:55] [Server thread/INFO] (Minecraft) [STDOUT]: Sending Info now
[00:52:55] [Server thread/INFO] (Minecraft) [STDOUT]: LEN: 4
[00:52:55] [Server thread/INFO] (Minecraft) [STDOUT]: [3.0, 1.0, 1.0, 2.0]
[00:52:55] [Server thread/INFO] (Minecraft) [STDOUT]: Sending Info now
[00:52:55] [Server thread/INFO] (Minecraft) [STDOUT]: LEN: 4
[00:52:55] [Server thread/INFO] (Minecraft) [STDOUT]: [3.0, 1.0, 1.0, 2.0]
[00:52:55] [Server thread/INFO] (Minecraft) [STDOUT]: Sending Info now
[00:52:55] [Server thread/INFO] (Minecraft) [STDOUT]: LEN: 4
[00:52:55] [Server thread/INFO] (Minecraft) [STDOUT]: [3.0, 1.0, 1.0, 2.0]
[00:52:55] [Server thread/INFO] (Minecraft) [STDOUT]: Sending Info now
[00:52:55] [Server thread/INFO] (Minecraft) [STDOUT]: LEN: 4
[00:52:55] [Server thread/INFO] (Minecraft) [STDOUT]: [3.0, 1.0, 1.0, 2.0]
[00:52:56] [Server thread/INFO] (Minecraft) [STDOUT]: Sending Info now
[00:52:56] [Server thread/INFO] (Minecraft) [STDOUT]: LEN: 4
[00:52:56] [Server thread/INFO] (Minecraft) [STDOUT]: [3.0, 1.0, 1.0, 2.0]
[00:52:56] [Server thread/INFO] (Minecraft) [STDOUT]: Sending Info now
[00:52:56] [Server thread/INFO] (Minecraft) [STDOUT]: LEN: 4
[00:52:56] [Server thread/INFO] (Minecraft) [STDOUT]: [3.0, 1.0, 1.0, 2.0]
[00:52:56] [Server thread/INFO] (Minecraft) [STDOUT]: Sending Info now
[00:52:56] [Server thread/INFO] (Minecraft) [STDOUT]: LEN: 4
[00:52:56] [Server thread/INFO] (Minecraft) [STDOUT]: [3.0, 1.0, 1.0, 2.0]
[00:52:56] [Server thread/INFO] (Minecraft) [STDOUT]: Sending Info now
[00:52:56] [Server thread/INFO] (Minecraft) [STDOUT]: LEN: 4
[00:52:56] [Server thread/INFO] (Minecraft) [STDOUT]: [3.0, 1.0, 1.0, 2.0]
[00:52:56] [Server thread/INFO] (Minecraft) [STDOUT]: Sending Info now
[00:52:56] [Server thread/INFO] (Minecraft) [STDOUT]: LEN: 4
[00:52:56] [Server thread/INFO] (Minecraft) [STDOUT]: [3.0, 1.0, 1.0, 2.0]
[00:52:56] [Server thread/INFO] (Minecraft) [STDOUT]: Sending Info now
[00:52:56] [Server thread/INFO] (Minecraft) [STDOUT]: LEN: 4
[00:52:56] [Server thread/INFO] (Minecraft) [STDOUT]: [3.0, 1.0, 1.0, 2.0]
[00:52:56] [Server thread/INFO] (Minecraft) [STDOUT]: Sending Info now
[00:52:56] [Server thread/INFO] (Minecraft) [STDOUT]: LEN: 4
[00:52:56] [Server thread/INFO] (Minecraft) [STDOUT]: [3.0, 1.0, 1.0, 2.0]
[00:52:56] [Server thread/INFO] (Minecraft) [STDOUT]: Sending Info now
[00:52:56] [Server thread/INFO] (Minecraft) [STDOUT]: LEN: 4
[00:52:56] [Server thread/INFO] (Minecraft) [STDOUT]: [3.0, 1.0, 1.0, 2.0]
[00:52:56] [Server thread/INFO] (Minecraft) [STDOUT]: Sending Info now
[00:52:56] [Server thread/INFO] (Minecraft) Saving and pausing game...
[00:52:56] [Server thread/INFO] (Minecraft) Saving chunks for level 'ServerLevel[New World]'/minecraft:overworld
[00:52:56] [Server thread/INFO] (Minecraft) Saving chunks for level 'ServerLevel[New World]'/minecraft:the_end
[00:52:56] [Server thread/INFO] (Minecraft) Saving chunks for level 'ServerLevel[New World]'/minecraft:the_nether
[00:54:15] [Server thread/INFO] (Minecraft) [STDOUT]: LEN: 4
[00:54:15] [Server thread/INFO] (Minecraft) [STDOUT]: [3.0, 1.0, 1.0, 2.0]
[00:54:15] [Server thread/INFO] (Minecraft) [STDOUT]: ERROR: FAILED
[00:54:15] [Server thread/INFO] (Minecraft) Stopped training!
[00:54:15] [Server thread/INFO] (Minecraft) Can only manipulate existing players
[00:54:15] [Render thread/INFO] (Minecraft) [System] [CHAT] [Server: Can only manipulate existing players]
[00:54:19] [Server thread/INFO] (Minecraft) [Player927: Set the time to 1000]
[00:54:19] [Render thread/INFO] (Minecraft) [System] [CHAT] Set the time to 1000
[00:54:21] [Server thread/INFO] (Minecraft) [STDOUT]: INFO: Made process
[00:54:21] [Server thread/INFO] (Minecraft) [STDOUT]: INFO: Socket Connected
[00:54:21] [Server thread/INFO] (Minecraft) [STDOUT]: Success? 
[00:54:21] [Render thread/INFO] (Minecraft) [System] [CHAT] Started training!
[00:54:21] [Server thread/INFO] (Minecraft) Empirecreator[local] logged in with entity id 1604 at (128.0, 68.0, -96.0)
[00:54:21] [Server thread/INFO] (Minecraft) Empirecreator joined the game
[00:54:21] [Render thread/INFO] (Minecraft) [System] [CHAT] Empirecreator joined the game
[00:54:21] [Server thread/INFO] (Minecraft) Set Empirecreator's game mode to Survival Mode
[00:54:21] [Server thread/INFO] (Minecraft) [STDOUT]: found
[00:54:21] [Server thread/INFO] (Minecraft) [STDOUT]: Sending Info now
[00:54:21] [Render thread/INFO] (Minecraft) [System] [CHAT] [Server: Set Empirecreator's game mode to Survival Mode]
[00:54:22] [Server thread/INFO] (Minecraft) [STDOUT]: LEN: 4
[00:54:22] [Server thread/INFO] (Minecraft) [STDOUT]: [1.0, 1.0, 1.0, 4.0]
[00:54:22] [Server thread/INFO] (Minecraft) [STDOUT]: Sending Info now
[00:54:22] [Server thread/INFO] (Minecraft) [STDOUT]: LEN: 4
[00:54:22] [Server thread/INFO] (Minecraft) [STDOUT]: [1.0, 1.0, 1.0, 4.0]
[00:54:22] [Server thread/INFO] (Minecraft) [STDOUT]: Sending Info now
[00:54:23] [Server thread/INFO] (Minecraft) [STDOUT]: LEN: 4
[00:54:23] [Server thread/INFO] (Minecraft) [STDOUT]: [1.0, 1.0, 1.0, 4.0]
[00:54:23] [Server thread/INFO] (Minecraft) [STDOUT]: Sending Info now
[00:54:23] [Server thread/INFO] (Minecraft) [STDOUT]: LEN: 4
[00:54:23] [Server thread/INFO] (Minecraft) [STDOUT]: [1.0, 1.0, 1.0, 4.0]
[00:54:23] [Server thread/INFO] (Minecraft) [STDOUT]: Sending Info now
[00:54:23] [Server thread/INFO] (Minecraft) [STDOUT]: LEN: 4
[00:54:23] [Server thread/INFO] (Minecraft) [STDOUT]: [1.0, 1.0, 1.0, 4.0]
[00:54:23] [Server thread/INFO] (Minecraft) [STDOUT]: Sending Info now
[00:54:23] [Server thread/INFO] (Minecraft) [STDOUT]: LEN: 4
[00:54:23] [Server thread/INFO] (Minecraft) [STDOUT]: [1.0, 1.0, 1.0, 4.0]
[00:54:23] [Server thread/INFO] (Minecraft) [STDOUT]: Sending Info now
[00:54:23] [Server thread/INFO] (Minecraft) [STDOUT]: LEN: 4
[00:54:23] [Server thread/INFO] (Minecraft) [STDOUT]: [1.0, 1.0, 1.0, 4.0]
[00:54:23] [Server thread/INFO] (Minecraft) [STDOUT]: Sending Info now
[00:54:23] [Server thread/INFO] (Minecraft) [STDOUT]: LEN: 4
[00:54:23] [Server thread/INFO] (Minecraft) [STDOUT]: [1.0, 1.0, 1.0, 4.0]
[00:54:23] [Server thread/INFO] (Minecraft) [STDOUT]: Sending Info now
[00:54:23] [Server thread/INFO] (Minecraft) [STDOUT]: LEN: 4
[00:54:23] [Server thread/INFO] (Minecraft) [STDOUT]: [1.0, 1.0, 1.0, 4.0]
[00:54:23] [Server thread/INFO] (Minecraft) [STDOUT]: Sending Info now
[00:54:23] [Server thread/INFO] (Minecraft) [STDOUT]: LEN: 4
[00:54:23] [Server thread/INFO] (Minecraft) [STDOUT]: [1.0, 1.0, 1.0, 4.0]
[00:54:23] [Server thread/INFO] (Minecraft) [STDOUT]: Sending Info now
[00:54:23] [Server thread/INFO] (Minecraft) [STDOUT]: LEN: 4
[00:54:23] [Server thread/INFO] (Minecraft) [STDOUT]: [1.0, 1.0, 1.0, 4.0]
[00:54:23] [Server thread/INFO] (Minecraft) [STDOUT]: Sending Info now
[00:54:23] [Server thread/INFO] (Minecraft) [STDOUT]: LEN: 4
[00:54:23] [Server thread/INFO] (Minecraft) [STDOUT]: [1.0, 1.0, 1.0, 4.0]
[00:54:23] [Server thread/INFO] (Minecraft) [STDOUT]: Sending Info now
[00:54:23] [Server thread/INFO] (Minecraft) [STDOUT]: LEN: 4
[00:54:23] [Server thread/INFO] (Minecraft) [STDOUT]: [1.0, 1.0, 1.0, 4.0]
[00:54:23] [Server thread/INFO] (Minecraft) [STDOUT]: Sending Info now
[00:54:23] [Server thread/INFO] (Minecraft) [STDOUT]: LEN: 4
[00:54:23] [Server thread/INFO] (Minecraft) [STDOUT]: [1.0, 1.0, 1.0, 4.0]
[00:54:23] [Server thread/INFO] (Minecraft) [STDOUT]: Sending Info now
[00:54:23] [Server thread/INFO] (Minecraft) [STDOUT]: LEN: 4
[00:54:23] [Server thread/INFO] (Minecraft) [STDOUT]: [1.0, 1.0, 1.0, 4.0]
[00:54:23] [Server thread/INFO] (Minecraft) [STDOUT]: Sending Info now
[00:54:23] [Server thread/INFO] (Minecraft) [STDOUT]: LEN: 4
[00:54:23] [Server thread/INFO] (Minecraft) [STDOUT]: [1.0, 1.0, 1.0, 4.0]
[00:54:23] [Server thread/INFO] (Minecraft) [STDOUT]: Sending Info now
[00:54:23] [Server thread/INFO] (Minecraft) [STDOUT]: LEN: 4
[00:54:23] [Server thread/INFO] (Minecraft) [STDOUT]: [1.0, 1.0, 1.0, 4.0]
[00:54:23] [Server thread/INFO] (Minecraft) [STDOUT]: Sending Info now
[00:54:23] [Server thread/INFO] (Minecraft) [STDOUT]: LEN: 4
[00:54:23] [Server thread/INFO] (Minecraft) [STDOUT]: [1.0, 1.0, 1.0, 4.0]
[00:54:23] [Server thread/INFO] (Minecraft) [STDOUT]: Sending Info now
[00:54:24] [Server thread/INFO] (Minecraft) [STDOUT]: LEN: 4
[00:54:24] [Server thread/INFO] (Minecraft) [STDOUT]: [1.0, 1.0, 1.0, 4.0]
[00:54:24] [Server thread/INFO] (Minecraft) [STDOUT]: Sending Info now
[00:54:24] [Server thread/INFO] (Minecraft) [STDOUT]: LEN: 4
[00:54:24] [Server thread/INFO] (Minecraft) [STDOUT]: [1.0, 1.0, 1.0, 4.0]
[00:54:24] [Server thread/INFO] (Minecraft) [STDOUT]: Sending Info now
[00:54:24] [Server thread/INFO] (Minecraft) [STDOUT]: LEN: 4
[00:54:24] [Server thread/INFO] (Minecraft) [STDOUT]: [1.0, 1.0, 1.0, 4.0]
[00:54:24] [Server thread/INFO] (Minecraft) [STDOUT]: Sending Info now
[00:54:24] [Server thread/INFO] (Minecraft) [STDOUT]: LEN: 4
[00:54:24] [Server thread/INFO] (Minecraft) [STDOUT]: [1.0, 1.0, 1.0, 4.0]
[00:54:24] [Server thread/INFO] (Minecraft) [STDOUT]: Sending Info now
[00:54:24] [Server thread/INFO] (Minecraft) [STDOUT]: LEN: 4
[00:54:24] [Server thread/INFO] (Minecraft) [STDOUT]: [1.0, 1.0, 1.0, 4.0]
[00:54:24] [Server thread/INFO] (Minecraft) [STDOUT]: Sending Info now
[00:54:24] [Server thread/INFO] (Minecraft) [STDOUT]: LEN: 4
[00:54:24] [Server thread/INFO] (Minecraft) [STDOUT]: [1.0, 1.0, 1.0, 4.0]
[00:54:24] [Server thread/INFO] (Minecraft) [STDOUT]: Sending Info now
[00:54:24] [Server thread/INFO] (Minecraft) [STDOUT]: LEN: 4
[00:54:24] [Server thread/INFO] (Minecraft) [STDOUT]: [1.0, 1.0, 1.0, 4.0]
[00:54:24] [Server thread/INFO] (Minecraft) [STDOUT]: Sending Info now
[00:54:24] [Server thread/INFO] (Minecraft) [STDOUT]: LEN: 4
[00:54:24] [Server thread/INFO] (Minecraft) [STDOUT]: [1.0, 1.0, 1.0, 4.0]
[00:54:24] [Server thread/INFO] (Minecraft) [STDOUT]: Sending Info now
[00:54:24] [Server thread/INFO] (Minecraft) [STDOUT]: LEN: 4
[00:54:24] [Server thread/INFO] (Minecraft) [STDOUT]: [1.0, 1.0, 1.0, 4.0]
[00:54:24] [Server thread/INFO] (Minecraft) [STDOUT]: Sending Info now
[00:54:24] [Server thread/INFO] (Minecraft) [STDOUT]: LEN: 4
[00:54:24] [Server thread/INFO] (Minecraft) [STDOUT]: [1.0, 1.0, 1.0, 4.0]
[00:54:24] [Server thread/INFO] (Minecraft) [STDOUT]: Sending Info now
[00:54:24] [Server thread/INFO] (Minecraft) [STDOUT]: LEN: 4
[00:54:24] [Server thread/INFO] (Minecraft) [STDOUT]: [1.0, 1.0, 1.0, 4.0]
[00:54:24] [Server thread/INFO] (Minecraft) [STDOUT]: Sending Info now
[00:54:24] [Server thread/INFO] (Minecraft) [STDOUT]: LEN: 4
[00:54:24] [Server thread/INFO] (Minecraft) [STDOUT]: [1.0, 1.0, 1.0, 4.0]
[00:54:24] [Server thread/INFO] (Minecraft) [STDOUT]: Sending Info now
[00:54:24] [Server thread/INFO] (Minecraft) [STDOUT]: LEN: 4
[00:54:24] [Server thread/INFO] (Minecraft) [STDOUT]: [1.0, 1.0, 1.0, 4.0]
[00:54:24] [Server thread/INFO] (Minecraft) [STDOUT]: Sending Info now
[00:54:24] [Server thread/INFO] (Minecraft) [STDOUT]: LEN: 4
[00:54:24] [Server thread/INFO] (Minecraft) [STDOUT]: [1.0, 1.0, 1.0, 4.0]
[00:54:25] [Server thread/INFO] (Minecraft) [STDOUT]: Sending Info now
[00:54:25] [Server thread/INFO] (Minecraft) [STDOUT]: LEN: 4
[00:54:25] [Server thread/INFO] (Minecraft) [STDOUT]: [1.0, 1.0, 1.0, 4.0]
[00:54:25] [Server thread/INFO] (Minecraft) [STDOUT]: Sending Info now
[00:54:25] [Server thread/INFO] (Minecraft) [STDOUT]: LEN: 4
[00:54:25] [Server thread/INFO] (Minecraft) [STDOUT]: [1.0, 1.0, 1.0, 4.0]
[00:54:25] [Server thread/INFO] (Minecraft) [STDOUT]: Sending Info now
[00:54:25] [Server thread/INFO] (Minecraft) [STDOUT]: LEN: 4
[00:54:25] [Server thread/INFO] (Minecraft) [STDOUT]: [1.0, 1.0, 1.0, 4.0]
[00:54:25] [Server thread/INFO] (Minecraft) [STDOUT]: Sending Info now
[00:54:25] [Server thread/INFO] (Minecraft) [STDOUT]: LEN: 4
[00:54:25] [Server thread/INFO] (Minecraft) [STDOUT]: [1.0, 1.0, 1.0, 4.0]
[00:54:25] [Server thread/INFO] (Minecraft) [STDOUT]: Sending Info now
[00:54:25] [Server thread/INFO] (Minecraft) [STDOUT]: LEN: 4
[00:54:25] [Server thread/INFO] (Minecraft) [STDOUT]: [1.0, 1.0, 1.0, 4.0]
[00:54:25] [Server thread/INFO] (Minecraft) [STDOUT]: Sending Info now
[00:54:25] [Server thread/INFO] (Minecraft) [STDOUT]: LEN: 4
[00:54:25] [Server thread/INFO] (Minecraft) [STDOUT]: [1.0, 1.0, 1.0, 4.0]
[00:54:25] [Server thread/INFO] (Minecraft) [STDOUT]: Sending Info now
[00:54:25] [Server thread/INFO] (Minecraft) [STDOUT]: LEN: 4
[00:54:25] [Server thread/INFO] (Minecraft) [STDOUT]: [1.0, 1.0, 1.0, 4.0]
[00:54:25] [Server thread/INFO] (Minecraft) [STDOUT]: Sending Info now
[00:54:25] [Server thread/INFO] (Minecraft) [STDOUT]: LEN: 4
[00:54:25] [Server thread/INFO] (Minecraft) [STDOUT]: [1.0, 1.0, 1.0, 4.0]
[00:54:25] [Server thread/INFO] (Minecraft) [STDOUT]: Sending Info now
[00:54:25] [Server thread/INFO] (Minecraft) [STDOUT]: LEN: 4
[00:54:25] [Server thread/INFO] (Minecraft) [STDOUT]: [1.0, 1.0, 1.0, 4.0]
[00:54:25] [Server thread/INFO] (Minecraft) [STDOUT]: Sending Info now
[00:54:25] [Server thread/INFO] (Minecraft) [STDOUT]: LEN: 4
[00:54:25] [Server thread/INFO] (Minecraft) [STDOUT]: [1.0, 1.0, 1.0, 4.0]
[00:54:26] [Server thread/INFO] (Minecraft) [STDOUT]: Sending Info now
[00:54:26] [Server thread/INFO] (Minecraft) [STDOUT]: LEN: 4
[00:54:26] [Server thread/INFO] (Minecraft) [STDOUT]: [1.0, 1.0, 1.0, 4.0]
[00:54:26] [Server thread/INFO] (Minecraft) [STDOUT]: Sending Info now
[00:54:26] [Server thread/INFO] (Minecraft) [STDOUT]: LEN: 4
[00:54:26] [Server thread/INFO] (Minecraft) [STDOUT]: [1.0, 1.0, 1.0, 4.0]
[00:54:26] [Server thread/INFO] (Minecraft) [STDOUT]: Sending Info now
[00:54:26] [Server thread/INFO] (Minecraft) [STDOUT]: LEN: 4
[00:54:26] [Server thread/INFO] (Minecraft) [STDOUT]: [1.0, 1.0, 1.0, 4.0]
[00:54:26] [Server thread/INFO] (Minecraft) [STDOUT]: Sending Info now
[00:54:26] [Server thread/INFO] (Minecraft) [STDOUT]: LEN: 4
[00:54:26] [Server thread/INFO] (Minecraft) [STDOUT]: [1.0, 1.0, 1.0, 4.0]
[00:54:26] [Server thread/INFO] (Minecraft) [STDOUT]: Sending Info now
[00:54:26] [Server thread/INFO] (Minecraft) [STDOUT]: LEN: 4
[00:54:26] [Server thread/INFO] (Minecraft) [STDOUT]: [1.0, 1.0, 1.0, 4.0]
[00:54:26] [Server thread/INFO] (Minecraft) [STDOUT]: Sending Info now
[00:54:26] [Server thread/INFO] (Minecraft) [STDOUT]: LEN: 4
[00:54:26] [Server thread/INFO] (Minecraft) [STDOUT]: [1.0, 1.0, 1.0, 4.0]
[00:54:26] [Server thread/INFO] (Minecraft) [STDOUT]: Sending Info now
[00:54:26] [Server thread/INFO] (Minecraft) [STDOUT]: LEN: 4
[00:54:26] [Server thread/INFO] (Minecraft) [STDOUT]: [1.0, 1.0, 1.0, 4.0]
[00:54:26] [Server thread/INFO] (Minecraft) [STDOUT]: Sending Info now
[00:54:26] [Server thread/INFO] (Minecraft) [STDOUT]: LEN: 4
[00:54:26] [Server thread/INFO] (Minecraft) [STDOUT]: [1.0, 1.0, 1.0, 4.0]
[00:54:26] [Server thread/INFO] (Minecraft) [STDOUT]: Sending Info now
[00:54:26] [Server thread/INFO] (Minecraft) [STDOUT]: LEN: 4
[00:54:26] [Server thread/INFO] (Minecraft) [STDOUT]: [1.0, 1.0, 1.0, 4.0]
[00:54:26] [Server thread/INFO] (Minecraft) [STDOUT]: Sending Info now
[00:54:26] [Server thread/INFO] (Minecraft) [STDOUT]: LEN: 4
[00:54:26] [Server thread/INFO] (Minecraft) [STDOUT]: [1.0, 1.0, 1.0, 4.0]
[00:54:27] [Server thread/INFO] (Minecraft) [STDOUT]: Sending Info now
[00:54:27] [Server thread/INFO] (Minecraft) [STDOUT]: LEN: 4
[00:54:27] [Server thread/INFO] (Minecraft) [STDOUT]: [1.0, 1.0, 1.0, 4.0]
[00:54:27] [Server thread/INFO] (Minecraft) [STDOUT]: Sending Info now
[00:54:27] [Server thread/INFO] (Minecraft) [STDOUT]: LEN: 4
[00:54:27] [Server thread/INFO] (Minecraft) [STDOUT]: [1.0, 1.0, 1.0, 4.0]
[00:54:27] [Server thread/INFO] (Minecraft) [STDOUT]: Sending Info now
[00:54:27] [Server thread/INFO] (Minecraft) [STDOUT]: LEN: 4
[00:54:27] [Server thread/INFO] (Minecraft) [STDOUT]: [1.0, 1.0, 1.0, 4.0]
[00:54:27] [Server thread/INFO] (Minecraft) [STDOUT]: Sending Info now
[00:54:27] [Server thread/INFO] (Minecraft) [STDOUT]: LEN: 4
[00:54:27] [Server thread/INFO] (Minecraft) [STDOUT]: [1.0, 1.0, 1.0, 4.0]
[00:54:27] [Server thread/INFO] (Minecraft) [STDOUT]: Sending Info now
[00:54:27] [Server thread/INFO] (Minecraft) [STDOUT]: LEN: 4
[00:54:27] [Server thread/INFO] (Minecraft) [STDOUT]: [1.0, 1.0, 1.0, 4.0]
[00:54:27] [Server thread/INFO] (Minecraft) [STDOUT]: Sending Info now
[00:54:27] [Server thread/INFO] (Minecraft) [STDOUT]: LEN: 4
[00:54:27] [Server thread/INFO] (Minecraft) [STDOUT]: [1.0, 1.0, 1.0, 4.0]
[00:54:27] [Server thread/INFO] (Minecraft) [STDOUT]: Sending Info now
[00:54:27] [Server thread/INFO] (Minecraft) [STDOUT]: LEN: 4
[00:54:27] [Server thread/INFO] (Minecraft) [STDOUT]: [1.0, 1.0, 1.0, 4.0]
[00:54:27] [Server thread/INFO] (Minecraft) [STDOUT]: Sending Info now
[00:54:27] [Server thread/INFO] (Minecraft) [STDOUT]: LEN: 4
[00:54:27] [Server thread/INFO] (Minecraft) [STDOUT]: [1.0, 1.0, 1.0, 4.0]
[00:54:27] [Server thread/INFO] (Minecraft) [STDOUT]: Sending Info now
[00:54:27] [Server thread/INFO] (Minecraft) [STDOUT]: LEN: 4
[00:54:27] [Server thread/INFO] (Minecraft) [STDOUT]: [1.0, 1.0, 1.0, 4.0]
[00:54:27] [Server thread/INFO] (Minecraft) [STDOUT]: Sending Info now
[00:54:27] [Server thread/INFO] (Minecraft) [STDOUT]: LEN: 4
[00:54:27] [Server thread/INFO] (Minecraft) [STDOUT]: [1.0, 1.0, 1.0, 4.0]
[00:54:28] [Server thread/INFO] (Minecraft) [STDOUT]: Sending Info now
[00:54:28] [Server thread/INFO] (Minecraft) [STDOUT]: LEN: 4
[00:54:28] [Server thread/INFO] (Minecraft) [STDOUT]: [1.0, 1.0, 1.0, 4.0]
[00:54:28] [Server thread/INFO] (Minecraft) [STDOUT]: Sending Info now
[00:54:28] [Server thread/INFO] (Minecraft) [STDOUT]: LEN: 4
[00:54:28] [Server thread/INFO] (Minecraft) [STDOUT]: [1.0, 1.0, 1.0, 4.0]
[00:54:28] [Server thread/INFO] (Minecraft) [STDOUT]: Sending Info now
[00:54:28] [Server thread/INFO] (Minecraft) [STDOUT]: LEN: 4
[00:54:28] [Server thread/INFO] (Minecraft) [STDOUT]: [1.0, 1.0, 1.0, 4.0]
[00:54:28] [Server thread/INFO] (Minecraft) [STDOUT]: Sending Info now
[00:54:28] [Server thread/INFO] (Minecraft) [STDOUT]: LEN: 4
[00:54:28] [Server thread/INFO] (Minecraft) [STDOUT]: [1.0, 1.0, 1.0, 4.0]
[00:54:28] [Server thread/INFO] (Minecraft) [STDOUT]: Sending Info now
[00:54:28] [Server thread/INFO] (Minecraft) [STDOUT]: LEN: 4
[00:54:28] [Server thread/INFO] (Minecraft) [STDOUT]: [1.0, 1.0, 1.0, 4.0]
[00:54:28] [Server thread/INFO] (Minecraft) [STDOUT]: Sending Info now
[00:54:28] [Server thread/INFO] (Minecraft) [STDOUT]: LEN: 4
[00:54:28] [Server thread/INFO] (Minecraft) [STDOUT]: [1.0, 1.0, 1.0, 4.0]
[00:54:28] [Server thread/INFO] (Minecraft) [STDOUT]: Sending Info now
[00:54:28] [Server thread/INFO] (Minecraft) [STDOUT]: LEN: 4
[00:54:28] [Server thread/INFO] (Minecraft) [STDOUT]: [1.0, 1.0, 1.0, 4.0]
[00:54:28] [Server thread/INFO] (Minecraft) [STDOUT]: Sending Info now
[00:54:28] [Server thread/INFO] (Minecraft) [STDOUT]: LEN: 4
[00:54:28] [Server thread/INFO] (Minecraft) [STDOUT]: [1.0, 1.0, 1.0, 4.0]
[00:54:28] [Server thread/INFO] (Minecraft) [STDOUT]: Sending Info now
[00:54:28] [Server thread/INFO] (Minecraft) [STDOUT]: LEN: 4
[00:54:28] [Server thread/INFO] (Minecraft) [STDOUT]: [1.0, 1.0, 1.0, 4.0]
[00:54:28] [Server thread/INFO] (Minecraft) [STDOUT]: Sending Info now
[00:54:28] [Server thread/INFO] (Minecraft) [STDOUT]: LEN: 4
[00:54:28] [Server thread/INFO] (Minecraft) [STDOUT]: [1.0, 1.0, 1.0, 4.0]
[00:54:29] [Server thread/INFO] (Minecraft) [STDOUT]: Sending Info now
[00:54:29] [Server thread/INFO] (Minecraft) [STDOUT]: LEN: 4
[00:54:29] [Server thread/INFO] (Minecraft) [STDOUT]: [1.0, 1.0, 1.0, 4.0]
[00:54:29] [Server thread/INFO] (Minecraft) [STDOUT]: Sending Info now
[00:54:29] [Server thread/INFO] (Minecraft) [STDOUT]: LEN: 4
[00:54:29] [Server thread/INFO] (Minecraft) [STDOUT]: [1.0, 1.0, 1.0, 4.0]
[00:54:29] [Server thread/INFO] (Minecraft) [STDOUT]: Sending Info now
[00:54:29] [Server thread/INFO] (Minecraft) [STDOUT]: LEN: 4
[00:54:29] [Server thread/INFO] (Minecraft) [STDOUT]: [1.0, 1.0, 1.0, 4.0]
[00:54:29] [Server thread/INFO] (Minecraft) [STDOUT]: Sending Info now
[00:54:29] [Server thread/INFO] (Minecraft) [STDOUT]: LEN: 4
[00:54:29] [Server thread/INFO] (Minecraft) [STDOUT]: [1.0, 1.0, 1.0, 4.0]
[00:54:29] [Server thread/INFO] (Minecraft) [STDOUT]: Sending Info now
[00:54:29] [Server thread/INFO] (Minecraft) [STDOUT]: LEN: 4
[00:54:29] [Server thread/INFO] (Minecraft) [STDOUT]: [1.0, 1.0, 1.0, 4.0]
[00:54:29] [Server thread/INFO] (Minecraft) [STDOUT]: Sending Info now
[00:54:29] [Server thread/INFO] (Minecraft) [STDOUT]: LEN: 4
[00:54:29] [Server thread/INFO] (Minecraft) [STDOUT]: [1.0, 1.0, 1.0, 4.0]
[00:54:29] [Server thread/INFO] (Minecraft) [STDOUT]: Sending Info now
[00:54:29] [Server thread/INFO] (Minecraft) [STDOUT]: LEN: 4
[00:54:29] [Server thread/INFO] (Minecraft) [STDOUT]: [1.0, 1.0, 1.0, 4.0]
[00:54:29] [Server thread/INFO] (Minecraft) [STDOUT]: Sending Info now
[00:54:29] [Server thread/INFO] (Minecraft) [STDOUT]: LEN: 4
[00:54:29] [Server thread/INFO] (Minecraft) [STDOUT]: [1.0, 1.0, 1.0, 4.0]
[00:54:29] [Server thread/INFO] (Minecraft) [STDOUT]: Sending Info now
[00:54:29] [Server thread/INFO] (Minecraft) [STDOUT]: LEN: 4
[00:54:29] [Server thread/INFO] (Minecraft) [STDOUT]: [1.0, 1.0, 1.0, 4.0]
[00:54:29] [Server thread/INFO] (Minecraft) [STDOUT]: Sending Info now
[00:54:29] [Server thread/INFO] (Minecraft) [STDOUT]: LEN: 4
[00:54:29] [Server thread/INFO] (Minecraft) [STDOUT]: [1.0, 1.0, 1.0, 4.0]
[00:54:30] [Server thread/INFO] (Minecraft) [STDOUT]: Sending Info now
[00:54:30] [Server thread/INFO] (Minecraft) [STDOUT]: LEN: 4
[00:54:30] [Server thread/INFO] (Minecraft) [STDOUT]: [1.0, 1.0, 1.0, 4.0]
[00:54:30] [Server thread/INFO] (Minecraft) [STDOUT]: Sending Info now
[00:54:30] [Server thread/INFO] (Minecraft) [STDOUT]: LEN: 4
[00:54:30] [Server thread/INFO] (Minecraft) [STDOUT]: [1.0, 1.0, 1.0, 4.0]
[00:54:30] [Server thread/INFO] (Minecraft) [STDOUT]: Sending Info now
[00:54:30] [Server thread/INFO] (Minecraft) [STDOUT]: LEN: 4
[00:54:30] [Server thread/INFO] (Minecraft) [STDOUT]: [1.0, 1.0, 1.0, 4.0]
[00:54:30] [Server thread/INFO] (Minecraft) [STDOUT]: Sending Info now
[00:54:30] [Server thread/INFO] (Minecraft) [STDOUT]: LEN: 4
[00:54:30] [Server thread/INFO] (Minecraft) [STDOUT]: [1.0, 1.0, 1.0, 4.0]
[00:54:30] [Server thread/INFO] (Minecraft) [STDOUT]: Sending Info now
[00:54:30] [Server thread/INFO] (Minecraft) [STDOUT]: LEN: 4
[00:54:30] [Server thread/INFO] (Minecraft) [STDOUT]: [1.0, 1.0, 1.0, 4.0]
[00:54:30] [Server thread/INFO] (Minecraft) [STDOUT]: Sending Info now
[00:54:30] [Server thread/INFO] (Minecraft) [STDOUT]: LEN: 4
[00:54:30] [Server thread/INFO] (Minecraft) [STDOUT]: [1.0, 1.0, 1.0, 4.0]
[00:54:30] [Server thread/INFO] (Minecraft) [STDOUT]: Sending Info now
[00:54:30] [Server thread/INFO] (Minecraft) [STDOUT]: LEN: 4
[00:54:30] [Server thread/INFO] (Minecraft) [STDOUT]: [1.0, 1.0, 1.0, 4.0]
[00:54:30] [Server thread/INFO] (Minecraft) [STDOUT]: Sending Info now
[00:54:30] [Server thread/INFO] (Minecraft) [STDOUT]: LEN: 4
[00:54:30] [Server thread/INFO] (Minecraft) [STDOUT]: [1.0, 1.0, 1.0, 4.0]
[00:54:30] [Server thread/INFO] (Minecraft) [STDOUT]: Sending Info now
[00:54:30] [Server thread/INFO] (Minecraft) [STDOUT]: LEN: 4
[00:54:30] [Server thread/INFO] (Minecraft) [STDOUT]: [1.0, 1.0, 1.0, 4.0]
[00:54:30] [Server thread/INFO] (Minecraft) [STDOUT]: Sending Info now
[00:54:30] [Server thread/INFO] (Minecraft) [STDOUT]: LEN: 4
[00:54:30] [Server thread/INFO] (Minecraft) [STDOUT]: [1.0, 1.0, 1.0, 4.0]
[00:54:31] [Server thread/INFO] (Minecraft) [STDOUT]: Sending Info now
[00:54:31] [Server thread/INFO] (Minecraft) [STDOUT]: LEN: 4
[00:54:31] [Server thread/INFO] (Minecraft) [STDOUT]: [1.0, 1.0, 1.0, 4.0]
[00:54:31] [Server thread/INFO] (Minecraft) [STDOUT]: Sending Info now
[00:54:31] [Server thread/INFO] (Minecraft) [STDOUT]: LEN: 4
[00:54:31] [Server thread/INFO] (Minecraft) [STDOUT]: [1.0, 1.0, 1.0, 4.0]
[00:54:31] [Server thread/INFO] (Minecraft) [STDOUT]: Sending Info now
[00:54:31] [Server thread/INFO] (Minecraft) [STDOUT]: LEN: 4
[00:54:31] [Server thread/INFO] (Minecraft) [STDOUT]: [1.0, 1.0, 1.0, 4.0]
[00:54:31] [Server thread/INFO] (Minecraft) [STDOUT]: Sending Info now
[00:54:31] [Server thread/INFO] (Minecraft) [STDOUT]: LEN: 4
[00:54:31] [Server thread/INFO] (Minecraft) [STDOUT]: [1.0, 1.0, 1.0, 4.0]
[00:54:31] [Server thread/INFO] (Minecraft) [STDOUT]: Sending Info now
[00:54:31] [Server thread/INFO] (Minecraft) [STDOUT]: LEN: 4
[00:54:31] [Server thread/INFO] (Minecraft) [STDOUT]: [1.0, 1.0, 1.0, 4.0]
[00:54:31] [Server thread/INFO] (Minecraft) [STDOUT]: Sending Info now
[00:54:31] [Server thread/INFO] (Minecraft) [STDOUT]: LEN: 4
[00:54:31] [Server thread/INFO] (Minecraft) [STDOUT]: [1.0, 1.0, 1.0, 4.0]
[00:54:31] [Server thread/INFO] (Minecraft) [STDOUT]: Sending Info now
[00:54:31] [Server thread/INFO] (Minecraft) [STDOUT]: LEN: 4
[00:54:31] [Server thread/INFO] (Minecraft) [STDOUT]: [1.0, 1.0, 1.0, 4.0]
[00:54:31] [Server thread/INFO] (Minecraft) [STDOUT]: Sending Info now
[00:54:31] [Server thread/INFO] (Minecraft) [STDOUT]: LEN: 4
[00:54:31] [Server thread/INFO] (Minecraft) [STDOUT]: [1.0, 1.0, 1.0, 4.0]
[00:54:31] [Server thread/INFO] (Minecraft) [STDOUT]: Sending Info now
[00:54:31] [Server thread/INFO] (Minecraft) [STDOUT]: LEN: 4
[00:54:31] [Server thread/INFO] (Minecraft) [STDOUT]: [1.0, 1.0, 1.0, 4.0]
[00:54:31] [Server thread/INFO] (Minecraft) [STDOUT]: Sending Info now
[00:54:31] [Server thread/INFO] (Minecraft) [STDOUT]: LEN: 4
[00:54:31] [Server thread/INFO] (Minecraft) [STDOUT]: [1.0, 1.0, 1.0, 4.0]
[00:54:32] [Server thread/INFO] (Minecraft) [STDOUT]: Sending Info now
[00:54:32] [Server thread/INFO] (Minecraft) [STDOUT]: LEN: 4
[00:54:32] [Server thread/INFO] (Minecraft) [STDOUT]: [1.0, 1.0, 1.0, 4.0]
[00:54:32] [Server thread/INFO] (Minecraft) [STDOUT]: Sending Info now
[00:54:32] [Server thread/INFO] (Minecraft) [STDOUT]: LEN: 4
[00:54:32] [Server thread/INFO] (Minecraft) [STDOUT]: [1.0, 1.0, 1.0, 4.0]
[00:54:32] [Server thread/INFO] (Minecraft) [STDOUT]: Sending Info now
[00:54:32] [Server thread/INFO] (Minecraft) [STDOUT]: LEN: 4
[00:54:32] [Server thread/INFO] (Minecraft) [STDOUT]: [1.0, 1.0, 1.0, 4.0]
[00:54:32] [Server thread/INFO] (Minecraft) [STDOUT]: Sending Info now
[00:54:32] [Server thread/INFO] (Minecraft) [STDOUT]: LEN: 4
[00:54:32] [Server thread/INFO] (Minecraft) [STDOUT]: [1.0, 1.0, 1.0, 4.0]
[00:54:32] [Server thread/INFO] (Minecraft) [STDOUT]: Sending Info now
[00:54:32] [Server thread/INFO] (Minecraft) [STDOUT]: LEN: 4
[00:54:32] [Server thread/INFO] (Minecraft) [STDOUT]: [1.0, 1.0, 1.0, 4.0]
[00:54:32] [Server thread/INFO] (Minecraft) [STDOUT]: Sending Info now
[00:54:32] [Server thread/INFO] (Minecraft) [STDOUT]: LEN: 4
[00:54:32] [Server thread/INFO] (Minecraft) [STDOUT]: [1.0, 1.0, 1.0, 4.0]
[00:54:32] [Server thread/INFO] (Minecraft) [STDOUT]: Sending Info now
[00:54:32] [Server thread/INFO] (Minecraft) [STDOUT]: LEN: 4
[00:54:32] [Server thread/INFO] (Minecraft) [STDOUT]: [1.0, 1.0, 1.0, 4.0]
[00:54:32] [Server thread/INFO] (Minecraft) [STDOUT]: Sending Info now
[00:54:32] [Server thread/INFO] (Minecraft) [STDOUT]: LEN: 4
[00:54:32] [Server thread/INFO] (Minecraft) [STDOUT]: [1.0, 1.0, 1.0, 4.0]
[00:54:32] [Server thread/INFO] (Minecraft) [STDOUT]: Sending Info now
[00:54:32] [Server thread/INFO] (Minecraft) [STDOUT]: LEN: 4
[00:54:32] [Server thread/INFO] (Minecraft) [STDOUT]: [1.0, 1.0, 1.0, 4.0]
[00:54:32] [Server thread/INFO] (Minecraft) [STDOUT]: Sending Info now
[00:54:32] [Server thread/INFO] (Minecraft) [STDOUT]: LEN: 4
[00:54:32] [Server thread/INFO] (Minecraft) [STDOUT]: [1.0, 1.0, 1.0, 4.0]
[00:54:33] [Server thread/INFO] (Minecraft) [STDOUT]: Sending Info now
[00:54:33] [Server thread/INFO] (Minecraft) [STDOUT]: LEN: 4
[00:54:33] [Server thread/INFO] (Minecraft) [STDOUT]: [1.0, 1.0, 1.0, 4.0]
[00:54:33] [Server thread/INFO] (Minecraft) [STDOUT]: Sending Info now
[00:54:33] [Server thread/INFO] (Minecraft) [STDOUT]: LEN: 4
[00:54:33] [Server thread/INFO] (Minecraft) [STDOUT]: [1.0, 1.0, 1.0, 4.0]
[00:54:33] [Server thread/INFO] (Minecraft) [STDOUT]: Sending Info now
[00:54:33] [Server thread/INFO] (Minecraft) [STDOUT]: LEN: 4
[00:54:33] [Server thread/INFO] (Minecraft) [STDOUT]: [1.0, 1.0, 1.0, 4.0]
[00:54:33] [Server thread/INFO] (Minecraft) [STDOUT]: Sending Info now
[00:54:33] [Server thread/INFO] (Minecraft) [STDOUT]: LEN: 4
[00:54:33] [Server thread/INFO] (Minecraft) [STDOUT]: [1.0, 1.0, 1.0, 4.0]
[00:54:33] [Server thread/INFO] (Minecraft) [STDOUT]: Sending Info now
[00:54:33] [Server thread/INFO] (Minecraft) [STDOUT]: LEN: 4
[00:54:33] [Server thread/INFO] (Minecraft) [STDOUT]: [1.0, 1.0, 1.0, 4.0]
[00:54:33] [Server thread/INFO] (Minecraft) [STDOUT]: Sending Info now
[00:54:33] [Server thread/INFO] (Minecraft) [STDOUT]: LEN: 4
[00:54:33] [Server thread/INFO] (Minecraft) [STDOUT]: [1.0, 1.0, 1.0, 4.0]
[00:54:33] [Server thread/INFO] (Minecraft) [STDOUT]: Sending Info now
[00:54:33] [Server thread/INFO] (Minecraft) [STDOUT]: LEN: 4
[00:54:33] [Server thread/INFO] (Minecraft) [STDOUT]: [1.0, 1.0, 1.0, 4.0]
[00:54:33] [Server thread/INFO] (Minecraft) [STDOUT]: Sending Info now
[00:54:33] [Server thread/INFO] (Minecraft) [STDOUT]: LEN: 4
[00:54:33] [Server thread/INFO] (Minecraft) [STDOUT]: [1.0, 1.0, 1.0, 4.0]
[00:54:33] [Server thread/INFO] (Minecraft) [STDOUT]: Sending Info now
[00:54:33] [Server thread/INFO] (Minecraft) [STDOUT]: LEN: 4
[00:54:33] [Server thread/INFO] (Minecraft) [STDOUT]: [1.0, 1.0, 1.0, 4.0]
[00:54:33] [Server thread/INFO] (Minecraft) [STDOUT]: Sending Info now
[00:54:33] [Server thread/INFO] (Minecraft) [STDOUT]: LEN: 4
[00:54:33] [Server thread/INFO] (Minecraft) [STDOUT]: [1.0, 1.0, 1.0, 4.0]
[00:54:34] [Server thread/INFO] (Minecraft) [STDOUT]: Sending Info now
[00:54:34] [Server thread/INFO] (Minecraft) [STDOUT]: LEN: 4
[00:54:34] [Server thread/INFO] (Minecraft) [STDOUT]: [1.0, 1.0, 1.0, 4.0]
[00:54:34] [Server thread/INFO] (Minecraft) Player927 has made the advancement [Monster Hunter]
[00:54:34] [Render thread/INFO] (Minecraft) [System] [CHAT] Player927 has made the advancement [Monster Hunter]
[00:54:34] [Server thread/INFO] (Minecraft) [STDOUT]: Sending Info now
[00:54:34] [Render thread/INFO] (Minecraft) Loaded 70 advancements
[00:54:34] [Server thread/INFO] (Minecraft) [STDOUT]: LEN: 4
[00:54:34] [Server thread/INFO] (Minecraft) [STDOUT]: [1.0, 1.0, 1.0, 4.0]
[00:54:34] [Server thread/INFO] (Minecraft) [STDOUT]: Sending Info now
[00:54:34] [Server thread/INFO] (Minecraft) [STDOUT]: LEN: 4
[00:54:34] [Server thread/INFO] (Minecraft) [STDOUT]: [1.0, 1.0, 1.0, 4.0]
[00:54:34] [Server thread/INFO] (Minecraft) [STDOUT]: Sending Info now
[00:54:34] [Server thread/INFO] (Minecraft) [STDOUT]: LEN: 4
[00:54:34] [Server thread/INFO] (Minecraft) [STDOUT]: [1.0, 1.0, 1.0, 4.0]
[00:54:34] [Server thread/INFO] (Minecraft) [STDOUT]: Sending Info now
[00:54:34] [Server thread/INFO] (Minecraft) [STDOUT]: LEN: 4
[00:54:34] [Server thread/INFO] (Minecraft) [STDOUT]: [1.0, 1.0, 1.0, 4.0]
[00:54:34] [Server thread/INFO] (Minecraft) [STDOUT]: Sending Info now
[00:54:34] [Server thread/INFO] (Minecraft) [STDOUT]: LEN: 4
[00:54:34] [Server thread/INFO] (Minecraft) [STDOUT]: [1.0, 1.0, 1.0, 4.0]
[00:54:34] [Server thread/INFO] (Minecraft) [STDOUT]: Sending Info now
[00:54:34] [Server thread/INFO] (Minecraft) [STDOUT]: LEN: 4
[00:54:34] [Server thread/INFO] (Minecraft) [STDOUT]: [1.0, 1.0, 1.0, 4.0]
[00:54:34] [Server thread/INFO] (Minecraft) [STDOUT]: Sending Info now
[00:54:34] [Server thread/INFO] (Minecraft) [STDOUT]: LEN: 4
[00:54:34] [Server thread/INFO] (Minecraft) [STDOUT]: [1.0, 1.0, 1.0, 4.0]
[00:54:34] [Server thread/INFO] (Minecraft) [STDOUT]: Sending Info now
[00:54:34] [Server thread/INFO] (Minecraft) [STDOUT]: LEN: 4
[00:54:34] [Server thread/INFO] (Minecraft) [STDOUT]: [1.0, 1.0, 1.0, 4.0]
[00:54:34] [Server thread/INFO] (Minecraft) [STDOUT]: Sending Info now
[00:54:34] [Server thread/INFO] (Minecraft) [STDOUT]: LEN: 4
[00:54:34] [Server thread/INFO] (Minecraft) [STDOUT]: [1.0, 1.0, 1.0, 4.0]
[00:54:35] [Server thread/INFO] (Minecraft) [STDOUT]: Sending Info now
[00:54:35] [Server thread/INFO] (Minecraft) [STDOUT]: LEN: 4
[00:54:35] [Server thread/INFO] (Minecraft) [STDOUT]: [1.0, 1.0, 1.0, 4.0]
[00:54:35] [Server thread/INFO] (Minecraft) [STDOUT]: Sending Info now
[00:54:35] [Server thread/INFO] (Minecraft) [STDOUT]: LEN: 4
[00:54:35] [Server thread/INFO] (Minecraft) [STDOUT]: [1.0, 1.0, 1.0, 4.0]
[00:54:35] [Server thread/INFO] (Minecraft) [STDOUT]: Sending Info now
[00:54:35] [Server thread/INFO] (Minecraft) [STDOUT]: LEN: 4
[00:54:35] [Server thread/INFO] (Minecraft) [STDOUT]: [1.0, 1.0, 1.0, 4.0]
[00:54:35] [Server thread/INFO] (Minecraft) [STDOUT]: Sending Info now
[00:54:35] [Server thread/INFO] (Minecraft) [STDOUT]: LEN: 4
[00:54:35] [Server thread/INFO] (Minecraft) [STDOUT]: [1.0, 1.0, 1.0, 4.0]
[00:54:35] [Server thread/INFO] (Minecraft) [STDOUT]: Sending Info now
[00:54:35] [Server thread/INFO] (Minecraft) [STDOUT]: LEN: 4
[00:54:35] [Server thread/INFO] (Minecraft) [STDOUT]: [1.0, 1.0, 1.0, 4.0]
[00:54:35] [Server thread/INFO] (Minecraft) [STDOUT]: Sending Info now
[00:54:35] [Server thread/INFO] (Minecraft) [STDOUT]: LEN: 4
[00:54:35] [Server thread/INFO] (Minecraft) [STDOUT]: [1.0, 1.0, 1.0, 4.0]
[00:54:35] [Server thread/INFO] (Minecraft) [STDOUT]: Sending Info now
[00:54:35] [Server thread/INFO] (Minecraft) [STDOUT]: LEN: 4
[00:54:35] [Server thread/INFO] (Minecraft) [STDOUT]: [1.0, 1.0, 1.0, 4.0]
[00:54:35] [Server thread/INFO] (Minecraft) [STDOUT]: Sending Info now
[00:54:35] [Server thread/INFO] (Minecraft) [STDOUT]: LEN: 4
[00:54:35] [Server thread/INFO] (Minecraft) [STDOUT]: [1.0, 1.0, 1.0, 4.0]
[00:54:35] [Server thread/INFO] (Minecraft) [STDOUT]: Sending Info now
[00:54:35] [Server thread/INFO] (Minecraft) [STDOUT]: LEN: 4
[00:54:35] [Server thread/INFO] (Minecraft) [STDOUT]: [1.0, 1.0, 1.0, 4.0]
[00:54:35] [Server thread/INFO] (Minecraft) [STDOUT]: Sending Info now
[00:54:35] [Server thread/INFO] (Minecraft) [STDOUT]: LEN: 4
[00:54:35] [Server thread/INFO] (Minecraft) [STDOUT]: [1.0, 1.0, 1.0, 4.0]
[00:54:36] [Server thread/INFO] (Minecraft) [STDOUT]: Sending Info now
[00:54:36] [Server thread/INFO] (Minecraft) [STDOUT]: LEN: 4
[00:54:36] [Server thread/INFO] (Minecraft) [STDOUT]: [1.0, 1.0, 1.0, 4.0]
[00:54:36] [Server thread/INFO] (Minecraft) [STDOUT]: Sending Info now
[00:54:36] [Server thread/INFO] (Minecraft) [STDOUT]: LEN: 4
[00:54:36] [Server thread/INFO] (Minecraft) [STDOUT]: [1.0, 1.0, 1.0, 4.0]
[00:54:36] [Server thread/INFO] (Minecraft) [STDOUT]: Sending Info now
[00:54:36] [Server thread/INFO] (Minecraft) [STDOUT]: LEN: 4
[00:54:36] [Server thread/INFO] (Minecraft) [STDOUT]: [1.0, 1.0, 1.0, 4.0]
[00:54:36] [Server thread/INFO] (Minecraft) [STDOUT]: Sending Info now
[00:54:36] [Server thread/INFO] (Minecraft) [STDOUT]: LEN: 4
[00:54:36] [Server thread/INFO] (Minecraft) [STDOUT]: [1.0, 1.0, 1.0, 4.0]
[00:54:36] [Server thread/INFO] (Minecraft) [STDOUT]: Sending Info now
[00:54:36] [Server thread/INFO] (Minecraft) [STDOUT]: LEN: 4
[00:54:36] [Server thread/INFO] (Minecraft) [STDOUT]: [1.0, 1.0, 1.0, 4.0]
[00:54:36] [Server thread/INFO] (Minecraft) [STDOUT]: Sending Info now
[00:54:36] [Server thread/INFO] (Minecraft) [STDOUT]: LEN: 4
[00:54:36] [Server thread/INFO] (Minecraft) [STDOUT]: [1.0, 1.0, 1.0, 4.0]
[00:54:36] [Server thread/INFO] (Minecraft) Empirecreator was slain by Zombie
[00:54:36] [Server thread/INFO] (Minecraft) [STDOUT]: Sending Info now
[00:54:36] [Server thread/INFO] (Minecraft) Empirecreator lost connection: Empirecreator died
[00:54:36] [Server thread/INFO] (Minecraft) Empirecreator left the game
[00:54:36] [Render thread/INFO] (Minecraft) [System] [CHAT] Empirecreator was slain by Zombie
[00:54:36] [Render thread/INFO] (Minecraft) [System] [CHAT] Empirecreator left the game
[00:54:36] [Server thread/INFO] (Minecraft) [STDOUT]: LEN: 4
[00:54:36] [Server thread/INFO] (Minecraft) [STDOUT]: [1.0, 1.0, 1.0, 4.0]
[00:54:36] [Server thread/INFO] (Minecraft) [STDOUT]: Sending Info now
[00:54:36] [Server thread/INFO] (Minecraft) [STDOUT]: LEN: 4
[00:54:36] [Server thread/INFO] (Minecraft) [STDOUT]: [1.0, 1.0, 1.0, 4.0]
[00:54:36] [Server thread/INFO] (Minecraft) [STDOUT]: Sending Info now
[00:54:36] [Server thread/INFO] (Minecraft) [STDOUT]: LEN: 4
[00:54:36] [Server thread/INFO] (Minecraft) [STDOUT]: [1.0, 1.0, 1.0, 4.0]
[00:54:36] [Server thread/INFO] (Minecraft) [STDOUT]: Sending Info now
[00:54:36] [Server thread/INFO] (Minecraft) [STDOUT]: LEN: 4
[00:54:36] [Server thread/INFO] (Minecraft) [STDOUT]: [1.0, 1.0, 1.0, 4.0]
[00:54:37] [Server thread/INFO] (Minecraft) [STDOUT]: Sending Info now
[00:54:37] [Server thread/INFO] (Minecraft) [STDOUT]: LEN: 4
[00:54:37] [Server thread/INFO] (Minecraft) [STDOUT]: [1.0, 1.0, 1.0, 4.0]
[00:54:37] [Server thread/INFO] (Minecraft) [STDOUT]: Sending Info now
[00:54:37] [Server thread/INFO] (Minecraft) [STDOUT]: LEN: 4
[00:54:37] [Server thread/INFO] (Minecraft) [STDOUT]: [1.0, 1.0, 1.0, 4.0]
[00:54:37] [Server thread/INFO] (Minecraft) [STDOUT]: Sending Info now
[00:54:37] [Server thread/INFO] (Minecraft) [STDOUT]: LEN: 4
[00:54:37] [Server thread/INFO] (Minecraft) [STDOUT]: [1.0, 1.0, 1.0, 4.0]
[00:54:37] [Server thread/INFO] (Minecraft) [STDOUT]: Sending Info now
[00:54:37] [Server thread/INFO] (Minecraft) [STDOUT]: LEN: 4
[00:54:37] [Server thread/INFO] (Minecraft) [STDOUT]: [1.0, 1.0, 1.0, 4.0]
[00:54:37] [Server thread/INFO] (Minecraft) [STDOUT]: Sending Info now
[00:54:37] [Server thread/INFO] (Minecraft) [STDOUT]: LEN: 4
[00:54:37] [Server thread/INFO] (Minecraft) [STDOUT]: [1.0, 1.0, 1.0, 4.0]
[00:54:37] [Server thread/INFO] (Minecraft) [STDOUT]: Sending Info now
[00:54:37] [Server thread/INFO] (Minecraft) [STDOUT]: LEN: 4
[00:54:37] [Server thread/INFO] (Minecraft) [STDOUT]: [1.0, 1.0, 1.0, 4.0]
[00:54:37] [Server thread/INFO] (Minecraft) [STDOUT]: Sending Info now
[00:54:37] [Server thread/INFO] (Minecraft) [STDOUT]: LEN: 4
[00:54:37] [Server thread/INFO] (Minecraft) [STDOUT]: [1.0, 1.0, 1.0, 4.0]
[00:54:37] [Server thread/INFO] (Minecraft) [STDOUT]: Sending Info now
[00:54:37] [Server thread/INFO] (Minecraft) [STDOUT]: LEN: 4
[00:54:37] [Server thread/INFO] (Minecraft) [STDOUT]: [1.0, 1.0, 1.0, 4.0]
[00:54:37] [Server thread/INFO] (Minecraft) [STDOUT]: Sending Info now
[00:54:37] [Server thread/INFO] (Minecraft) [STDOUT]: LEN: 4
[00:54:37] [Server thread/INFO] (Minecraft) [STDOUT]: [1.0, 1.0, 1.0, 4.0]
[00:54:37] [Server thread/INFO] (Minecraft) [STDOUT]: Sending Info now
[00:54:37] [Server thread/INFO] (Minecraft) [STDOUT]: LEN: 4
[00:54:37] [Server thread/INFO] (Minecraft) [STDOUT]: [1.0, 1.0, 1.0, 4.0]
[00:54:38] [Server thread/INFO] (Minecraft) [STDOUT]: Sending Info now
[00:54:38] [Server thread/INFO] (Minecraft) [STDOUT]: LEN: 4
[00:54:38] [Server thread/INFO] (Minecraft) [STDOUT]: [1.0, 1.0, 1.0, 4.0]
[00:54:38] [Server thread/INFO] (Minecraft) [STDOUT]: Sending Info now
[00:54:38] [Server thread/INFO] (Minecraft) [STDOUT]: LEN: 4
[00:54:38] [Server thread/INFO] (Minecraft) [STDOUT]: [1.0, 1.0, 1.0, 4.0]
[00:54:38] [Server thread/INFO] (Minecraft) [STDOUT]: Sending Info now
[00:54:38] [Server thread/INFO] (Minecraft) [STDOUT]: LEN: 4
[00:54:38] [Server thread/INFO] (Minecraft) [STDOUT]: [1.0, 1.0, 1.0, 4.0]
[00:54:38] [Server thread/INFO] (Minecraft) [STDOUT]: Sending Info now
[00:54:38] [Server thread/INFO] (Minecraft) [STDOUT]: LEN: 4
[00:54:38] [Server thread/INFO] (Minecraft) [STDOUT]: [1.0, 1.0, 1.0, 4.0]
[00:54:38] [Server thread/INFO] (Minecraft) [STDOUT]: Sending Info now
[00:54:38] [Server thread/INFO] (Minecraft) [STDOUT]: LEN: 4
[00:54:38] [Server thread/INFO] (Minecraft) [STDOUT]: [1.0, 1.0, 1.0, 4.0]
[00:54:38] [Render thread/INFO] (Minecraft) Loaded 71 advancements
[00:54:38] [Server thread/INFO] (Minecraft) [STDOUT]: Sending Info now
[00:54:38] [Server thread/INFO] (Minecraft) [STDOUT]: LEN: 4
[00:54:38] [Server thread/INFO] (Minecraft) [STDOUT]: [1.0, 1.0, 1.0, 4.0]
[00:54:38] [Server thread/INFO] (Minecraft) [STDOUT]: Sending Info now
[00:54:38] [Server thread/INFO] (Minecraft) [STDOUT]: LEN: 4
[00:54:38] [Server thread/INFO] (Minecraft) [STDOUT]: [1.0, 1.0, 1.0, 4.0]
[00:54:38] [Server thread/INFO] (Minecraft) [STDOUT]: Sending Info now
[00:54:38] [Server thread/INFO] (Minecraft) [STDOUT]: LEN: 4
[00:54:38] [Server thread/INFO] (Minecraft) [STDOUT]: [1.0, 1.0, 1.0, 4.0]
[00:54:38] [Server thread/INFO] (Minecraft) [STDOUT]: Sending Info now
[00:54:38] [Server thread/INFO] (Minecraft) [STDOUT]: LEN: 4
[00:54:38] [Server thread/INFO] (Minecraft) [STDOUT]: [1.0, 1.0, 1.0, 4.0]
[00:54:38] [Server thread/INFO] (Minecraft) [STDOUT]: Sending Info now
[00:54:38] [Server thread/INFO] (Minecraft) [STDOUT]: LEN: 4
[00:54:38] [Server thread/INFO] (Minecraft) [STDOUT]: [1.0, 1.0, 1.0, 4.0]
[00:54:39] [Server thread/INFO] (Minecraft) [STDOUT]: Sending Info now
[00:54:39] [Server thread/INFO] (Minecraft) [STDOUT]: LEN: 4
[00:54:39] [Server thread/INFO] (Minecraft) [STDOUT]: [1.0, 1.0, 1.0, 4.0]
[00:54:39] [Server thread/INFO] (Minecraft) [STDOUT]: Sending Info now
[00:54:39] [Server thread/INFO] (Minecraft) [STDOUT]: LEN: 4
[00:54:39] [Server thread/INFO] (Minecraft) [STDOUT]: [1.0, 1.0, 1.0, 4.0]
[00:54:39] [Server thread/INFO] (Minecraft) [STDOUT]: Sending Info now
[00:54:39] [Server thread/INFO] (Minecraft) [STDOUT]: LEN: 4
[00:54:39] [Server thread/INFO] (Minecraft) [STDOUT]: [1.0, 1.0, 1.0, 4.0]
[00:54:39] [Server thread/INFO] (Minecraft) [STDOUT]: Sending Info now
[00:54:39] [Server thread/INFO] (Minecraft) [STDOUT]: LEN: 4
[00:54:39] [Server thread/INFO] (Minecraft) [STDOUT]: [1.0, 1.0, 1.0, 4.0]
[00:54:39] [Server thread/INFO] (Minecraft) [STDOUT]: Sending Info now
[00:54:39] [Server thread/INFO] (Minecraft) [STDOUT]: LEN: 4
[00:54:39] [Server thread/INFO] (Minecraft) [STDOUT]: [1.0, 1.0, 1.0, 4.0]
[00:54:39] [Server thread/INFO] (Minecraft) [STDOUT]: Sending Info now
[00:54:39] [Server thread/INFO] (Minecraft) [STDOUT]: LEN: 4
[00:54:39] [Server thread/INFO] (Minecraft) [STDOUT]: [1.0, 1.0, 1.0, 4.0]
[00:54:39] [Server thread/INFO] (Minecraft) [STDOUT]: Sending Info now
[00:54:39] [Server thread/INFO] (Minecraft) [STDOUT]: LEN: 4
[00:54:39] [Server thread/INFO] (Minecraft) [STDOUT]: [1.0, 1.0, 1.0, 4.0]
[00:54:39] [Server thread/INFO] (Minecraft) [STDOUT]: Sending Info now
[00:54:39] [Server thread/INFO] (Minecraft) [STDOUT]: LEN: 4
[00:54:39] [Server thread/INFO] (Minecraft) [STDOUT]: [1.0, 1.0, 1.0, 4.0]
[00:54:39] [Server thread/INFO] (Minecraft) [STDOUT]: Sending Info now
[00:54:39] [Server thread/INFO] (Minecraft) [STDOUT]: LEN: 4
[00:54:39] [Server thread/INFO] (Minecraft) [STDOUT]: [1.0, 1.0, 1.0, 4.0]
[00:54:39] [Server thread/INFO] (Minecraft) [STDOUT]: Sending Info now
[00:54:39] [Server thread/INFO] (Minecraft) [STDOUT]: LEN: 4
[00:54:39] [Server thread/INFO] (Minecraft) [STDOUT]: [1.0, 1.0, 1.0, 4.0]
[00:54:40] [Server thread/INFO] (Minecraft) [STDOUT]: Sending Info now
[00:54:40] [Server thread/INFO] (Minecraft) [STDOUT]: LEN: 4
[00:54:40] [Server thread/INFO] (Minecraft) [STDOUT]: [1.0, 1.0, 1.0, 4.0]
[00:54:40] [Server thread/INFO] (Minecraft) [STDOUT]: Sending Info now
[00:54:40] [Server thread/INFO] (Minecraft) [STDOUT]: LEN: 4
[00:54:40] [Server thread/INFO] (Minecraft) [STDOUT]: [1.0, 1.0, 1.0, 4.0]
[00:54:40] [Server thread/INFO] (Minecraft) [STDOUT]: Sending Info now
[00:54:40] [Server thread/INFO] (Minecraft) [STDOUT]: LEN: 4
[00:54:40] [Server thread/INFO] (Minecraft) [STDOUT]: [1.0, 1.0, 1.0, 4.0]
[00:54:40] [Server thread/INFO] (Minecraft) [STDOUT]: Sending Info now
[00:54:40] [Server thread/INFO] (Minecraft) [STDOUT]: LEN: 4
[00:54:40] [Server thread/INFO] (Minecraft) [STDOUT]: [1.0, 1.0, 1.0, 4.0]
[00:54:40] [Server thread/INFO] (Minecraft) [STDOUT]: Sending Info now
[00:54:40] [Server thread/INFO] (Minecraft) [STDOUT]: LEN: 4
[00:54:40] [Server thread/INFO] (Minecraft) [STDOUT]: [1.0, 1.0, 1.0, 4.0]
[00:54:40] [Server thread/INFO] (Minecraft) [STDOUT]: Sending Info now
[00:54:40] [Server thread/INFO] (Minecraft) [STDOUT]: LEN: 4
[00:54:40] [Server thread/INFO] (Minecraft) [STDOUT]: [1.0, 1.0, 1.0, 4.0]
[00:54:40] [Server thread/INFO] (Minecraft) [STDOUT]: Sending Info now
[00:54:40] [Server thread/INFO] (Minecraft) [STDOUT]: LEN: 4
[00:54:40] [Server thread/INFO] (Minecraft) [STDOUT]: [1.0, 1.0, 1.0, 4.0]
[00:54:40] [Server thread/INFO] (Minecraft) [STDOUT]: Sending Info now
[00:54:40] [Server thread/INFO] (Minecraft) [STDOUT]: LEN: 4
[00:54:40] [Server thread/INFO] (Minecraft) [STDOUT]: [1.0, 1.0, 1.0, 4.0]
[00:54:40] [Server thread/INFO] (Minecraft) [STDOUT]: Sending Info now
[00:54:40] [Server thread/INFO] (Minecraft) [STDOUT]: LEN: 4
[00:54:40] [Server thread/INFO] (Minecraft) [STDOUT]: [1.0, 1.0, 1.0, 4.0]
[00:54:40] [Server thread/INFO] (Minecraft) [STDOUT]: Sending Info now
[00:54:40] [Server thread/INFO] (Minecraft) [STDOUT]: LEN: 4
[00:54:40] [Server thread/INFO] (Minecraft) [STDOUT]: [1.0, 1.0, 1.0, 4.0]
[00:54:41] [Server thread/INFO] (Minecraft) [STDOUT]: Sending Info now
[00:54:41] [Server thread/INFO] (Minecraft) [STDOUT]: LEN: 4
[00:54:41] [Server thread/INFO] (Minecraft) [STDOUT]: [1.0, 1.0, 1.0, 4.0]
[00:54:41] [Server thread/INFO] (Minecraft) [STDOUT]: Sending Info now
[00:54:41] [Server thread/INFO] (Minecraft) [STDOUT]: LEN: 4
[00:54:41] [Server thread/INFO] (Minecraft) [STDOUT]: [1.0, 1.0, 1.0, 4.0]
[00:54:41] [Server thread/INFO] (Minecraft) [STDOUT]: Sending Info now
[00:54:41] [Server thread/INFO] (Minecraft) [STDOUT]: LEN: 4
[00:54:41] [Server thread/INFO] (Minecraft) [STDOUT]: [1.0, 1.0, 1.0, 4.0]
[00:54:41] [Server thread/INFO] (Minecraft) [STDOUT]: Sending Info now
[00:54:41] [Server thread/INFO] (Minecraft) [STDOUT]: LEN: 4
[00:54:41] [Server thread/INFO] (Minecraft) [STDOUT]: [1.0, 1.0, 1.0, 4.0]
[00:54:41] [Server thread/INFO] (Minecraft) [STDOUT]: Sending Info now
[00:54:41] [Server thread/INFO] (Minecraft) [STDOUT]: LEN: 4
[00:54:41] [Server thread/INFO] (Minecraft) [STDOUT]: [1.0, 1.0, 1.0, 4.0]
[00:54:41] [Server thread/INFO] (Minecraft) [STDOUT]: Sending Info now
[00:54:41] [Server thread/INFO] (Minecraft) [STDOUT]: LEN: 4
[00:54:41] [Server thread/INFO] (Minecraft) [STDOUT]: [1.0, 1.0, 1.0, 4.0]
[00:54:41] [Server thread/INFO] (Minecraft) [STDOUT]: Sending Info now
[00:54:41] [Server thread/INFO] (Minecraft) [STDOUT]: LEN: 4
[00:54:41] [Server thread/INFO] (Minecraft) [STDOUT]: [1.0, 1.0, 1.0, 4.0]
[00:54:41] [Server thread/INFO] (Minecraft) [STDOUT]: Sending Info now
[00:54:41] [Server thread/INFO] (Minecraft) [STDOUT]: LEN: 4
[00:54:41] [Server thread/INFO] (Minecraft) [STDOUT]: [1.0, 1.0, 1.0, 4.0]
[00:54:41] [Server thread/INFO] (Minecraft) [STDOUT]: Sending Info now
[00:54:41] [Server thread/INFO] (Minecraft) [STDOUT]: LEN: 4
[00:54:41] [Server thread/INFO] (Minecraft) [STDOUT]: [1.0, 1.0, 1.0, 4.0]
[00:54:41] [Server thread/INFO] (Minecraft) [STDOUT]: Sending Info now
[00:54:41] [Server thread/INFO] (Minecraft) [STDOUT]: LEN: 4
[00:54:41] [Server thread/INFO] (Minecraft) [STDOUT]: [1.0, 1.0, 1.0, 4.0]
[00:54:42] [Server thread/INFO] (Minecraft) [STDOUT]: Sending Info now
[00:54:42] [Server thread/INFO] (Minecraft) [STDOUT]: LEN: 4
[00:54:42] [Server thread/INFO] (Minecraft) [STDOUT]: [1.0, 1.0, 1.0, 4.0]
[00:54:42] [Server thread/INFO] (Minecraft) [STDOUT]: Sending Info now
[00:54:42] [Server thread/INFO] (Minecraft) [STDOUT]: LEN: 4
[00:54:42] [Server thread/INFO] (Minecraft) [STDOUT]: [1.0, 1.0, 1.0, 4.0]
[00:54:42] [Server thread/INFO] (Minecraft) [STDOUT]: Sending Info now
[00:54:42] [Server thread/INFO] (Minecraft) [STDOUT]: LEN: 4
[00:54:42] [Server thread/INFO] (Minecraft) [STDOUT]: [1.0, 1.0, 1.0, 4.0]
[00:54:42] [Server thread/INFO] (Minecraft) [STDOUT]: Sending Info now
[00:54:42] [Server thread/INFO] (Minecraft) [STDOUT]: LEN: 4
[00:54:42] [Server thread/INFO] (Minecraft) [STDOUT]: [1.0, 1.0, 1.0, 4.0]
[00:54:42] [Server thread/INFO] (Minecraft) [STDOUT]: Sending Info now
[00:54:42] [Server thread/INFO] (Minecraft) [STDOUT]: LEN: 4
[00:54:42] [Server thread/INFO] (Minecraft) [STDOUT]: [1.0, 1.0, 1.0, 4.0]
[00:54:42] [Server thread/INFO] (Minecraft) [STDOUT]: Sending Info now
[00:54:42] [Server thread/INFO] (Minecraft) [STDOUT]: LEN: 4
[00:54:42] [Server thread/INFO] (Minecraft) [STDOUT]: [1.0, 1.0, 1.0, 4.0]
[00:54:42] [Server thread/INFO] (Minecraft) [STDOUT]: Sending Info now
[00:54:42] [Server thread/INFO] (Minecraft) [STDOUT]: LEN: 4
[00:54:42] [Server thread/INFO] (Minecraft) [STDOUT]: [1.0, 1.0, 1.0, 4.0]
[00:54:42] [Server thread/INFO] (Minecraft) [STDOUT]: Sending Info now
[00:54:42] [Server thread/INFO] (Minecraft) [STDOUT]: LEN: 4
[00:54:42] [Server thread/INFO] (Minecraft) [STDOUT]: [1.0, 1.0, 1.0, 4.0]
[00:54:42] [Server thread/INFO] (Minecraft) [STDOUT]: Sending Info now
[00:54:42] [Server thread/INFO] (Minecraft) [STDOUT]: LEN: 4
[00:54:42] [Server thread/INFO] (Minecraft) [STDOUT]: [1.0, 1.0, 1.0, 4.0]
[00:54:42] [Server thread/INFO] (Minecraft) [STDOUT]: Sending Info now
[00:54:42] [Server thread/INFO] (Minecraft) [STDOUT]: LEN: 4
[00:54:42] [Server thread/INFO] (Minecraft) [STDOUT]: [1.0, 1.0, 1.0, 4.0]
[00:54:43] [Server thread/INFO] (Minecraft) [STDOUT]: Sending Info now
[00:54:43] [Server thread/INFO] (Minecraft) [STDOUT]: LEN: 4
[00:54:43] [Server thread/INFO] (Minecraft) [STDOUT]: [1.0, 1.0, 1.0, 4.0]
[00:54:43] [Server thread/INFO] (Minecraft) [STDOUT]: Sending Info now
[00:54:43] [Server thread/INFO] (Minecraft) [STDOUT]: LEN: 4
[00:54:43] [Server thread/INFO] (Minecraft) [STDOUT]: [1.0, 1.0, 1.0, 4.0]
[00:54:43] [Server thread/INFO] (Minecraft) [STDOUT]: Sending Info now
[00:54:43] [Server thread/INFO] (Minecraft) [STDOUT]: LEN: 4
[00:54:43] [Server thread/INFO] (Minecraft) [STDOUT]: [1.0, 1.0, 1.0, 4.0]
[00:54:43] [Server thread/INFO] (Minecraft) [STDOUT]: Sending Info now
[00:54:43] [Server thread/INFO] (Minecraft) [STDOUT]: LEN: 4
[00:54:43] [Server thread/INFO] (Minecraft) [STDOUT]: [1.0, 1.0, 1.0, 4.0]
[00:54:43] [Server thread/INFO] (Minecraft) [STDOUT]: Sending Info now
[00:54:43] [Server thread/INFO] (Minecraft) [STDOUT]: LEN: 4
[00:54:43] [Server thread/INFO] (Minecraft) [STDOUT]: [1.0, 1.0, 1.0, 4.0]
[00:54:43] [Server thread/INFO] (Minecraft) [STDOUT]: Sending Info now
[00:54:43] [Server thread/INFO] (Minecraft) [STDOUT]: LEN: 4
[00:54:43] [Server thread/INFO] (Minecraft) [STDOUT]: [1.0, 1.0, 1.0, 4.0]
[00:54:43] [Server thread/INFO] (Minecraft) [STDOUT]: Sending Info now
[00:54:43] [Server thread/INFO] (Minecraft) [STDOUT]: LEN: 4
[00:54:43] [Server thread/INFO] (Minecraft) [STDOUT]: [1.0, 1.0, 1.0, 4.0]
[00:54:43] [Server thread/INFO] (Minecraft) [STDOUT]: Sending Info now
[00:54:43] [Server thread/INFO] (Minecraft) [STDOUT]: LEN: 4
[00:54:43] [Server thread/INFO] (Minecraft) [STDOUT]: [1.0, 1.0, 1.0, 4.0]
[00:54:43] [Server thread/INFO] (Minecraft) [STDOUT]: Sending Info now
[00:54:43] [Server thread/INFO] (Minecraft) [STDOUT]: LEN: 4
[00:54:43] [Server thread/INFO] (Minecraft) [STDOUT]: [1.0, 1.0, 1.0, 4.0]
[00:54:43] [Server thread/INFO] (Minecraft) [STDOUT]: Sending Info now
[00:54:43] [Server thread/INFO] (Minecraft) [STDOUT]: LEN: 4
[00:54:43] [Server thread/INFO] (Minecraft) [STDOUT]: [1.0, 1.0, 1.0, 4.0]
[00:54:44] [Server thread/INFO] (Minecraft) [STDOUT]: Sending Info now
[00:54:44] [Server thread/INFO] (Minecraft) [STDOUT]: LEN: 4
[00:54:44] [Server thread/INFO] (Minecraft) [STDOUT]: [1.0, 1.0, 1.0, 4.0]
[00:54:44] [Server thread/INFO] (Minecraft) [STDOUT]: Sending Info now
[00:54:44] [Server thread/INFO] (Minecraft) [STDOUT]: LEN: 4
[00:54:44] [Server thread/INFO] (Minecraft) [STDOUT]: [1.0, 1.0, 1.0, 4.0]
[00:54:44] [Server thread/INFO] (Minecraft) [STDOUT]: Sending Info now
[00:54:44] [Server thread/INFO] (Minecraft) [STDOUT]: LEN: 4
[00:54:44] [Server thread/INFO] (Minecraft) [STDOUT]: [1.0, 1.0, 1.0, 4.0]
[00:54:44] [Server thread/INFO] (Minecraft) [STDOUT]: Sending Info now
[00:54:44] [Server thread/INFO] (Minecraft) [STDOUT]: LEN: 4
[00:54:44] [Server thread/INFO] (Minecraft) [STDOUT]: [1.0, 1.0, 1.0, 4.0]
[00:54:44] [Server thread/INFO] (Minecraft) [STDOUT]: Sending Info now
[00:54:44] [Server thread/INFO] (Minecraft) [STDOUT]: LEN: 4
[00:54:44] [Server thread/INFO] (Minecraft) [STDOUT]: [1.0, 1.0, 1.0, 4.0]
[00:54:44] [Server thread/INFO] (Minecraft) [STDOUT]: Sending Info now
[00:54:44] [Server thread/INFO] (Minecraft) [STDOUT]: LEN: 4
[00:54:44] [Server thread/INFO] (Minecraft) [STDOUT]: [1.0, 1.0, 1.0, 4.0]
[00:54:44] [Server thread/INFO] (Minecraft) [STDOUT]: Sending Info now
[00:54:44] [Server thread/INFO] (Minecraft) [STDOUT]: LEN: 4
[00:54:44] [Server thread/INFO] (Minecraft) [STDOUT]: [1.0, 1.0, 1.0, 4.0]
[00:54:44] [Server thread/INFO] (Minecraft) [STDOUT]: Sending Info now
[00:54:44] [Server thread/INFO] (Minecraft) [STDOUT]: LEN: 4
[00:54:44] [Server thread/INFO] (Minecraft) [STDOUT]: [1.0, 1.0, 1.0, 4.0]
[00:54:44] [Server thread/INFO] (Minecraft) [STDOUT]: Sending Info now
[00:54:44] [Server thread/INFO] (Minecraft) [STDOUT]: LEN: 4
[00:54:44] [Server thread/INFO] (Minecraft) [STDOUT]: [1.0, 1.0, 1.0, 4.0]
[00:54:44] [Server thread/INFO] (Minecraft) [STDOUT]: Sending Info now
[00:54:44] [Server thread/INFO] (Minecraft) [STDOUT]: LEN: 4
[00:54:44] [Server thread/INFO] (Minecraft) [STDOUT]: [1.0, 1.0, 1.0, 4.0]
[00:54:45] [Server thread/INFO] (Minecraft) [STDOUT]: Sending Info now
[00:54:45] [Server thread/INFO] (Minecraft) [STDOUT]: LEN: 4
[00:54:45] [Server thread/INFO] (Minecraft) [STDOUT]: [1.0, 1.0, 1.0, 4.0]
[00:54:45] [Server thread/INFO] (Minecraft) [STDOUT]: Sending Info now
[00:54:45] [Server thread/INFO] (Minecraft) [STDOUT]: LEN: 4
[00:54:45] [Server thread/INFO] (Minecraft) [STDOUT]: [1.0, 1.0, 1.0, 4.0]
[00:54:45] [Server thread/INFO] (Minecraft) [STDOUT]: Sending Info now
[00:54:45] [Server thread/INFO] (Minecraft) [STDOUT]: LEN: 4
[00:54:45] [Server thread/INFO] (Minecraft) [STDOUT]: [1.0, 1.0, 1.0, 4.0]
[00:54:45] [Server thread/INFO] (Minecraft) [STDOUT]: Sending Info now
[00:54:45] [Server thread/INFO] (Minecraft) [STDOUT]: LEN: 4
[00:54:45] [Server thread/INFO] (Minecraft) [STDOUT]: [1.0, 1.0, 1.0, 4.0]
[00:54:45] [Server thread/INFO] (Minecraft) [STDOUT]: Sending Info now
[00:54:45] [Server thread/INFO] (Minecraft) [STDOUT]: LEN: 4
[00:54:45] [Server thread/INFO] (Minecraft) [STDOUT]: [1.0, 1.0, 1.0, 4.0]
[00:54:45] [Server thread/INFO] (Minecraft) [STDOUT]: Sending Info now
[00:54:45] [Server thread/INFO] (Minecraft) [STDOUT]: LEN: 4
[00:54:45] [Server thread/INFO] (Minecraft) [STDOUT]: [1.0, 1.0, 1.0, 4.0]
[00:54:45] [Server thread/INFO] (Minecraft) [STDOUT]: Sending Info now
[00:54:45] [Server thread/INFO] (Minecraft) [STDOUT]: LEN: 4
[00:54:45] [Server thread/INFO] (Minecraft) [STDOUT]: [1.0, 1.0, 1.0, 4.0]
[00:54:45] [Server thread/INFO] (Minecraft) [STDOUT]: Sending Info now
[00:54:45] [Server thread/INFO] (Minecraft) [STDOUT]: LEN: 4
[00:54:45] [Server thread/INFO] (Minecraft) [STDOUT]: [1.0, 1.0, 1.0, 4.0]
[00:54:45] [Server thread/INFO] (Minecraft) [STDOUT]: Sending Info now
[00:54:45] [Server thread/INFO] (Minecraft) [STDOUT]: LEN: 4
[00:54:45] [Server thread/INFO] (Minecraft) [STDOUT]: [1.0, 1.0, 1.0, 4.0]
[00:54:45] [Server thread/INFO] (Minecraft) [STDOUT]: Sending Info now
[00:54:45] [Server thread/INFO] (Minecraft) [STDOUT]: LEN: 4
[00:54:45] [Server thread/INFO] (Minecraft) [STDOUT]: [1.0, 1.0, 1.0, 4.0]
[00:54:46] [Server thread/INFO] (Minecraft) [STDOUT]: Sending Info now
[00:54:46] [Server thread/INFO] (Minecraft) [STDOUT]: LEN: 4
[00:54:46] [Server thread/INFO] (Minecraft) [STDOUT]: [1.0, 1.0, 1.0, 4.0]
[00:54:46] [Server thread/INFO] (Minecraft) [STDOUT]: Sending Info now
[00:54:46] [Server thread/INFO] (Minecraft) [STDOUT]: LEN: 4
[00:54:46] [Server thread/INFO] (Minecraft) [STDOUT]: [1.0, 1.0, 1.0, 4.0]
[00:54:46] [Server thread/INFO] (Minecraft) [STDOUT]: Sending Info now
[00:54:46] [Server thread/INFO] (Minecraft) [STDOUT]: LEN: 4
[00:54:46] [Server thread/INFO] (Minecraft) [STDOUT]: [1.0, 1.0, 1.0, 4.0]
[00:54:46] [Server thread/INFO] (Minecraft) [STDOUT]: Sending Info now
[00:54:46] [Server thread/INFO] (Minecraft) [STDOUT]: LEN: 4
[00:54:46] [Server thread/INFO] (Minecraft) [STDOUT]: [1.0, 1.0, 1.0, 4.0]
[00:54:46] [Server thread/INFO] (Minecraft) [STDOUT]: Sending Info now
[00:54:46] [Server thread/INFO] (Minecraft) [STDOUT]: LEN: 4
[00:54:46] [Server thread/INFO] (Minecraft) [STDOUT]: [1.0, 1.0, 1.0, 4.0]
[00:54:46] [Server thread/INFO] (Minecraft) [STDOUT]: Sending Info now
[00:54:46] [Server thread/INFO] (Minecraft) [STDOUT]: LEN: 4
[00:54:46] [Server thread/INFO] (Minecraft) [STDOUT]: [1.0, 1.0, 1.0, 4.0]
[00:54:46] [Server thread/INFO] (Minecraft) [STDOUT]: Sending Info now
[00:54:46] [Server thread/INFO] (Minecraft) [STDOUT]: LEN: 4
[00:54:46] [Server thread/INFO] (Minecraft) [STDOUT]: [1.0, 1.0, 1.0, 4.0]
[00:54:46] [Server thread/INFO] (Minecraft) [STDOUT]: Sending Info now
[00:54:46] [Server thread/INFO] (Minecraft) [STDOUT]: LEN: 4
[00:54:46] [Server thread/INFO] (Minecraft) [STDOUT]: [1.0, 1.0, 1.0, 4.0]
[00:54:46] [Server thread/INFO] (Minecraft) [STDOUT]: Sending Info now
[00:54:46] [Server thread/INFO] (Minecraft) [STDOUT]: LEN: 4
[00:54:46] [Server thread/INFO] (Minecraft) [STDOUT]: [1.0, 1.0, 1.0, 4.0]
[00:54:46] [Server thread/INFO] (Minecraft) [STDOUT]: Sending Info now
[00:54:46] [Server thread/INFO] (Minecraft) [STDOUT]: LEN: 4
[00:54:46] [Server thread/INFO] (Minecraft) [STDOUT]: [1.0, 1.0, 1.0, 4.0]
[00:54:47] [Server thread/INFO] (Minecraft) [STDOUT]: Sending Info now
[00:54:47] [Server thread/INFO] (Minecraft) [STDOUT]: LEN: 4
[00:54:47] [Server thread/INFO] (Minecraft) [STDOUT]: [1.0, 1.0, 1.0, 4.0]
[00:54:47] [Server thread/INFO] (Minecraft) [STDOUT]: Sending Info now
[00:54:47] [Server thread/INFO] (Minecraft) [STDOUT]: LEN: 4
[00:54:47] [Server thread/INFO] (Minecraft) [STDOUT]: [1.0, 1.0, 1.0, 4.0]
[00:54:47] [Server thread/INFO] (Minecraft) [STDOUT]: Sending Info now
[00:54:47] [Server thread/INFO] (Minecraft) [STDOUT]: LEN: 4
[00:54:47] [Server thread/INFO] (Minecraft) [STDOUT]: [1.0, 1.0, 1.0, 4.0]
[00:54:47] [Server thread/INFO] (Minecraft) [STDOUT]: Sending Info now
[00:54:47] [Server thread/INFO] (Minecraft) [STDOUT]: LEN: 4
[00:54:47] [Server thread/INFO] (Minecraft) [STDOUT]: [1.0, 1.0, 1.0, 4.0]
[00:54:47] [Server thread/INFO] (Minecraft) [STDOUT]: Sending Info now
[00:54:47] [Server thread/INFO] (Minecraft) [STDOUT]: LEN: 4
[00:54:47] [Server thread/INFO] (Minecraft) [STDOUT]: [1.0, 1.0, 1.0, 4.0]
[00:54:47] [Server thread/INFO] (Minecraft) [STDOUT]: Sending Info now
[00:54:47] [Server thread/INFO] (Minecraft) [STDOUT]: LEN: 4
[00:54:47] [Server thread/INFO] (Minecraft) [STDOUT]: [1.0, 1.0, 1.0, 4.0]
[00:54:47] [Server thread/INFO] (Minecraft) [STDOUT]: Sending Info now
[00:54:47] [Server thread/INFO] (Minecraft) [STDOUT]: LEN: 4
[00:54:47] [Server thread/INFO] (Minecraft) [STDOUT]: [1.0, 1.0, 1.0, 4.0]
[00:54:47] [Server thread/INFO] (Minecraft) [STDOUT]: Sending Info now
[00:54:47] [Server thread/INFO] (Minecraft) [STDOUT]: LEN: 4
[00:54:47] [Server thread/INFO] (Minecraft) [STDOUT]: [1.0, 1.0, 1.0, 4.0]
[00:54:47] [Server thread/INFO] (Minecraft) [STDOUT]: Sending Info now
[00:54:47] [Server thread/INFO] (Minecraft) [STDOUT]: LEN: 4
[00:54:47] [Server thread/INFO] (Minecraft) [STDOUT]: [1.0, 1.0, 1.0, 4.0]
[00:54:47] [Server thread/INFO] (Minecraft) [STDOUT]: Sending Info now
[00:54:47] [Server thread/INFO] (Minecraft) [STDOUT]: LEN: 4
[00:54:47] [Server thread/INFO] (Minecraft) [STDOUT]: [1.0, 1.0, 1.0, 4.0]
[00:54:48] [Server thread/INFO] (Minecraft) [STDOUT]: Sending Info now
[00:54:48] [Server thread/INFO] (Minecraft) [STDOUT]: LEN: 4
[00:54:48] [Server thread/INFO] (Minecraft) [STDOUT]: [1.0, 1.0, 1.0, 4.0]
[00:54:48] [Server thread/INFO] (Minecraft) [STDOUT]: Sending Info now
[00:54:48] [Server thread/INFO] (Minecraft) [STDOUT]: LEN: 4
[00:54:48] [Server thread/INFO] (Minecraft) [STDOUT]: [1.0, 1.0, 1.0, 4.0]
[00:54:48] [Server thread/INFO] (Minecraft) [STDOUT]: Sending Info now
[00:54:48] [Server thread/INFO] (Minecraft) [STDOUT]: LEN: 4
[00:54:48] [Server thread/INFO] (Minecraft) [STDOUT]: [1.0, 1.0, 1.0, 4.0]
[00:54:48] [Server thread/INFO] (Minecraft) [STDOUT]: Sending Info now
[00:54:48] [Server thread/INFO] (Minecraft) [STDOUT]: LEN: 4
[00:54:48] [Server thread/INFO] (Minecraft) [STDOUT]: [1.0, 1.0, 1.0, 4.0]
[00:54:48] [Server thread/INFO] (Minecraft) [STDOUT]: Sending Info now
[00:54:48] [Server thread/INFO] (Minecraft) [STDOUT]: LEN: 4
[00:54:48] [Server thread/INFO] (Minecraft) [STDOUT]: [1.0, 1.0, 1.0, 4.0]
[00:54:48] [Server thread/INFO] (Minecraft) [STDOUT]: Sending Info now
[00:54:48] [Server thread/INFO] (Minecraft) [STDOUT]: LEN: 4
[00:54:48] [Server thread/INFO] (Minecraft) [STDOUT]: [1.0, 1.0, 1.0, 4.0]
[00:54:48] [Server thread/INFO] (Minecraft) [STDOUT]: Sending Info now
[00:54:48] [Server thread/INFO] (Minecraft) [STDOUT]: LEN: 4
[00:54:48] [Server thread/INFO] (Minecraft) [STDOUT]: [1.0, 1.0, 1.0, 4.0]
[00:54:48] [Server thread/INFO] (Minecraft) [STDOUT]: Sending Info now
[00:54:48] [Server thread/INFO] (Minecraft) [STDOUT]: LEN: 4
[00:54:48] [Server thread/INFO] (Minecraft) [STDOUT]: [1.0, 1.0, 1.0, 4.0]
[00:54:48] [Server thread/INFO] (Minecraft) [STDOUT]: Sending Info now
[00:54:48] [Server thread/INFO] (Minecraft) [STDOUT]: LEN: 4
[00:54:48] [Server thread/INFO] (Minecraft) [STDOUT]: [1.0, 1.0, 1.0, 4.0]
[00:54:48] [Server thread/INFO] (Minecraft) [STDOUT]: Sending Info now
[00:54:48] [Server thread/INFO] (Minecraft) [STDOUT]: LEN: 4
[00:54:48] [Server thread/INFO] (Minecraft) [STDOUT]: [1.0, 1.0, 1.0, 4.0]
[00:54:49] [Server thread/INFO] (Minecraft) [STDOUT]: Sending Info now
[00:54:49] [Server thread/INFO] (Minecraft) [STDOUT]: LEN: 4
[00:54:49] [Server thread/INFO] (Minecraft) [STDOUT]: [1.0, 1.0, 1.0, 4.0]
[00:54:49] [Server thread/INFO] (Minecraft) [STDOUT]: Sending Info now
[00:54:49] [Server thread/INFO] (Minecraft) [STDOUT]: LEN: 4
[00:54:49] [Server thread/INFO] (Minecraft) [STDOUT]: [1.0, 1.0, 1.0, 4.0]
[00:54:49] [Server thread/INFO] (Minecraft) [STDOUT]: Sending Info now
[00:54:49] [Server thread/INFO] (Minecraft) [STDOUT]: LEN: 4
[00:54:49] [Server thread/INFO] (Minecraft) [STDOUT]: [1.0, 1.0, 1.0, 4.0]
[00:54:49] [Server thread/INFO] (Minecraft) [STDOUT]: Sending Info now
[00:54:49] [Server thread/INFO] (Minecraft) [STDOUT]: LEN: 4
[00:54:49] [Server thread/INFO] (Minecraft) [STDOUT]: [1.0, 1.0, 1.0, 4.0]
[00:54:49] [Server thread/INFO] (Minecraft) [STDOUT]: Sending Info now
[00:54:49] [Server thread/INFO] (Minecraft) [STDOUT]: LEN: 4
[00:54:49] [Server thread/INFO] (Minecraft) [STDOUT]: [1.0, 1.0, 1.0, 4.0]
[00:54:49] [Server thread/INFO] (Minecraft) [STDOUT]: Sending Info now
[00:54:49] [Server thread/INFO] (Minecraft) [STDOUT]: LEN: 4
[00:54:49] [Server thread/INFO] (Minecraft) [STDOUT]: [1.0, 1.0, 1.0, 4.0]
[00:54:49] [Server thread/INFO] (Minecraft) [STDOUT]: Sending Info now
[00:54:49] [Server thread/INFO] (Minecraft) [STDOUT]: LEN: 4
[00:54:49] [Server thread/INFO] (Minecraft) [STDOUT]: [1.0, 1.0, 1.0, 4.0]
[00:54:49] [Server thread/INFO] (Minecraft) [STDOUT]: Sending Info now
[00:54:49] [Server thread/INFO] (Minecraft) [STDOUT]: LEN: 4
[00:54:49] [Server thread/INFO] (Minecraft) [STDOUT]: [1.0, 1.0, 1.0, 4.0]
[00:54:49] [Server thread/INFO] (Minecraft) [STDOUT]: Sending Info now
[00:54:49] [Server thread/INFO] (Minecraft) [STDOUT]: LEN: 4
[00:54:49] [Server thread/INFO] (Minecraft) [STDOUT]: [1.0, 1.0, 1.0, 4.0]
[00:54:49] [Server thread/INFO] (Minecraft) [STDOUT]: Sending Info now
[00:54:49] [Server thread/INFO] (Minecraft) [STDOUT]: LEN: 4
[00:54:49] [Server thread/INFO] (Minecraft) [STDOUT]: [1.0, 1.0, 1.0, 4.0]
[00:54:50] [Server thread/INFO] (Minecraft) [STDOUT]: Sending Info now
[00:54:50] [Server thread/INFO] (Minecraft) [STDOUT]: LEN: 4
[00:54:50] [Server thread/INFO] (Minecraft) [STDOUT]: [1.0, 1.0, 1.0, 4.0]
[00:54:50] [Server thread/INFO] (Minecraft) [STDOUT]: Sending Info now
[00:54:50] [Server thread/INFO] (Minecraft) [STDOUT]: LEN: 4
[00:54:50] [Server thread/INFO] (Minecraft) [STDOUT]: [1.0, 1.0, 1.0, 4.0]
[00:54:50] [Server thread/INFO] (Minecraft) [STDOUT]: Sending Info now
[00:54:50] [Server thread/INFO] (Minecraft) [STDOUT]: LEN: 4
[00:54:50] [Server thread/INFO] (Minecraft) [STDOUT]: [1.0, 1.0, 1.0, 4.0]
[00:54:50] [Server thread/INFO] (Minecraft) [STDOUT]: Sending Info now
[00:54:50] [Server thread/INFO] (Minecraft) [STDOUT]: LEN: 4
[00:54:50] [Server thread/INFO] (Minecraft) [STDOUT]: [1.0, 1.0, 1.0, 4.0]
[00:54:50] [Server thread/INFO] (Minecraft) [STDOUT]: Sending Info now
[00:54:50] [Server thread/INFO] (Minecraft) [STDOUT]: LEN: 4
[00:54:50] [Server thread/INFO] (Minecraft) [STDOUT]: [1.0, 1.0, 1.0, 4.0]
[00:54:50] [Server thread/INFO] (Minecraft) [STDOUT]: Sending Info now
[00:54:50] [Server thread/INFO] (Minecraft) [STDOUT]: LEN: 4
[00:54:50] [Server thread/INFO] (Minecraft) [STDOUT]: [1.0, 1.0, 1.0, 4.0]
[00:54:50] [Server thread/INFO] (Minecraft) [STDOUT]: Sending Info now
[00:54:50] [Server thread/INFO] (Minecraft) [STDOUT]: LEN: 4
[00:54:50] [Server thread/INFO] (Minecraft) [STDOUT]: [1.0, 1.0, 1.0, 4.0]
[00:54:50] [Server thread/INFO] (Minecraft) [STDOUT]: Sending Info now
[00:54:50] [Server thread/INFO] (Minecraft) [STDOUT]: LEN: 4
[00:54:50] [Server thread/INFO] (Minecraft) [STDOUT]: [1.0, 1.0, 1.0, 4.0]
[00:54:50] [Server thread/INFO] (Minecraft) [STDOUT]: Sending Info now
[00:54:50] [Server thread/INFO] (Minecraft) [STDOUT]: LEN: 4
[00:54:50] [Server thread/INFO] (Minecraft) [STDOUT]: [1.0, 1.0, 1.0, 4.0]
[00:54:50] [Server thread/INFO] (Minecraft) [STDOUT]: Sending Info now
[00:54:50] [Server thread/INFO] (Minecraft) [STDOUT]: LEN: 4
[00:54:50] [Server thread/INFO] (Minecraft) [STDOUT]: [1.0, 1.0, 1.0, 4.0]
[00:54:51] [Server thread/INFO] (Minecraft) [STDOUT]: Sending Info now
[00:54:51] [Server thread/INFO] (Minecraft) [STDOUT]: LEN: 4
[00:54:51] [Server thread/INFO] (Minecraft) [STDOUT]: [1.0, 1.0, 1.0, 4.0]
[00:54:51] [Server thread/INFO] (Minecraft) [STDOUT]: Sending Info now
[00:54:51] [Server thread/INFO] (Minecraft) [STDOUT]: LEN: 4
[00:54:51] [Server thread/INFO] (Minecraft) [STDOUT]: [1.0, 1.0, 1.0, 4.0]
[00:54:51] [Server thread/INFO] (Minecraft) [STDOUT]: Sending Info now
[00:54:51] [Server thread/INFO] (Minecraft) [STDOUT]: LEN: 4
[00:54:51] [Server thread/INFO] (Minecraft) [STDOUT]: [1.0, 1.0, 1.0, 4.0]
[00:54:51] [Server thread/INFO] (Minecraft) [STDOUT]: Sending Info now
[00:54:51] [Server thread/INFO] (Minecraft) [STDOUT]: LEN: 4
[00:54:51] [Server thread/INFO] (Minecraft) [STDOUT]: [1.0, 1.0, 1.0, 4.0]
[00:54:51] [Server thread/INFO] (Minecraft) [STDOUT]: Sending Info now
[00:54:51] [Server thread/INFO] (Minecraft) [STDOUT]: LEN: 4
[00:54:51] [Server thread/INFO] (Minecraft) [STDOUT]: [1.0, 1.0, 1.0, 4.0]
[00:54:51] [Server thread/INFO] (Minecraft) [STDOUT]: Sending Info now
[00:54:51] [Server thread/INFO] (Minecraft) [STDOUT]: LEN: 4
[00:54:51] [Server thread/INFO] (Minecraft) [STDOUT]: [1.0, 1.0, 1.0, 4.0]
[00:54:51] [Server thread/INFO] (Minecraft) [STDOUT]: Sending Info now
[00:54:51] [Server thread/INFO] (Minecraft) [STDOUT]: LEN: 4
[00:54:51] [Server thread/INFO] (Minecraft) [STDOUT]: [1.0, 1.0, 1.0, 4.0]
[00:54:51] [Server thread/INFO] (Minecraft) [STDOUT]: Sending Info now
[00:54:51] [Server thread/INFO] (Minecraft) [STDOUT]: LEN: 4
[00:54:51] [Server thread/INFO] (Minecraft) [STDOUT]: [1.0, 1.0, 1.0, 4.0]
[00:54:51] [Server thread/INFO] (Minecraft) [STDOUT]: Sending Info now
[00:54:51] [Server thread/INFO] (Minecraft) [STDOUT]: LEN: 4
[00:54:51] [Server thread/INFO] (Minecraft) [STDOUT]: [1.0, 1.0, 1.0, 4.0]
[00:54:51] [Server thread/INFO] (Minecraft) [STDOUT]: Sending Info now
[00:54:51] [Server thread/INFO] (Minecraft) [STDOUT]: LEN: 4
[00:54:51] [Server thread/INFO] (Minecraft) [STDOUT]: [1.0, 1.0, 1.0, 4.0]
[00:54:52] [Server thread/INFO] (Minecraft) [STDOUT]: Sending Info now
[00:54:52] [Server thread/INFO] (Minecraft) [STDOUT]: LEN: 4
[00:54:52] [Server thread/INFO] (Minecraft) [STDOUT]: [1.0, 1.0, 1.0, 4.0]
[00:54:52] [Server thread/INFO] (Minecraft) [STDOUT]: Sending Info now
[00:54:52] [Server thread/INFO] (Minecraft) [STDOUT]: LEN: 4
[00:54:52] [Server thread/INFO] (Minecraft) [STDOUT]: [1.0, 1.0, 1.0, 4.0]
[00:54:52] [Server thread/INFO] (Minecraft) [STDOUT]: Sending Info now
[00:54:52] [Server thread/INFO] (Minecraft) [STDOUT]: LEN: 4
[00:54:52] [Server thread/INFO] (Minecraft) [STDOUT]: [1.0, 1.0, 1.0, 4.0]
[00:54:52] [Server thread/INFO] (Minecraft) [STDOUT]: Sending Info now
[00:54:52] [Server thread/INFO] (Minecraft) [STDOUT]: LEN: 4
[00:54:52] [Server thread/INFO] (Minecraft) [STDOUT]: [1.0, 1.0, 1.0, 4.0]
[00:54:52] [Server thread/INFO] (Minecraft) [STDOUT]: Sending Info now
[00:54:52] [Server thread/INFO] (Minecraft) [STDOUT]: LEN: 4
[00:54:52] [Server thread/INFO] (Minecraft) [STDOUT]: [1.0, 1.0, 1.0, 4.0]
[00:54:52] [Server thread/INFO] (Minecraft) [STDOUT]: Sending Info now
[00:54:52] [Server thread/INFO] (Minecraft) [STDOUT]: LEN: 4
[00:54:52] [Server thread/INFO] (Minecraft) [STDOUT]: [1.0, 1.0, 1.0, 4.0]
[00:54:52] [Server thread/INFO] (Minecraft) [STDOUT]: Sending Info now
[00:54:52] [Server thread/INFO] (Minecraft) [STDOUT]: LEN: 4
[00:54:52] [Server thread/INFO] (Minecraft) [STDOUT]: [1.0, 1.0, 1.0, 4.0]
[00:54:52] [Server thread/INFO] (Minecraft) [STDOUT]: Sending Info now
[00:54:52] [Server thread/INFO] (Minecraft) [STDOUT]: LEN: 4
[00:54:52] [Server thread/INFO] (Minecraft) [STDOUT]: [1.0, 1.0, 1.0, 4.0]
[00:54:52] [Server thread/INFO] (Minecraft) [STDOUT]: Sending Info now
[00:54:52] [Server thread/INFO] (Minecraft) [STDOUT]: LEN: 4
[00:54:52] [Server thread/INFO] (Minecraft) [STDOUT]: [1.0, 1.0, 1.0, 4.0]
[00:54:52] [Server thread/INFO] (Minecraft) [STDOUT]: Sending Info now
[00:54:52] [Server thread/INFO] (Minecraft) [STDOUT]: LEN: 4
[00:54:52] [Server thread/INFO] (Minecraft) [STDOUT]: [1.0, 1.0, 1.0, 4.0]
[00:54:53] [Server thread/INFO] (Minecraft) [STDOUT]: Sending Info now
[00:54:53] [Server thread/INFO] (Minecraft) [STDOUT]: LEN: 4
[00:54:53] [Server thread/INFO] (Minecraft) [STDOUT]: [1.0, 1.0, 1.0, 4.0]
[00:54:53] [Server thread/INFO] (Minecraft) [STDOUT]: Sending Info now
[00:54:53] [Server thread/INFO] (Minecraft) [STDOUT]: LEN: 4
[00:54:53] [Server thread/INFO] (Minecraft) [STDOUT]: [1.0, 1.0, 1.0, 4.0]
[00:54:53] [Server thread/INFO] (Minecraft) [STDOUT]: Sending Info now
[00:54:53] [Server thread/INFO] (Minecraft) [STDOUT]: LEN: 4
[00:54:53] [Server thread/INFO] (Minecraft) [STDOUT]: [1.0, 1.0, 1.0, 4.0]
[00:54:53] [Server thread/INFO] (Minecraft) [STDOUT]: Sending Info now
[00:54:53] [Server thread/INFO] (Minecraft) [STDOUT]: LEN: 4
[00:54:53] [Server thread/INFO] (Minecraft) [STDOUT]: [1.0, 1.0, 1.0, 4.0]
[00:54:53] [Server thread/INFO] (Minecraft) [STDOUT]: Sending Info now
[00:54:53] [Server thread/INFO] (Minecraft) [STDOUT]: LEN: 4
[00:54:53] [Server thread/INFO] (Minecraft) [STDOUT]: [1.0, 1.0, 1.0, 4.0]
[00:54:53] [Server thread/INFO] (Minecraft) [STDOUT]: Sending Info now
[00:54:53] [Server thread/INFO] (Minecraft) [STDOUT]: LEN: 4
[00:54:53] [Server thread/INFO] (Minecraft) [STDOUT]: [1.0, 1.0, 1.0, 4.0]
[00:54:53] [Server thread/INFO] (Minecraft) [STDOUT]: Sending Info now
[00:54:53] [Server thread/INFO] (Minecraft) [STDOUT]: LEN: 4
[00:54:53] [Server thread/INFO] (Minecraft) [STDOUT]: [1.0, 1.0, 1.0, 4.0]
[00:54:53] [Server thread/INFO] (Minecraft) [STDOUT]: Sending Info now
[00:54:53] [Server thread/INFO] (Minecraft) [STDOUT]: LEN: 4
[00:54:53] [Server thread/INFO] (Minecraft) [STDOUT]: [1.0, 1.0, 1.0, 4.0]
[00:54:53] [Server thread/INFO] (Minecraft) [STDOUT]: Sending Info now
[00:54:53] [Server thread/INFO] (Minecraft) [STDOUT]: LEN: 4
[00:54:53] [Server thread/INFO] (Minecraft) [STDOUT]: [1.0, 1.0, 1.0, 4.0]
[00:54:53] [Server thread/INFO] (Minecraft) [STDOUT]: Sending Info now
[00:54:53] [Server thread/INFO] (Minecraft) [STDOUT]: LEN: 4
[00:54:53] [Server thread/INFO] (Minecraft) [STDOUT]: [1.0, 1.0, 1.0, 4.0]
[00:54:54] [Server thread/INFO] (Minecraft) [STDOUT]: Sending Info now
[00:54:54] [Server thread/INFO] (Minecraft) [STDOUT]: LEN: 4
[00:54:54] [Server thread/INFO] (Minecraft) [STDOUT]: [1.0, 1.0, 1.0, 4.0]
[00:54:54] [Server thread/INFO] (Minecraft) [STDOUT]: Sending Info now
[00:54:54] [Server thread/INFO] (Minecraft) [STDOUT]: LEN: 4
[00:54:54] [Server thread/INFO] (Minecraft) [STDOUT]: [1.0, 1.0, 1.0, 4.0]
[00:54:54] [Server thread/INFO] (Minecraft) [STDOUT]: Sending Info now
[00:54:54] [Server thread/INFO] (Minecraft) [STDOUT]: LEN: 4
[00:54:54] [Server thread/INFO] (Minecraft) [STDOUT]: [1.0, 1.0, 1.0, 4.0]
[00:54:54] [Server thread/INFO] (Minecraft) [STDOUT]: Sending Info now
[00:54:54] [Server thread/INFO] (Minecraft) [STDOUT]: LEN: 4
[00:54:54] [Server thread/INFO] (Minecraft) [STDOUT]: [1.0, 1.0, 1.0, 4.0]
[00:54:54] [Server thread/INFO] (Minecraft) [STDOUT]: Sending Info now
[00:54:54] [Server thread/INFO] (Minecraft) [STDOUT]: LEN: 4
[00:54:54] [Server thread/INFO] (Minecraft) [STDOUT]: [1.0, 1.0, 1.0, 4.0]
[00:54:54] [Server thread/INFO] (Minecraft) [STDOUT]: Sending Info now
[00:54:54] [Server thread/INFO] (Minecraft) [STDOUT]: LEN: 4
[00:54:54] [Server thread/INFO] (Minecraft) [STDOUT]: [1.0, 1.0, 1.0, 4.0]
[00:54:54] [Server thread/INFO] (Minecraft) [STDOUT]: Sending Info now
[00:54:54] [Server thread/INFO] (Minecraft) [STDOUT]: LEN: 4
[00:54:54] [Server thread/INFO] (Minecraft) [STDOUT]: [1.0, 1.0, 1.0, 4.0]
[00:54:54] [Server thread/INFO] (Minecraft) [STDOUT]: Sending Info now
[00:54:54] [Server thread/INFO] (Minecraft) [STDOUT]: LEN: 4
[00:54:54] [Server thread/INFO] (Minecraft) [STDOUT]: [1.0, 1.0, 1.0, 4.0]
[00:54:54] [Server thread/INFO] (Minecraft) [STDOUT]: Sending Info now
[00:54:54] [Server thread/INFO] (Minecraft) [STDOUT]: LEN: 4
[00:54:54] [Server thread/INFO] (Minecraft) [STDOUT]: [1.0, 1.0, 1.0, 4.0]
[00:54:54] [Server thread/INFO] (Minecraft) [STDOUT]: Sending Info now
[00:54:54] [Server thread/INFO] (Minecraft) [STDOUT]: LEN: 4
[00:54:54] [Server thread/INFO] (Minecraft) [STDOUT]: [1.0, 1.0, 1.0, 4.0]
[00:54:55] [Server thread/INFO] (Minecraft) [STDOUT]: Sending Info now
[00:54:55] [Server thread/INFO] (Minecraft) [STDOUT]: LEN: 4
[00:54:55] [Server thread/INFO] (Minecraft) [STDOUT]: [1.0, 1.0, 1.0, 4.0]
[00:54:55] [Server thread/INFO] (Minecraft) [STDOUT]: Sending Info now
[00:54:55] [Server thread/INFO] (Minecraft) [STDOUT]: LEN: 4
[00:54:55] [Server thread/INFO] (Minecraft) [STDOUT]: [1.0, 1.0, 1.0, 4.0]
[00:54:55] [Server thread/INFO] (Minecraft) [STDOUT]: Sending Info now
[00:54:55] [Server thread/INFO] (Minecraft) [STDOUT]: LEN: 4
[00:54:55] [Server thread/INFO] (Minecraft) [STDOUT]: [1.0, 1.0, 1.0, 4.0]
[00:54:55] [Server thread/INFO] (Minecraft) [STDOUT]: Sending Info now
[00:54:55] [Server thread/INFO] (Minecraft) [STDOUT]: LEN: 4
[00:54:55] [Server thread/INFO] (Minecraft) [STDOUT]: [1.0, 1.0, 1.0, 4.0]
[00:54:55] [Server thread/INFO] (Minecraft) [STDOUT]: Sending Info now
[00:54:55] [Server thread/INFO] (Minecraft) [STDOUT]: LEN: 4
[00:54:55] [Server thread/INFO] (Minecraft) [STDOUT]: [1.0, 1.0, 1.0, 4.0]
[00:54:55] [Server thread/INFO] (Minecraft) [STDOUT]: Sending Info now
[00:54:55] [Server thread/INFO] (Minecraft) [STDOUT]: LEN: 4
[00:54:55] [Server thread/INFO] (Minecraft) [STDOUT]: [1.0, 1.0, 1.0, 4.0]
[00:54:55] [Server thread/INFO] (Minecraft) [STDOUT]: Sending Info now
[00:54:55] [Server thread/INFO] (Minecraft) [STDOUT]: LEN: 4
[00:54:55] [Server thread/INFO] (Minecraft) [STDOUT]: [1.0, 1.0, 1.0, 4.0]
[00:54:55] [Server thread/INFO] (Minecraft) [STDOUT]: Sending Info now
[00:54:55] [Server thread/INFO] (Minecraft) [STDOUT]: LEN: 4
[00:54:55] [Server thread/INFO] (Minecraft) [STDOUT]: [1.0, 1.0, 1.0, 4.0]
[00:54:55] [Server thread/INFO] (Minecraft) [STDOUT]: Sending Info now
[00:54:55] [Server thread/INFO] (Minecraft) [STDOUT]: LEN: 4
[00:54:55] [Server thread/INFO] (Minecraft) [STDOUT]: [1.0, 1.0, 1.0, 4.0]
[00:54:55] [Server thread/INFO] (Minecraft) [STDOUT]: Sending Info now
[00:54:55] [Server thread/INFO] (Minecraft) [STDOUT]: LEN: 4
[00:54:55] [Server thread/INFO] (Minecraft) [STDOUT]: [1.0, 1.0, 1.0, 4.0]
[00:54:56] [Server thread/INFO] (Minecraft) [STDOUT]: Sending Info now
[00:54:56] [Server thread/INFO] (Minecraft) [STDOUT]: LEN: 4
[00:54:56] [Server thread/INFO] (Minecraft) [STDOUT]: [1.0, 1.0, 1.0, 4.0]
[00:54:56] [Server thread/INFO] (Minecraft) [STDOUT]: Sending Info now
[00:54:56] [Server thread/INFO] (Minecraft) [STDOUT]: LEN: 4
[00:54:56] [Server thread/INFO] (Minecraft) [STDOUT]: [1.0, 1.0, 1.0, 4.0]
[00:54:56] [Server thread/INFO] (Minecraft) [STDOUT]: Sending Info now
[00:54:56] [Server thread/INFO] (Minecraft) [STDOUT]: LEN: 4
[00:54:56] [Server thread/INFO] (Minecraft) [STDOUT]: [1.0, 1.0, 1.0, 4.0]
[00:54:56] [Server thread/INFO] (Minecraft) [STDOUT]: Sending Info now
[00:54:56] [Server thread/INFO] (Minecraft) [STDOUT]: LEN: 4
[00:54:56] [Server thread/INFO] (Minecraft) [STDOUT]: [1.0, 1.0, 1.0, 4.0]
[00:54:56] [Server thread/INFO] (Minecraft) [STDOUT]: Sending Info now
[00:54:56] [Server thread/INFO] (Minecraft) [STDOUT]: LEN: 4
[00:54:56] [Server thread/INFO] (Minecraft) [STDOUT]: [1.0, 1.0, 1.0, 4.0]
[00:54:56] [Server thread/INFO] (Minecraft) [STDOUT]: Sending Info now
[00:54:56] [Server thread/INFO] (Minecraft) [STDOUT]: LEN: 4
[00:54:56] [Server thread/INFO] (Minecraft) [STDOUT]: [1.0, 1.0, 1.0, 4.0]
[00:54:56] [Server thread/INFO] (Minecraft) [STDOUT]: Sending Info now
[00:54:56] [Server thread/INFO] (Minecraft) [STDOUT]: LEN: 4
[00:54:56] [Server thread/INFO] (Minecraft) [STDOUT]: [1.0, 1.0, 1.0, 4.0]
[00:54:56] [Server thread/INFO] (Minecraft) [STDOUT]: Sending Info now
[00:54:56] [Server thread/INFO] (Minecraft) [STDOUT]: LEN: 4
[00:54:56] [Server thread/INFO] (Minecraft) [STDOUT]: [1.0, 1.0, 1.0, 4.0]
[00:54:56] [Server thread/INFO] (Minecraft) [STDOUT]: Sending Info now
[00:54:56] [Server thread/INFO] (Minecraft) [STDOUT]: LEN: 4
[00:54:56] [Server thread/INFO] (Minecraft) [STDOUT]: [1.0, 1.0, 1.0, 4.0]
[00:54:56] [Server thread/INFO] (Minecraft) [STDOUT]: Sending Info now
[00:54:56] [Server thread/INFO] (Minecraft) [STDOUT]: LEN: 4
[00:54:56] [Server thread/INFO] (Minecraft) [STDOUT]: [1.0, 1.0, 1.0, 4.0]
[00:54:57] [Server thread/INFO] (Minecraft) [STDOUT]: Sending Info now
[00:54:57] [Server thread/INFO] (Minecraft) [STDOUT]: LEN: 4
[00:54:57] [Server thread/INFO] (Minecraft) [STDOUT]: [1.0, 1.0, 1.0, 4.0]
[00:54:57] [Server thread/INFO] (Minecraft) [STDOUT]: Sending Info now
[00:54:57] [Server thread/INFO] (Minecraft) [STDOUT]: LEN: 4
[00:54:57] [Server thread/INFO] (Minecraft) [STDOUT]: [1.0, 1.0, 1.0, 4.0]
[00:54:57] [Server thread/INFO] (Minecraft) [STDOUT]: Sending Info now
[00:54:57] [Server thread/INFO] (Minecraft) [STDOUT]: LEN: 4
[00:54:57] [Server thread/INFO] (Minecraft) [STDOUT]: [1.0, 1.0, 1.0, 4.0]
[00:54:57] [Server thread/INFO] (Minecraft) [STDOUT]: Sending Info now
[00:54:57] [Server thread/INFO] (Minecraft) [STDOUT]: LEN: 4
[00:54:57] [Server thread/INFO] (Minecraft) [STDOUT]: [1.0, 1.0, 1.0, 4.0]
[00:54:57] [Server thread/INFO] (Minecraft) [STDOUT]: Sending Info now
[00:54:57] [Server thread/INFO] (Minecraft) [STDOUT]: LEN: 4
[00:54:57] [Server thread/INFO] (Minecraft) [STDOUT]: [1.0, 1.0, 1.0, 4.0]
[00:54:57] [Server thread/INFO] (Minecraft) [STDOUT]: Sending Info now
[00:54:57] [Server thread/INFO] (Minecraft) [STDOUT]: LEN: 4
[00:54:57] [Server thread/INFO] (Minecraft) [STDOUT]: [1.0, 1.0, 1.0, 4.0]
[00:54:57] [Server thread/INFO] (Minecraft) [STDOUT]: Sending Info now
[00:54:57] [Server thread/INFO] (Minecraft) [STDOUT]: LEN: 4
[00:54:57] [Server thread/INFO] (Minecraft) [STDOUT]: [1.0, 1.0, 1.0, 4.0]
[00:54:57] [Server thread/INFO] (Minecraft) [STDOUT]: Sending Info now
[00:54:57] [Server thread/INFO] (Minecraft) [STDOUT]: LEN: 4
[00:54:57] [Server thread/INFO] (Minecraft) [STDOUT]: [1.0, 1.0, 1.0, 4.0]
[00:54:57] [Server thread/INFO] (Minecraft) [STDOUT]: Sending Info now
[00:54:57] [Server thread/INFO] (Minecraft) [STDOUT]: LEN: 4
[00:54:57] [Server thread/INFO] (Minecraft) [STDOUT]: [1.0, 1.0, 1.0, 4.0]
[00:54:57] [Server thread/INFO] (Minecraft) [STDOUT]: Sending Info now
[00:54:57] [Server thread/INFO] (Minecraft) [STDOUT]: LEN: 4
[00:54:57] [Server thread/INFO] (Minecraft) [STDOUT]: [1.0, 1.0, 1.0, 4.0]
[00:54:58] [Server thread/INFO] (Minecraft) [STDOUT]: Sending Info now
[00:54:58] [Server thread/INFO] (Minecraft) [STDOUT]: LEN: 4
[00:54:58] [Server thread/INFO] (Minecraft) [STDOUT]: [1.0, 1.0, 1.0, 4.0]
[00:54:58] [Server thread/INFO] (Minecraft) [STDOUT]: Sending Info now
[00:54:58] [Server thread/INFO] (Minecraft) [STDOUT]: LEN: 4
[00:54:58] [Server thread/INFO] (Minecraft) [STDOUT]: [1.0, 1.0, 1.0, 4.0]
[00:54:58] [Server thread/INFO] (Minecraft) [STDOUT]: Sending Info now
[00:54:58] [Server thread/INFO] (Minecraft) [STDOUT]: LEN: 4
[00:54:58] [Server thread/INFO] (Minecraft) [STDOUT]: [1.0, 1.0, 1.0, 4.0]
[00:54:58] [Server thread/INFO] (Minecraft) [STDOUT]: Sending Info now
[00:54:58] [Server thread/INFO] (Minecraft) [STDOUT]: LEN: 4
[00:54:58] [Server thread/INFO] (Minecraft) [STDOUT]: [1.0, 1.0, 1.0, 4.0]
[00:54:58] [Server thread/INFO] (Minecraft) [STDOUT]: Sending Info now
[00:54:58] [Server thread/INFO] (Minecraft) [STDOUT]: LEN: 4
[00:54:58] [Server thread/INFO] (Minecraft) [STDOUT]: [1.0, 1.0, 1.0, 4.0]
[00:54:58] [Server thread/INFO] (Minecraft) [STDOUT]: Sending Info now
[00:54:58] [Server thread/INFO] (Minecraft) [STDOUT]: LEN: 4
[00:54:58] [Server thread/INFO] (Minecraft) [STDOUT]: [1.0, 1.0, 1.0, 4.0]
[00:54:58] [Server thread/INFO] (Minecraft) [STDOUT]: Sending Info now
[00:54:58] [Server thread/INFO] (Minecraft) [STDOUT]: LEN: 4
[00:54:58] [Server thread/INFO] (Minecraft) [STDOUT]: [1.0, 1.0, 1.0, 4.0]
[00:54:58] [Server thread/INFO] (Minecraft) [STDOUT]: Sending Info now
[00:54:58] [Server thread/INFO] (Minecraft) [STDOUT]: LEN: 4
[00:54:58] [Server thread/INFO] (Minecraft) [STDOUT]: [1.0, 1.0, 1.0, 4.0]
[00:54:58] [Server thread/INFO] (Minecraft) [STDOUT]: Sending Info now
[00:54:58] [Server thread/INFO] (Minecraft) [STDOUT]: LEN: 4
[00:54:58] [Server thread/INFO] (Minecraft) [STDOUT]: [1.0, 1.0, 1.0, 4.0]
[00:54:58] [Server thread/INFO] (Minecraft) [STDOUT]: Sending Info now
[00:54:58] [Server thread/INFO] (Minecraft) [STDOUT]: LEN: 4
[00:54:58] [Server thread/INFO] (Minecraft) [STDOUT]: [1.0, 1.0, 1.0, 4.0]
[00:54:59] [Server thread/INFO] (Minecraft) [STDOUT]: Sending Info now
[00:54:59] [Server thread/INFO] (Minecraft) [STDOUT]: LEN: 4
[00:54:59] [Server thread/INFO] (Minecraft) [STDOUT]: [1.0, 1.0, 1.0, 4.0]
[00:54:59] [Server thread/INFO] (Minecraft) [STDOUT]: Sending Info now
[00:54:59] [Server thread/INFO] (Minecraft) [STDOUT]: LEN: 4
[00:54:59] [Server thread/INFO] (Minecraft) [STDOUT]: [1.0, 1.0, 1.0, 4.0]
[00:54:59] [Server thread/INFO] (Minecraft) [STDOUT]: Sending Info now
[00:54:59] [Server thread/INFO] (Minecraft) [STDOUT]: LEN: 4
[00:54:59] [Server thread/INFO] (Minecraft) [STDOUT]: [1.0, 1.0, 1.0, 4.0]
[00:54:59] [Server thread/INFO] (Minecraft) [STDOUT]: Sending Info now
[00:54:59] [Server thread/INFO] (Minecraft) [STDOUT]: LEN: 4
[00:54:59] [Server thread/INFO] (Minecraft) [STDOUT]: [1.0, 1.0, 1.0, 4.0]
[00:54:59] [Server thread/INFO] (Minecraft) [STDOUT]: Sending Info now
[00:54:59] [Server thread/INFO] (Minecraft) [STDOUT]: LEN: 4
[00:54:59] [Server thread/INFO] (Minecraft) [STDOUT]: [1.0, 1.0, 1.0, 4.0]
[00:54:59] [Server thread/INFO] (Minecraft) [STDOUT]: Sending Info now
[00:54:59] [Server thread/INFO] (Minecraft) [STDOUT]: LEN: 4
[00:54:59] [Server thread/INFO] (Minecraft) [STDOUT]: [1.0, 1.0, 1.0, 4.0]
[00:54:59] [Server thread/INFO] (Minecraft) [STDOUT]: Sending Info now
[00:54:59] [Server thread/INFO] (Minecraft) [STDOUT]: LEN: 4
[00:54:59] [Server thread/INFO] (Minecraft) [STDOUT]: [1.0, 1.0, 1.0, 4.0]
[00:54:59] [Server thread/INFO] (Minecraft) [STDOUT]: Sending Info now
[00:54:59] [Server thread/INFO] (Minecraft) [STDOUT]: LEN: 4
[00:54:59] [Server thread/INFO] (Minecraft) [STDOUT]: [1.0, 1.0, 1.0, 4.0]
[00:54:59] [Server thread/INFO] (Minecraft) [STDOUT]: Sending Info now
[00:54:59] [Server thread/INFO] (Minecraft) [STDOUT]: LEN: 4
[00:54:59] [Server thread/INFO] (Minecraft) [STDOUT]: [1.0, 1.0, 1.0, 4.0]
[00:54:59] [Server thread/INFO] (Minecraft) [STDOUT]: Sending Info now
[00:54:59] [Server thread/INFO] (Minecraft) [STDOUT]: LEN: 4
[00:54:59] [Server thread/INFO] (Minecraft) [STDOUT]: [1.0, 1.0, 1.0, 4.0]
[00:55:00] [Server thread/INFO] (Minecraft) [STDOUT]: Sending Info now
[00:55:00] [Server thread/INFO] (Minecraft) [STDOUT]: LEN: 4
[00:55:00] [Server thread/INFO] (Minecraft) [STDOUT]: [1.0, 1.0, 1.0, 4.0]
[00:55:00] [Server thread/INFO] (Minecraft) [STDOUT]: Sending Info now
[00:55:00] [Server thread/INFO] (Minecraft) [STDOUT]: LEN: 4
[00:55:00] [Server thread/INFO] (Minecraft) [STDOUT]: [1.0, 1.0, 1.0, 4.0]
[00:55:00] [Server thread/INFO] (Minecraft) [STDOUT]: Sending Info now
[00:55:00] [Server thread/INFO] (Minecraft) [STDOUT]: LEN: 4
[00:55:00] [Server thread/INFO] (Minecraft) [STDOUT]: [1.0, 1.0, 1.0, 4.0]
[00:55:00] [Server thread/INFO] (Minecraft) [STDOUT]: Sending Info now
[00:55:00] [Server thread/INFO] (Minecraft) [STDOUT]: LEN: 4
[00:55:00] [Server thread/INFO] (Minecraft) [STDOUT]: [1.0, 1.0, 1.0, 4.0]
[00:55:00] [Server thread/INFO] (Minecraft) [STDOUT]: Sending Info now
[00:55:00] [Server thread/INFO] (Minecraft) [STDOUT]: LEN: 4
[00:55:00] [Server thread/INFO] (Minecraft) [STDOUT]: [1.0, 1.0, 1.0, 4.0]
[00:55:00] [Server thread/INFO] (Minecraft) [STDOUT]: Sending Info now
[00:55:00] [Server thread/INFO] (Minecraft) [STDOUT]: LEN: 4
[00:55:00] [Server thread/INFO] (Minecraft) [STDOUT]: [1.0, 1.0, 1.0, 4.0]
[00:55:00] [Server thread/INFO] (Minecraft) [STDOUT]: Sending Info now
[00:55:00] [Server thread/INFO] (Minecraft) [STDOUT]: LEN: 4
[00:55:00] [Server thread/INFO] (Minecraft) [STDOUT]: [1.0, 1.0, 1.0, 4.0]
[00:55:00] [Server thread/INFO] (Minecraft) [STDOUT]: Sending Info now
[00:55:00] [Server thread/INFO] (Minecraft) [STDOUT]: LEN: 4
[00:55:00] [Server thread/INFO] (Minecraft) [STDOUT]: [1.0, 1.0, 1.0, 4.0]
[00:55:00] [Server thread/INFO] (Minecraft) [STDOUT]: Sending Info now
[00:55:00] [Server thread/INFO] (Minecraft) [STDOUT]: LEN: 4
[00:55:00] [Server thread/INFO] (Minecraft) [STDOUT]: [1.0, 1.0, 1.0, 4.0]
[00:55:00] [Server thread/INFO] (Minecraft) [STDOUT]: Sending Info now
[00:55:00] [Server thread/INFO] (Minecraft) [STDOUT]: LEN: 4
[00:55:00] [Server thread/INFO] (Minecraft) [STDOUT]: [1.0, 1.0, 1.0, 4.0]
[00:55:01] [Server thread/INFO] (Minecraft) [STDOUT]: Sending Info now
[00:55:01] [Server thread/INFO] (Minecraft) [STDOUT]: LEN: 4
[00:55:01] [Server thread/INFO] (Minecraft) [STDOUT]: [1.0, 1.0, 1.0, 4.0]
[00:55:01] [Server thread/INFO] (Minecraft) [STDOUT]: Sending Info now
[00:55:01] [Server thread/INFO] (Minecraft) [STDOUT]: LEN: 4
[00:55:01] [Server thread/INFO] (Minecraft) [STDOUT]: [1.0, 1.0, 1.0, 4.0]
[00:55:01] [Server thread/INFO] (Minecraft) [STDOUT]: Sending Info now
[00:55:01] [Server thread/INFO] (Minecraft) [STDOUT]: LEN: 4
[00:55:01] [Server thread/INFO] (Minecraft) [STDOUT]: [1.0, 1.0, 1.0, 4.0]
[00:55:01] [Server thread/INFO] (Minecraft) [STDOUT]: Sending Info now
[00:55:01] [Server thread/INFO] (Minecraft) [STDOUT]: LEN: 4
[00:55:01] [Server thread/INFO] (Minecraft) [STDOUT]: [1.0, 1.0, 1.0, 4.0]
[00:55:01] [Server thread/INFO] (Minecraft) [STDOUT]: Sending Info now
[00:55:01] [Server thread/INFO] (Minecraft) [STDOUT]: LEN: 4
[00:55:01] [Server thread/INFO] (Minecraft) [STDOUT]: [1.0, 1.0, 1.0, 4.0]
[00:55:01] [Server thread/INFO] (Minecraft) [STDOUT]: Sending Info now
[00:55:01] [Server thread/INFO] (Minecraft) [STDOUT]: LEN: 4
[00:55:01] [Server thread/INFO] (Minecraft) [STDOUT]: [1.0, 1.0, 1.0, 4.0]
[00:55:01] [Server thread/INFO] (Minecraft) [STDOUT]: Sending Info now
[00:55:01] [Server thread/INFO] (Minecraft) [STDOUT]: LEN: 4
[00:55:01] [Server thread/INFO] (Minecraft) [STDOUT]: [1.0, 1.0, 1.0, 4.0]
[00:55:01] [Server thread/INFO] (Minecraft) [STDOUT]: Sending Info now
[00:55:01] [Server thread/INFO] (Minecraft) [STDOUT]: LEN: 4
[00:55:01] [Server thread/INFO] (Minecraft) [STDOUT]: [1.0, 1.0, 1.0, 4.0]
[00:55:01] [Server thread/INFO] (Minecraft) [STDOUT]: Sending Info now
[00:55:01] [Server thread/INFO] (Minecraft) [STDOUT]: LEN: 4
[00:55:01] [Server thread/INFO] (Minecraft) [STDOUT]: [1.0, 1.0, 1.0, 4.0]
[00:55:01] [Server thread/INFO] (Minecraft) [STDOUT]: Sending Info now
[00:55:01] [Server thread/INFO] (Minecraft) [STDOUT]: LEN: 4
[00:55:01] [Server thread/INFO] (Minecraft) [STDOUT]: [1.0, 1.0, 1.0, 4.0]
[00:55:02] [Server thread/INFO] (Minecraft) [STDOUT]: Sending Info now
[00:55:02] [Server thread/INFO] (Minecraft) [STDOUT]: LEN: 4
[00:55:02] [Server thread/INFO] (Minecraft) [STDOUT]: [1.0, 1.0, 1.0, 4.0]
[00:55:02] [Server thread/INFO] (Minecraft) [STDOUT]: Sending Info now
[00:55:02] [Server thread/INFO] (Minecraft) [STDOUT]: LEN: 4
[00:55:02] [Server thread/INFO] (Minecraft) [STDOUT]: [1.0, 1.0, 1.0, 4.0]
[00:55:02] [Server thread/INFO] (Minecraft) [STDOUT]: Sending Info now
[00:55:02] [Server thread/INFO] (Minecraft) [STDOUT]: LEN: 4
[00:55:02] [Server thread/INFO] (Minecraft) [STDOUT]: [1.0, 1.0, 1.0, 4.0]
[00:55:02] [Server thread/INFO] (Minecraft) [STDOUT]: Sending Info now
[00:55:02] [Server thread/INFO] (Minecraft) [STDOUT]: LEN: 4
[00:55:02] [Server thread/INFO] (Minecraft) [STDOUT]: [1.0, 1.0, 1.0, 4.0]
[00:55:02] [Server thread/INFO] (Minecraft) [STDOUT]: Sending Info now
[00:55:02] [Server thread/INFO] (Minecraft) [STDOUT]: LEN: 4
[00:55:02] [Server thread/INFO] (Minecraft) [STDOUT]: [1.0, 1.0, 1.0, 4.0]
[00:55:02] [Server thread/INFO] (Minecraft) [STDOUT]: Sending Info now
[00:55:02] [Server thread/INFO] (Minecraft) [STDOUT]: LEN: 4
[00:55:02] [Server thread/INFO] (Minecraft) [STDOUT]: [1.0, 1.0, 1.0, 4.0]
[00:55:02] [Server thread/INFO] (Minecraft) [STDOUT]: Sending Info now
[00:55:02] [Server thread/INFO] (Minecraft) [STDOUT]: LEN: 4
[00:55:02] [Server thread/INFO] (Minecraft) [STDOUT]: [1.0, 1.0, 1.0, 4.0]
[00:55:02] [Server thread/INFO] (Minecraft) [STDOUT]: Sending Info now
[00:55:02] [Server thread/INFO] (Minecraft) [STDOUT]: LEN: 4
[00:55:02] [Server thread/INFO] (Minecraft) [STDOUT]: [1.0, 1.0, 1.0, 4.0]
[00:55:02] [Server thread/INFO] (Minecraft) [STDOUT]: Sending Info now
[00:55:02] [Server thread/INFO] (Minecraft) [STDOUT]: LEN: 4
[00:55:02] [Server thread/INFO] (Minecraft) [STDOUT]: [1.0, 1.0, 1.0, 4.0]
[00:55:02] [Server thread/INFO] (Minecraft) [STDOUT]: Sending Info now
[00:55:02] [Server thread/INFO] (Minecraft) [STDOUT]: LEN: 4
[00:55:02] [Server thread/INFO] (Minecraft) [STDOUT]: [1.0, 1.0, 1.0, 4.0]
[00:55:03] [Server thread/INFO] (Minecraft) [STDOUT]: Sending Info now
[00:55:03] [Server thread/INFO] (Minecraft) [STDOUT]: LEN: 4
[00:55:03] [Server thread/INFO] (Minecraft) [STDOUT]: [1.0, 1.0, 1.0, 4.0]
[00:55:03] [Server thread/INFO] (Minecraft) [STDOUT]: Sending Info now
[00:55:03] [Server thread/INFO] (Minecraft) [STDOUT]: LEN: 4
[00:55:03] [Server thread/INFO] (Minecraft) [STDOUT]: [1.0, 1.0, 1.0, 4.0]
[00:55:03] [Server thread/INFO] (Minecraft) [STDOUT]: Sending Info now
[00:55:03] [Server thread/INFO] (Minecraft) [STDOUT]: LEN: 4
[00:55:03] [Server thread/INFO] (Minecraft) [STDOUT]: [1.0, 1.0, 1.0, 4.0]
[00:55:03] [Server thread/INFO] (Minecraft) [STDOUT]: Sending Info now
[00:55:03] [Server thread/INFO] (Minecraft) [STDOUT]: LEN: 4
[00:55:03] [Server thread/INFO] (Minecraft) [STDOUT]: [1.0, 1.0, 1.0, 4.0]
[00:55:03] [Server thread/INFO] (Minecraft) [STDOUT]: Sending Info now
[00:55:03] [Server thread/INFO] (Minecraft) [STDOUT]: LEN: 4
[00:55:03] [Server thread/INFO] (Minecraft) [STDOUT]: [1.0, 1.0, 1.0, 4.0]
[00:55:03] [Server thread/INFO] (Minecraft) [STDOUT]: Sending Info now
[00:55:03] [Server thread/INFO] (Minecraft) [STDOUT]: LEN: 4
[00:55:03] [Server thread/INFO] (Minecraft) [STDOUT]: [1.0, 1.0, 1.0, 4.0]
[00:55:03] [Server thread/INFO] (Minecraft) [STDOUT]: Sending Info now
[00:55:03] [Server thread/INFO] (Minecraft) [STDOUT]: LEN: 4
[00:55:03] [Server thread/INFO] (Minecraft) [STDOUT]: [1.0, 1.0, 1.0, 4.0]
[00:55:03] [Server thread/INFO] (Minecraft) [STDOUT]: Sending Info now
[00:55:03] [Server thread/INFO] (Minecraft) [STDOUT]: LEN: 4
[00:55:03] [Server thread/INFO] (Minecraft) [STDOUT]: [1.0, 1.0, 1.0, 4.0]
[00:55:03] [Server thread/INFO] (Minecraft) [STDOUT]: Sending Info now
[00:55:03] [Server thread/INFO] (Minecraft) [STDOUT]: LEN: 4
[00:55:03] [Server thread/INFO] (Minecraft) [STDOUT]: [1.0, 1.0, 1.0, 4.0]
[00:55:03] [Server thread/INFO] (Minecraft) [STDOUT]: Sending Info now
[00:55:03] [Server thread/INFO] (Minecraft) [STDOUT]: LEN: 4
[00:55:03] [Server thread/INFO] (Minecraft) [STDOUT]: [1.0, 1.0, 1.0, 4.0]
[00:55:04] [Server thread/INFO] (Minecraft) [STDOUT]: Sending Info now
[00:55:04] [Server thread/INFO] (Minecraft) [STDOUT]: LEN: 4
[00:55:04] [Server thread/INFO] (Minecraft) [STDOUT]: [1.0, 1.0, 1.0, 4.0]
[00:55:04] [Server thread/INFO] (Minecraft) [STDOUT]: Sending Info now
[00:55:04] [Server thread/INFO] (Minecraft) [STDOUT]: LEN: 4
[00:55:04] [Server thread/INFO] (Minecraft) [STDOUT]: [1.0, 1.0, 1.0, 4.0]
[00:55:04] [Server thread/INFO] (Minecraft) [STDOUT]: Sending Info now
[00:55:04] [Server thread/INFO] (Minecraft) [STDOUT]: LEN: 4
[00:55:04] [Server thread/INFO] (Minecraft) [STDOUT]: [1.0, 1.0, 1.0, 4.0]
[00:55:04] [Server thread/INFO] (Minecraft) [STDOUT]: Sending Info now
[00:55:04] [Server thread/INFO] (Minecraft) [STDOUT]: LEN: 4
[00:55:04] [Server thread/INFO] (Minecraft) [STDOUT]: [1.0, 1.0, 1.0, 4.0]
[00:55:04] [Server thread/INFO] (Minecraft) [STDOUT]: Sending Info now
[00:55:04] [Server thread/INFO] (Minecraft) [STDOUT]: LEN: 4
[00:55:04] [Server thread/INFO] (Minecraft) [STDOUT]: [1.0, 1.0, 1.0, 4.0]
[00:55:04] [Server thread/INFO] (Minecraft) [STDOUT]: Sending Info now
[00:55:04] [Server thread/INFO] (Minecraft) [STDOUT]: LEN: 4
[00:55:04] [Server thread/INFO] (Minecraft) [STDOUT]: [1.0, 1.0, 1.0, 4.0]
[00:55:04] [Server thread/INFO] (Minecraft) [STDOUT]: Sending Info now
[00:55:04] [Server thread/INFO] (Minecraft) [STDOUT]: LEN: 4
[00:55:04] [Server thread/INFO] (Minecraft) [STDOUT]: [1.0, 1.0, 1.0, 4.0]
[00:55:04] [Server thread/INFO] (Minecraft) [STDOUT]: Sending Info now
[00:55:04] [Server thread/INFO] (Minecraft) [STDOUT]: LEN: 4
[00:55:04] [Server thread/INFO] (Minecraft) [STDOUT]: [1.0, 1.0, 1.0, 4.0]
[00:55:04] [Server thread/INFO] (Minecraft) [STDOUT]: Sending Info now
[00:55:04] [Server thread/INFO] (Minecraft) [STDOUT]: LEN: 4
[00:55:04] [Server thread/INFO] (Minecraft) [STDOUT]: [1.0, 1.0, 1.0, 4.0]
[00:55:04] [Server thread/INFO] (Minecraft) [STDOUT]: Sending Info now
[00:55:04] [Server thread/INFO] (Minecraft) [STDOUT]: LEN: 4
[00:55:04] [Server thread/INFO] (Minecraft) [STDOUT]: [1.0, 1.0, 1.0, 4.0]
[00:55:05] [Server thread/INFO] (Minecraft) [STDOUT]: Sending Info now
[00:55:05] [Server thread/INFO] (Minecraft) [STDOUT]: LEN: 4
[00:55:05] [Server thread/INFO] (Minecraft) [STDOUT]: [1.0, 1.0, 1.0, 4.0]
[00:55:05] [Server thread/INFO] (Minecraft) [STDOUT]: Sending Info now
[00:55:05] [Server thread/INFO] (Minecraft) [STDOUT]: LEN: 4
[00:55:05] [Server thread/INFO] (Minecraft) [STDOUT]: [1.0, 1.0, 1.0, 4.0]
[00:55:05] [Server thread/INFO] (Minecraft) [STDOUT]: Sending Info now
[00:55:05] [Server thread/INFO] (Minecraft) [STDOUT]: LEN: 4
[00:55:05] [Server thread/INFO] (Minecraft) [STDOUT]: [1.0, 1.0, 1.0, 4.0]
[00:55:05] [Server thread/INFO] (Minecraft) [STDOUT]: Sending Info now
[00:55:05] [Server thread/INFO] (Minecraft) [STDOUT]: LEN: 4
[00:55:05] [Server thread/INFO] (Minecraft) [STDOUT]: [1.0, 1.0, 1.0, 4.0]
[00:55:05] [Server thread/INFO] (Minecraft) [STDOUT]: Sending Info now
[00:55:05] [Server thread/INFO] (Minecraft) [STDOUT]: LEN: 4
[00:55:05] [Server thread/INFO] (Minecraft) [STDOUT]: [1.0, 1.0, 1.0, 4.0]
[00:55:05] [Server thread/INFO] (Minecraft) [STDOUT]: Sending Info now
[00:55:05] [Server thread/INFO] (Minecraft) [STDOUT]: LEN: 4
[00:55:05] [Server thread/INFO] (Minecraft) [STDOUT]: [1.0, 1.0, 1.0, 4.0]
[00:55:05] [Server thread/INFO] (Minecraft) [STDOUT]: Sending Info now
[00:55:05] [Server thread/INFO] (Minecraft) [STDOUT]: LEN: 4
[00:55:05] [Server thread/INFO] (Minecraft) [STDOUT]: [1.0, 1.0, 1.0, 4.0]
[00:55:05] [Server thread/INFO] (Minecraft) [STDOUT]: Sending Info now
[00:55:05] [Server thread/INFO] (Minecraft) [STDOUT]: LEN: 4
[00:55:05] [Server thread/INFO] (Minecraft) [STDOUT]: [1.0, 1.0, 1.0, 4.0]
[00:55:05] [Server thread/INFO] (Minecraft) [STDOUT]: Sending Info now
[00:55:05] [Server thread/INFO] (Minecraft) [STDOUT]: LEN: 4
[00:55:05] [Server thread/INFO] (Minecraft) [STDOUT]: [1.0, 1.0, 1.0, 4.0]
[00:55:05] [Server thread/INFO] (Minecraft) [STDOUT]: Sending Info now
[00:55:05] [Server thread/INFO] (Minecraft) [STDOUT]: LEN: 4
[00:55:05] [Server thread/INFO] (Minecraft) [STDOUT]: [1.0, 1.0, 1.0, 4.0]
[00:55:06] [Server thread/INFO] (Minecraft) [STDOUT]: Sending Info now
[00:55:06] [Server thread/INFO] (Minecraft) [STDOUT]: LEN: 4
[00:55:06] [Server thread/INFO] (Minecraft) [STDOUT]: [1.0, 1.0, 1.0, 4.0]
[00:55:06] [Server thread/INFO] (Minecraft) [STDOUT]: Sending Info now
[00:55:06] [Server thread/INFO] (Minecraft) [STDOUT]: LEN: 4
[00:55:06] [Server thread/INFO] (Minecraft) [STDOUT]: [1.0, 1.0, 1.0, 4.0]
[00:55:06] [Server thread/INFO] (Minecraft) [STDOUT]: Sending Info now
[00:55:06] [Server thread/INFO] (Minecraft) [STDOUT]: LEN: 4
[00:55:06] [Server thread/INFO] (Minecraft) [STDOUT]: [1.0, 1.0, 1.0, 4.0]
[00:55:06] [Server thread/INFO] (Minecraft) [STDOUT]: Sending Info now
[00:55:06] [Server thread/INFO] (Minecraft) [STDOUT]: LEN: 4
[00:55:06] [Server thread/INFO] (Minecraft) [STDOUT]: [1.0, 1.0, 1.0, 4.0]
[00:55:06] [Server thread/INFO] (Minecraft) [STDOUT]: Sending Info now
[00:55:06] [Server thread/INFO] (Minecraft) [STDOUT]: LEN: 4
[00:55:06] [Server thread/INFO] (Minecraft) [STDOUT]: [1.0, 1.0, 1.0, 4.0]
[00:55:06] [Server thread/INFO] (Minecraft) [STDOUT]: Sending Info now
[00:55:06] [Server thread/INFO] (Minecraft) [STDOUT]: LEN: 4
[00:55:06] [Server thread/INFO] (Minecraft) [STDOUT]: [1.0, 1.0, 1.0, 4.0]
[00:55:06] [Server thread/INFO] (Minecraft) [STDOUT]: Sending Info now
[00:55:06] [Server thread/INFO] (Minecraft) [STDOUT]: LEN: 4
[00:55:06] [Server thread/INFO] (Minecraft) [STDOUT]: [1.0, 1.0, 1.0, 4.0]
[00:55:06] [Server thread/INFO] (Minecraft) [STDOUT]: Sending Info now
[00:55:06] [Server thread/INFO] (Minecraft) [STDOUT]: LEN: 4
[00:55:06] [Server thread/INFO] (Minecraft) [STDOUT]: [1.0, 1.0, 1.0, 4.0]
[00:55:06] [Server thread/INFO] (Minecraft) [STDOUT]: Sending Info now
[00:55:06] [Server thread/INFO] (Minecraft) [STDOUT]: LEN: 4
[00:55:06] [Server thread/INFO] (Minecraft) [STDOUT]: [1.0, 1.0, 1.0, 4.0]
[00:55:06] [Server thread/INFO] (Minecraft) [STDOUT]: Sending Info now
[00:55:06] [Server thread/INFO] (Minecraft) [STDOUT]: LEN: 4
[00:55:06] [Server thread/INFO] (Minecraft) [STDOUT]: [1.0, 1.0, 1.0, 4.0]
[00:55:07] [Server thread/INFO] (Minecraft) [STDOUT]: Sending Info now
[00:55:07] [Server thread/INFO] (Minecraft) [STDOUT]: LEN: 4
[00:55:07] [Server thread/INFO] (Minecraft) [STDOUT]: [1.0, 1.0, 1.0, 4.0]
[00:55:07] [Server thread/INFO] (Minecraft) [STDOUT]: Sending Info now
[00:55:07] [Server thread/INFO] (Minecraft) [STDOUT]: LEN: 4
[00:55:07] [Server thread/INFO] (Minecraft) [STDOUT]: [1.0, 1.0, 1.0, 4.0]
[00:55:07] [Server thread/INFO] (Minecraft) [STDOUT]: Sending Info now
[00:55:07] [Server thread/INFO] (Minecraft) [STDOUT]: LEN: 4
[00:55:07] [Server thread/INFO] (Minecraft) [STDOUT]: [1.0, 1.0, 1.0, 4.0]
[00:55:07] [Server thread/INFO] (Minecraft) [STDOUT]: Sending Info now
[00:55:07] [Server thread/INFO] (Minecraft) [STDOUT]: LEN: 4
[00:55:07] [Server thread/INFO] (Minecraft) [STDOUT]: [1.0, 1.0, 1.0, 4.0]
[00:55:07] [Server thread/INFO] (Minecraft) [STDOUT]: Sending Info now
[00:55:07] [Server thread/INFO] (Minecraft) [STDOUT]: LEN: 4
[00:55:07] [Server thread/INFO] (Minecraft) [STDOUT]: [1.0, 1.0, 1.0, 4.0]
[00:55:07] [Server thread/INFO] (Minecraft) [STDOUT]: Sending Info now
[00:55:07] [Server thread/INFO] (Minecraft) [STDOUT]: LEN: 4
[00:55:07] [Server thread/INFO] (Minecraft) [STDOUT]: [1.0, 1.0, 1.0, 4.0]
[00:55:07] [Server thread/INFO] (Minecraft) [STDOUT]: Sending Info now
[00:55:07] [Server thread/INFO] (Minecraft) [STDOUT]: LEN: 4
[00:55:07] [Server thread/INFO] (Minecraft) [STDOUT]: [1.0, 1.0, 1.0, 4.0]
[00:55:07] [Server thread/INFO] (Minecraft) [STDOUT]: Sending Info now
[00:55:07] [Server thread/INFO] (Minecraft) [STDOUT]: LEN: 4
[00:55:07] [Server thread/INFO] (Minecraft) [STDOUT]: [1.0, 1.0, 1.0, 4.0]
[00:55:07] [Server thread/INFO] (Minecraft) [STDOUT]: Sending Info now
[00:55:07] [Server thread/INFO] (Minecraft) [STDOUT]: LEN: 4
[00:55:07] [Server thread/INFO] (Minecraft) [STDOUT]: [1.0, 1.0, 1.0, 4.0]
[00:55:07] [Server thread/INFO] (Minecraft) [STDOUT]: Sending Info now
[00:55:07] [Server thread/INFO] (Minecraft) [STDOUT]: LEN: 4
[00:55:07] [Server thread/INFO] (Minecraft) [STDOUT]: [1.0, 1.0, 1.0, 4.0]
[00:55:08] [Server thread/INFO] (Minecraft) [STDOUT]: Sending Info now
[00:55:08] [Server thread/INFO] (Minecraft) [STDOUT]: LEN: 4
[00:55:08] [Server thread/INFO] (Minecraft) [STDOUT]: [1.0, 1.0, 1.0, 4.0]
[00:55:08] [Server thread/INFO] (Minecraft) [STDOUT]: Sending Info now
[00:55:08] [Server thread/INFO] (Minecraft) [STDOUT]: LEN: 4
[00:55:08] [Server thread/INFO] (Minecraft) [STDOUT]: [1.0, 1.0, 1.0, 4.0]
[00:55:08] [Server thread/INFO] (Minecraft) [STDOUT]: Sending Info now
[00:55:08] [Server thread/INFO] (Minecraft) [STDOUT]: LEN: 4
[00:55:08] [Server thread/INFO] (Minecraft) [STDOUT]: [1.0, 1.0, 1.0, 4.0]
[00:55:08] [Server thread/INFO] (Minecraft) [STDOUT]: Sending Info now
[00:55:08] [Server thread/INFO] (Minecraft) [STDOUT]: LEN: 4
[00:55:08] [Server thread/INFO] (Minecraft) [STDOUT]: [1.0, 1.0, 1.0, 4.0]
[00:55:08] [Server thread/INFO] (Minecraft) [STDOUT]: Sending Info now
[00:55:08] [Server thread/INFO] (Minecraft) [STDOUT]: LEN: 4
[00:55:08] [Server thread/INFO] (Minecraft) [STDOUT]: [1.0, 1.0, 1.0, 4.0]
[00:55:08] [Server thread/INFO] (Minecraft) [STDOUT]: Sending Info now
[00:55:08] [Server thread/INFO] (Minecraft) [STDOUT]: LEN: 4
[00:55:08] [Server thread/INFO] (Minecraft) [STDOUT]: [1.0, 1.0, 1.0, 4.0]
[00:55:08] [Server thread/INFO] (Minecraft) [STDOUT]: Sending Info now
[00:55:08] [Server thread/INFO] (Minecraft) [STDOUT]: LEN: 4
[00:55:08] [Server thread/INFO] (Minecraft) [STDOUT]: [1.0, 1.0, 1.0, 4.0]
[00:55:08] [Server thread/INFO] (Minecraft) [STDOUT]: Sending Info now
[00:55:08] [Server thread/INFO] (Minecraft) [STDOUT]: LEN: 4
[00:55:08] [Server thread/INFO] (Minecraft) [STDOUT]: [1.0, 1.0, 1.0, 4.0]
[00:55:08] [Server thread/INFO] (Minecraft) [STDOUT]: Sending Info now
[00:55:08] [Server thread/INFO] (Minecraft) [STDOUT]: LEN: 4
[00:55:08] [Server thread/INFO] (Minecraft) [STDOUT]: [1.0, 1.0, 1.0, 4.0]
[00:55:08] [Server thread/INFO] (Minecraft) [STDOUT]: Sending Info now
[00:55:08] [Server thread/INFO] (Minecraft) [STDOUT]: LEN: 4
[00:55:08] [Server thread/INFO] (Minecraft) [STDOUT]: [1.0, 1.0, 1.0, 4.0]
[00:55:09] [Server thread/INFO] (Minecraft) [STDOUT]: Sending Info now
[00:55:09] [Server thread/INFO] (Minecraft) [STDOUT]: LEN: 4
[00:55:09] [Server thread/INFO] (Minecraft) [STDOUT]: [1.0, 1.0, 1.0, 4.0]
[00:55:09] [Server thread/INFO] (Minecraft) [STDOUT]: Sending Info now
[00:55:09] [Server thread/INFO] (Minecraft) [STDOUT]: LEN: 4
[00:55:09] [Server thread/INFO] (Minecraft) [STDOUT]: [1.0, 1.0, 1.0, 4.0]
[00:55:09] [Server thread/INFO] (Minecraft) [STDOUT]: Sending Info now
[00:55:09] [Server thread/INFO] (Minecraft) [STDOUT]: LEN: 4
[00:55:09] [Server thread/INFO] (Minecraft) [STDOUT]: [1.0, 1.0, 1.0, 4.0]
[00:55:09] [Server thread/INFO] (Minecraft) [STDOUT]: Sending Info now
[00:55:09] [Server thread/INFO] (Minecraft) [STDOUT]: LEN: 4
[00:55:09] [Server thread/INFO] (Minecraft) [STDOUT]: [1.0, 1.0, 1.0, 4.0]
[00:55:09] [Server thread/INFO] (Minecraft) [STDOUT]: Sending Info now
[00:55:09] [Server thread/INFO] (Minecraft) [STDOUT]: LEN: 4
[00:55:09] [Server thread/INFO] (Minecraft) [STDOUT]: [1.0, 1.0, 1.0, 4.0]
[00:55:09] [Server thread/INFO] (Minecraft) [STDOUT]: Sending Info now
[00:55:09] [Server thread/INFO] (Minecraft) [STDOUT]: LEN: 4
[00:55:09] [Server thread/INFO] (Minecraft) [STDOUT]: [1.0, 1.0, 1.0, 4.0]
[00:55:09] [Server thread/INFO] (Minecraft) [STDOUT]: Sending Info now
[00:55:09] [Server thread/INFO] (Minecraft) [STDOUT]: LEN: 4
[00:55:09] [Server thread/INFO] (Minecraft) [STDOUT]: [1.0, 1.0, 1.0, 4.0]
[00:55:09] [Server thread/INFO] (Minecraft) [STDOUT]: Sending Info now
[00:55:09] [Server thread/INFO] (Minecraft) [STDOUT]: LEN: 4
[00:55:09] [Server thread/INFO] (Minecraft) [STDOUT]: [1.0, 1.0, 1.0, 4.0]
[00:55:09] [Server thread/INFO] (Minecraft) [STDOUT]: Sending Info now
[00:55:09] [Server thread/INFO] (Minecraft) [STDOUT]: LEN: 4
[00:55:09] [Server thread/INFO] (Minecraft) [STDOUT]: [1.0, 1.0, 1.0, 4.0]
[00:55:09] [Server thread/INFO] (Minecraft) [STDOUT]: Sending Info now
[00:55:09] [Server thread/INFO] (Minecraft) [STDOUT]: LEN: 4
[00:55:09] [Server thread/INFO] (Minecraft) [STDOUT]: [1.0, 1.0, 1.0, 4.0]
[00:55:10] [Server thread/INFO] (Minecraft) [STDOUT]: Sending Info now
[00:55:10] [Server thread/INFO] (Minecraft) [STDOUT]: LEN: 4
[00:55:10] [Server thread/INFO] (Minecraft) [STDOUT]: [1.0, 1.0, 1.0, 4.0]
[00:55:10] [Server thread/INFO] (Minecraft) [STDOUT]: Sending Info now
[00:55:10] [Server thread/INFO] (Minecraft) [STDOUT]: LEN: 4
[00:55:10] [Server thread/INFO] (Minecraft) [STDOUT]: [1.0, 1.0, 1.0, 4.0]
[00:55:10] [Server thread/INFO] (Minecraft) [STDOUT]: Sending Info now
[00:55:10] [Server thread/INFO] (Minecraft) [STDOUT]: LEN: 4
[00:55:10] [Server thread/INFO] (Minecraft) [STDOUT]: [1.0, 1.0, 1.0, 4.0]
[00:55:10] [Server thread/INFO] (Minecraft) [STDOUT]: Sending Info now
[00:55:10] [Server thread/INFO] (Minecraft) [STDOUT]: LEN: 4
[00:55:10] [Server thread/INFO] (Minecraft) [STDOUT]: [1.0, 1.0, 1.0, 4.0]
[00:55:10] [Server thread/INFO] (Minecraft) [STDOUT]: Sending Info now
[00:55:10] [Server thread/INFO] (Minecraft) [STDOUT]: LEN: 4
[00:55:10] [Server thread/INFO] (Minecraft) [STDOUT]: [1.0, 1.0, 1.0, 4.0]
[00:55:10] [Server thread/INFO] (Minecraft) [STDOUT]: Sending Info now
[00:55:10] [Server thread/INFO] (Minecraft) [STDOUT]: LEN: 4
[00:55:10] [Server thread/INFO] (Minecraft) [STDOUT]: [1.0, 1.0, 1.0, 4.0]
[00:55:10] [Server thread/INFO] (Minecraft) [STDOUT]: Sending Info now
[00:55:10] [Server thread/INFO] (Minecraft) [STDOUT]: LEN: 4
[00:55:10] [Server thread/INFO] (Minecraft) [STDOUT]: [1.0, 1.0, 1.0, 4.0]
[00:55:10] [Server thread/INFO] (Minecraft) [STDOUT]: Sending Info now
[00:55:10] [Server thread/INFO] (Minecraft) [STDOUT]: LEN: 4
[00:55:10] [Server thread/INFO] (Minecraft) [STDOUT]: [1.0, 1.0, 1.0, 4.0]
[00:55:10] [Server thread/INFO] (Minecraft) [STDOUT]: Sending Info now
[00:55:10] [Server thread/INFO] (Minecraft) [STDOUT]: LEN: 4
[00:55:10] [Server thread/INFO] (Minecraft) [STDOUT]: [1.0, 1.0, 1.0, 4.0]
[00:55:10] [Server thread/INFO] (Minecraft) [STDOUT]: Sending Info now
[00:55:10] [Server thread/INFO] (Minecraft) [STDOUT]: LEN: 4
[00:55:10] [Server thread/INFO] (Minecraft) [STDOUT]: [1.0, 1.0, 1.0, 4.0]
[00:55:11] [Server thread/INFO] (Minecraft) [STDOUT]: Sending Info now
[00:55:11] [Server thread/INFO] (Minecraft) [STDOUT]: LEN: 4
[00:55:11] [Server thread/INFO] (Minecraft) [STDOUT]: [1.0, 1.0, 1.0, 4.0]
[00:55:11] [Server thread/INFO] (Minecraft) [STDOUT]: Sending Info now
[00:55:11] [Server thread/INFO] (Minecraft) [STDOUT]: LEN: 4
[00:55:11] [Server thread/INFO] (Minecraft) [STDOUT]: [1.0, 1.0, 1.0, 4.0]
[00:55:11] [Server thread/INFO] (Minecraft) [STDOUT]: Sending Info now
[00:55:11] [Server thread/INFO] (Minecraft) [STDOUT]: LEN: 4
[00:55:11] [Server thread/INFO] (Minecraft) [STDOUT]: [1.0, 1.0, 1.0, 4.0]
[00:55:11] [Server thread/INFO] (Minecraft) [STDOUT]: Sending Info now
[00:55:11] [Server thread/INFO] (Minecraft) [STDOUT]: LEN: 4
[00:55:11] [Server thread/INFO] (Minecraft) [STDOUT]: [1.0, 1.0, 1.0, 4.0]
[00:55:11] [Server thread/INFO] (Minecraft) [STDOUT]: Sending Info now
[00:55:11] [Server thread/INFO] (Minecraft) [STDOUT]: LEN: 4
[00:55:11] [Server thread/INFO] (Minecraft) [STDOUT]: [1.0, 1.0, 1.0, 4.0]
[00:55:11] [Server thread/INFO] (Minecraft) [STDOUT]: Sending Info now
[00:55:11] [Server thread/INFO] (Minecraft) [STDOUT]: LEN: 4
[00:55:11] [Server thread/INFO] (Minecraft) [STDOUT]: [1.0, 1.0, 1.0, 4.0]
[00:55:11] [Server thread/INFO] (Minecraft) [STDOUT]: Sending Info now
[00:55:11] [Server thread/INFO] (Minecraft) [STDOUT]: LEN: 4
[00:55:11] [Server thread/INFO] (Minecraft) [STDOUT]: [1.0, 1.0, 1.0, 4.0]
[00:55:11] [Server thread/INFO] (Minecraft) [STDOUT]: Sending Info now
[00:55:11] [Server thread/INFO] (Minecraft) [STDOUT]: LEN: 4
[00:55:11] [Server thread/INFO] (Minecraft) [STDOUT]: [1.0, 1.0, 1.0, 4.0]
[00:55:11] [Server thread/INFO] (Minecraft) [STDOUT]: Sending Info now
[00:55:11] [Server thread/INFO] (Minecraft) [STDOUT]: LEN: 4
[00:55:11] [Server thread/INFO] (Minecraft) [STDOUT]: [1.0, 1.0, 1.0, 4.0]
[00:55:11] [Server thread/INFO] (Minecraft) [STDOUT]: Sending Info now
[00:55:11] [Server thread/INFO] (Minecraft) [STDOUT]: LEN: 4
[00:55:11] [Server thread/INFO] (Minecraft) [STDOUT]: [1.0, 1.0, 1.0, 4.0]
[00:55:12] [Server thread/INFO] (Minecraft) [STDOUT]: Sending Info now
[00:55:12] [Server thread/INFO] (Minecraft) [STDOUT]: LEN: 4
[00:55:12] [Server thread/INFO] (Minecraft) [STDOUT]: [1.0, 1.0, 1.0, 4.0]
[00:55:12] [Server thread/INFO] (Minecraft) [STDOUT]: Sending Info now
[00:55:12] [Server thread/INFO] (Minecraft) [STDOUT]: LEN: 4
[00:55:12] [Server thread/INFO] (Minecraft) [STDOUT]: [1.0, 1.0, 1.0, 4.0]
[00:55:12] [Server thread/INFO] (Minecraft) [STDOUT]: Sending Info now
[00:55:12] [Server thread/INFO] (Minecraft) [STDOUT]: LEN: 4
[00:55:12] [Server thread/INFO] (Minecraft) [STDOUT]: [1.0, 1.0, 1.0, 4.0]
[00:55:12] [Server thread/INFO] (Minecraft) [STDOUT]: Sending Info now
[00:55:12] [Server thread/INFO] (Minecraft) [STDOUT]: LEN: 4
[00:55:12] [Server thread/INFO] (Minecraft) [STDOUT]: [1.0, 1.0, 1.0, 4.0]
[00:55:12] [Server thread/INFO] (Minecraft) [STDOUT]: Sending Info now
[00:55:12] [Server thread/INFO] (Minecraft) [STDOUT]: LEN: 4
[00:55:12] [Server thread/INFO] (Minecraft) [STDOUT]: [1.0, 1.0, 1.0, 4.0]
[00:55:12] [Server thread/INFO] (Minecraft) [STDOUT]: Sending Info now
[00:55:12] [Server thread/INFO] (Minecraft) [STDOUT]: LEN: 4
[00:55:12] [Server thread/INFO] (Minecraft) [STDOUT]: [1.0, 1.0, 1.0, 4.0]
[00:55:12] [Server thread/INFO] (Minecraft) [STDOUT]: Sending Info now
[00:55:12] [Server thread/INFO] (Minecraft) [STDOUT]: LEN: 4
[00:55:12] [Server thread/INFO] (Minecraft) [STDOUT]: [1.0, 1.0, 1.0, 4.0]
[00:55:12] [Server thread/INFO] (Minecraft) [STDOUT]: Sending Info now
[00:55:12] [Server thread/INFO] (Minecraft) [STDOUT]: LEN: 4
[00:55:12] [Server thread/INFO] (Minecraft) [STDOUT]: [1.0, 1.0, 1.0, 4.0]
[00:55:12] [Server thread/INFO] (Minecraft) [STDOUT]: Sending Info now
[00:55:12] [Server thread/INFO] (Minecraft) [STDOUT]: LEN: 4
[00:55:12] [Server thread/INFO] (Minecraft) [STDOUT]: [1.0, 1.0, 1.0, 4.0]
[00:55:12] [Server thread/INFO] (Minecraft) [STDOUT]: Sending Info now
[00:55:12] [Server thread/INFO] (Minecraft) [STDOUT]: LEN: 4
[00:55:12] [Server thread/INFO] (Minecraft) [STDOUT]: [1.0, 1.0, 1.0, 4.0]
[00:55:13] [Server thread/INFO] (Minecraft) [STDOUT]: Sending Info now
[00:55:13] [Server thread/INFO] (Minecraft) [STDOUT]: LEN: 4
[00:55:13] [Server thread/INFO] (Minecraft) [STDOUT]: [1.0, 1.0, 1.0, 4.0]
[00:55:13] [Server thread/INFO] (Minecraft) [STDOUT]: Sending Info now
[00:55:13] [Server thread/INFO] (Minecraft) [STDOUT]: LEN: 4
[00:55:13] [Server thread/INFO] (Minecraft) [STDOUT]: [1.0, 1.0, 1.0, 4.0]
[00:55:13] [Server thread/INFO] (Minecraft) [STDOUT]: Sending Info now
[00:55:13] [Server thread/INFO] (Minecraft) [STDOUT]: LEN: 4
[00:55:13] [Server thread/INFO] (Minecraft) [STDOUT]: [1.0, 1.0, 1.0, 4.0]
[00:55:13] [Server thread/INFO] (Minecraft) [STDOUT]: Sending Info now
[00:55:13] [Server thread/INFO] (Minecraft) [STDOUT]: LEN: 4
[00:55:13] [Server thread/INFO] (Minecraft) [STDOUT]: [1.0, 1.0, 1.0, 4.0]
[00:55:13] [Server thread/INFO] (Minecraft) [STDOUT]: Sending Info now
[00:55:13] [Server thread/INFO] (Minecraft) [STDOUT]: LEN: 4
[00:55:13] [Server thread/INFO] (Minecraft) [STDOUT]: [1.0, 1.0, 1.0, 4.0]
[00:55:13] [Server thread/INFO] (Minecraft) [STDOUT]: Sending Info now
[00:55:13] [Server thread/INFO] (Minecraft) [STDOUT]: LEN: 4
[00:55:13] [Server thread/INFO] (Minecraft) [STDOUT]: [1.0, 1.0, 1.0, 4.0]
[00:55:13] [Server thread/INFO] (Minecraft) [STDOUT]: Sending Info now
[00:55:13] [Server thread/INFO] (Minecraft) [STDOUT]: LEN: 4
[00:55:13] [Server thread/INFO] (Minecraft) [STDOUT]: [1.0, 1.0, 1.0, 4.0]
[00:55:13] [Server thread/INFO] (Minecraft) [STDOUT]: Sending Info now
[00:55:13] [Server thread/INFO] (Minecraft) [STDOUT]: LEN: 4
[00:55:13] [Server thread/INFO] (Minecraft) [STDOUT]: [1.0, 1.0, 1.0, 4.0]
[00:55:13] [Server thread/INFO] (Minecraft) [STDOUT]: Sending Info now
[00:55:13] [Server thread/INFO] (Minecraft) [STDOUT]: LEN: 4
[00:55:13] [Server thread/INFO] (Minecraft) [STDOUT]: [1.0, 1.0, 1.0, 4.0]
[00:55:13] [Server thread/INFO] (Minecraft) [STDOUT]: Sending Info now
[00:55:13] [Server thread/INFO] (Minecraft) [STDOUT]: LEN: 4
[00:55:13] [Server thread/INFO] (Minecraft) [STDOUT]: [1.0, 1.0, 1.0, 4.0]
[00:55:14] [Server thread/INFO] (Minecraft) [STDOUT]: Sending Info now
[00:55:14] [Server thread/INFO] (Minecraft) [STDOUT]: LEN: 4
[00:55:14] [Server thread/INFO] (Minecraft) [STDOUT]: [1.0, 1.0, 1.0, 4.0]
[00:55:14] [Server thread/INFO] (Minecraft) [STDOUT]: Sending Info now
[00:55:14] [Server thread/INFO] (Minecraft) [STDOUT]: LEN: 4
[00:55:14] [Server thread/INFO] (Minecraft) [STDOUT]: [1.0, 1.0, 1.0, 4.0]
[00:55:14] [Server thread/INFO] (Minecraft) [STDOUT]: Sending Info now
[00:55:14] [Server thread/INFO] (Minecraft) [STDOUT]: LEN: 4
[00:55:14] [Server thread/INFO] (Minecraft) [STDOUT]: [1.0, 1.0, 1.0, 4.0]
[00:55:14] [Server thread/INFO] (Minecraft) [STDOUT]: Sending Info now
[00:55:14] [Server thread/INFO] (Minecraft) [STDOUT]: LEN: 4
[00:55:14] [Server thread/INFO] (Minecraft) [STDOUT]: [1.0, 1.0, 1.0, 4.0]
[00:55:14] [Server thread/INFO] (Minecraft) [STDOUT]: Sending Info now
[00:55:14] [Server thread/INFO] (Minecraft) [STDOUT]: LEN: 4
[00:55:14] [Server thread/INFO] (Minecraft) [STDOUT]: [1.0, 1.0, 1.0, 4.0]
[00:55:14] [Server thread/INFO] (Minecraft) [STDOUT]: Sending Info now
[00:55:14] [Server thread/INFO] (Minecraft) [STDOUT]: LEN: 4
[00:55:14] [Server thread/INFO] (Minecraft) [STDOUT]: [1.0, 1.0, 1.0, 4.0]
[00:55:14] [Server thread/INFO] (Minecraft) [STDOUT]: Sending Info now
[00:55:14] [Server thread/INFO] (Minecraft) [STDOUT]: LEN: 4
[00:55:14] [Server thread/INFO] (Minecraft) [STDOUT]: [1.0, 1.0, 1.0, 4.0]
[00:55:14] [Server thread/INFO] (Minecraft) [STDOUT]: Sending Info now
[00:55:14] [Server thread/INFO] (Minecraft) [STDOUT]: LEN: 4
[00:55:14] [Server thread/INFO] (Minecraft) [STDOUT]: [1.0, 1.0, 1.0, 4.0]
[00:55:14] [Server thread/INFO] (Minecraft) [STDOUT]: Sending Info now
[00:55:14] [Server thread/INFO] (Minecraft) [STDOUT]: LEN: 4
[00:55:14] [Server thread/INFO] (Minecraft) [STDOUT]: [1.0, 1.0, 1.0, 4.0]
[00:55:14] [Server thread/INFO] (Minecraft) [STDOUT]: Sending Info now
[00:55:14] [Server thread/INFO] (Minecraft) [STDOUT]: LEN: 4
[00:55:14] [Server thread/INFO] (Minecraft) [STDOUT]: [1.0, 1.0, 1.0, 4.0]
[00:55:15] [Server thread/INFO] (Minecraft) [STDOUT]: Sending Info now
[00:55:15] [Server thread/INFO] (Minecraft) [STDOUT]: LEN: 4
[00:55:15] [Server thread/INFO] (Minecraft) [STDOUT]: [1.0, 1.0, 1.0, 4.0]
[00:55:15] [Server thread/INFO] (Minecraft) [STDOUT]: Sending Info now
[00:55:15] [Server thread/INFO] (Minecraft) [STDOUT]: LEN: 4
[00:55:15] [Server thread/INFO] (Minecraft) [STDOUT]: [1.0, 1.0, 1.0, 4.0]
[00:55:15] [Server thread/INFO] (Minecraft) [STDOUT]: Sending Info now
[00:55:15] [Server thread/INFO] (Minecraft) [STDOUT]: LEN: 4
[00:55:15] [Server thread/INFO] (Minecraft) [STDOUT]: [1.0, 1.0, 1.0, 4.0]
[00:55:15] [Server thread/INFO] (Minecraft) [STDOUT]: Sending Info now
[00:55:15] [Server thread/INFO] (Minecraft) [STDOUT]: LEN: 4
[00:55:15] [Server thread/INFO] (Minecraft) [STDOUT]: [1.0, 1.0, 1.0, 4.0]
[00:55:15] [Server thread/INFO] (Minecraft) [STDOUT]: Sending Info now
[00:55:15] [Server thread/INFO] (Minecraft) [STDOUT]: LEN: 4
[00:55:15] [Server thread/INFO] (Minecraft) [STDOUT]: [1.0, 1.0, 1.0, 4.0]
[00:55:15] [Server thread/INFO] (Minecraft) [STDOUT]: Sending Info now
[00:55:15] [Server thread/INFO] (Minecraft) [STDOUT]: LEN: 4
[00:55:15] [Server thread/INFO] (Minecraft) [STDOUT]: [1.0, 1.0, 1.0, 4.0]
[00:55:15] [Server thread/INFO] (Minecraft) [STDOUT]: Sending Info now
[00:55:15] [Server thread/INFO] (Minecraft) [STDOUT]: LEN: 4
[00:55:15] [Server thread/INFO] (Minecraft) [STDOUT]: [1.0, 1.0, 1.0, 4.0]
[00:55:15] [Server thread/INFO] (Minecraft) [STDOUT]: Sending Info now
[00:55:15] [Server thread/INFO] (Minecraft) [STDOUT]: LEN: 4
[00:55:15] [Server thread/INFO] (Minecraft) [STDOUT]: [1.0, 1.0, 1.0, 4.0]
[00:55:15] [Server thread/INFO] (Minecraft) [STDOUT]: Sending Info now
[00:55:15] [Server thread/INFO] (Minecraft) [STDOUT]: LEN: 4
[00:55:15] [Server thread/INFO] (Minecraft) [STDOUT]: [1.0, 1.0, 1.0, 4.0]
[00:55:15] [Server thread/INFO] (Minecraft) [STDOUT]: Sending Info now
[00:55:15] [Server thread/INFO] (Minecraft) [STDOUT]: LEN: 4
[00:55:15] [Server thread/INFO] (Minecraft) [STDOUT]: [1.0, 1.0, 1.0, 4.0]
[00:55:16] [Server thread/INFO] (Minecraft) [STDOUT]: Sending Info now
[00:55:16] [Server thread/INFO] (Minecraft) [STDOUT]: LEN: 4
[00:55:16] [Server thread/INFO] (Minecraft) [STDOUT]: [1.0, 1.0, 1.0, 4.0]
[00:55:16] [Server thread/INFO] (Minecraft) [STDOUT]: Sending Info now
[00:55:16] [Server thread/INFO] (Minecraft) [STDOUT]: LEN: 4
[00:55:16] [Server thread/INFO] (Minecraft) [STDOUT]: [1.0, 1.0, 1.0, 4.0]
[00:55:16] [Server thread/INFO] (Minecraft) [STDOUT]: Sending Info now
[00:55:16] [Server thread/INFO] (Minecraft) [STDOUT]: LEN: 4
[00:55:16] [Server thread/INFO] (Minecraft) [STDOUT]: [1.0, 1.0, 1.0, 4.0]
[00:55:16] [Server thread/INFO] (Minecraft) [STDOUT]: Sending Info now
[00:55:16] [Server thread/INFO] (Minecraft) [STDOUT]: LEN: 4
[00:55:16] [Server thread/INFO] (Minecraft) [STDOUT]: [1.0, 1.0, 1.0, 4.0]
[00:55:16] [Server thread/INFO] (Minecraft) [STDOUT]: Sending Info now
[00:55:16] [Server thread/INFO] (Minecraft) [STDOUT]: LEN: 4
[00:55:16] [Server thread/INFO] (Minecraft) [STDOUT]: [1.0, 1.0, 1.0, 4.0]
[00:55:16] [Server thread/INFO] (Minecraft) [STDOUT]: Sending Info now
[00:55:16] [Server thread/INFO] (Minecraft) [STDOUT]: LEN: 4
[00:55:16] [Server thread/INFO] (Minecraft) [STDOUT]: [1.0, 1.0, 1.0, 4.0]
[00:55:16] [Server thread/INFO] (Minecraft) [STDOUT]: Sending Info now
[00:55:16] [Server thread/INFO] (Minecraft) [STDOUT]: LEN: 4
[00:55:16] [Server thread/INFO] (Minecraft) [STDOUT]: [1.0, 1.0, 1.0, 4.0]
[00:55:16] [Server thread/INFO] (Minecraft) [STDOUT]: Sending Info now
[00:55:16] [Server thread/INFO] (Minecraft) [STDOUT]: LEN: 4
[00:55:16] [Server thread/INFO] (Minecraft) [STDOUT]: [1.0, 1.0, 1.0, 4.0]
[00:55:16] [Server thread/INFO] (Minecraft) [STDOUT]: Sending Info now
[00:55:16] [Server thread/INFO] (Minecraft) [STDOUT]: LEN: 4
[00:55:16] [Server thread/INFO] (Minecraft) [STDOUT]: [1.0, 1.0, 1.0, 4.0]
[00:55:16] [Server thread/INFO] (Minecraft) [STDOUT]: Sending Info now
[00:55:16] [Server thread/INFO] (Minecraft) [STDOUT]: LEN: 4
[00:55:16] [Server thread/INFO] (Minecraft) [STDOUT]: [1.0, 1.0, 1.0, 4.0]
[00:55:17] [Server thread/INFO] (Minecraft) [STDOUT]: Sending Info now
[00:55:17] [Server thread/INFO] (Minecraft) [STDOUT]: LEN: 4
[00:55:17] [Server thread/INFO] (Minecraft) [STDOUT]: [1.0, 1.0, 1.0, 4.0]
[00:55:17] [Server thread/INFO] (Minecraft) [STDOUT]: Sending Info now
[00:55:17] [Server thread/INFO] (Minecraft) [STDOUT]: LEN: 4
[00:55:17] [Server thread/INFO] (Minecraft) [STDOUT]: [1.0, 1.0, 1.0, 4.0]
[00:55:17] [Server thread/INFO] (Minecraft) [STDOUT]: Sending Info now
[00:55:17] [Server thread/INFO] (Minecraft) [STDOUT]: LEN: 4
[00:55:17] [Server thread/INFO] (Minecraft) [STDOUT]: [1.0, 1.0, 1.0, 4.0]
[00:55:17] [Server thread/INFO] (Minecraft) [STDOUT]: Sending Info now
[00:55:17] [Server thread/INFO] (Minecraft) [STDOUT]: LEN: 4
[00:55:17] [Server thread/INFO] (Minecraft) [STDOUT]: [1.0, 1.0, 1.0, 4.0]
[00:55:17] [Server thread/INFO] (Minecraft) [STDOUT]: Sending Info now
[00:55:17] [Server thread/INFO] (Minecraft) [STDOUT]: LEN: 4
[00:55:17] [Server thread/INFO] (Minecraft) [STDOUT]: [1.0, 1.0, 1.0, 4.0]
[00:55:17] [Server thread/INFO] (Minecraft) [STDOUT]: Sending Info now
[00:55:17] [Server thread/INFO] (Minecraft) [STDOUT]: LEN: 4
[00:55:17] [Server thread/INFO] (Minecraft) [STDOUT]: [1.0, 1.0, 1.0, 4.0]
[00:55:17] [Server thread/INFO] (Minecraft) [STDOUT]: Sending Info now
[00:55:17] [Server thread/INFO] (Minecraft) [STDOUT]: LEN: 4
[00:55:17] [Server thread/INFO] (Minecraft) [STDOUT]: [1.0, 1.0, 1.0, 4.0]
[00:55:17] [Server thread/INFO] (Minecraft) [STDOUT]: Sending Info now
[00:55:17] [Server thread/INFO] (Minecraft) [STDOUT]: LEN: 4
[00:55:17] [Server thread/INFO] (Minecraft) [STDOUT]: [1.0, 1.0, 1.0, 4.0]
[00:55:17] [Server thread/INFO] (Minecraft) [STDOUT]: Sending Info now
[00:55:17] [Server thread/INFO] (Minecraft) [STDOUT]: LEN: 4
[00:55:17] [Server thread/INFO] (Minecraft) [STDOUT]: [1.0, 1.0, 1.0, 4.0]
[00:55:17] [Server thread/INFO] (Minecraft) [STDOUT]: Sending Info now
[00:55:17] [Server thread/INFO] (Minecraft) [STDOUT]: LEN: 4
[00:55:17] [Server thread/INFO] (Minecraft) [STDOUT]: [1.0, 1.0, 1.0, 4.0]
[00:55:18] [Server thread/INFO] (Minecraft) [STDOUT]: Sending Info now
[00:55:18] [Server thread/INFO] (Minecraft) [STDOUT]: LEN: 4
[00:55:18] [Server thread/INFO] (Minecraft) [STDOUT]: [1.0, 1.0, 1.0, 4.0]
[00:55:18] [Server thread/INFO] (Minecraft) [STDOUT]: Sending Info now
[00:55:18] [Server thread/INFO] (Minecraft) [STDOUT]: LEN: 4
[00:55:18] [Server thread/INFO] (Minecraft) [STDOUT]: [1.0, 1.0, 1.0, 4.0]
[00:55:18] [Server thread/INFO] (Minecraft) [STDOUT]: Sending Info now
[00:55:18] [Server thread/INFO] (Minecraft) [STDOUT]: LEN: 4
[00:55:18] [Server thread/INFO] (Minecraft) [STDOUT]: [1.0, 1.0, 1.0, 4.0]
[00:55:18] [Server thread/INFO] (Minecraft) [STDOUT]: Sending Info now
[00:55:18] [Server thread/INFO] (Minecraft) [STDOUT]: LEN: 4
[00:55:18] [Server thread/INFO] (Minecraft) [STDOUT]: [1.0, 1.0, 1.0, 4.0]
[00:55:18] [Server thread/INFO] (Minecraft) [STDOUT]: Sending Info now
[00:55:18] [Server thread/INFO] (Minecraft) [STDOUT]: LEN: 4
[00:55:18] [Server thread/INFO] (Minecraft) [STDOUT]: [1.0, 1.0, 1.0, 4.0]
[00:55:18] [Server thread/INFO] (Minecraft) [STDOUT]: Sending Info now
[00:55:18] [Server thread/INFO] (Minecraft) [STDOUT]: LEN: 4
[00:55:18] [Server thread/INFO] (Minecraft) [STDOUT]: [1.0, 1.0, 1.0, 4.0]
[00:55:18] [Server thread/INFO] (Minecraft) [STDOUT]: Sending Info now
[00:55:18] [Server thread/INFO] (Minecraft) [STDOUT]: LEN: 4
[00:55:18] [Server thread/INFO] (Minecraft) [STDOUT]: [1.0, 1.0, 1.0, 4.0]
[00:55:18] [Server thread/INFO] (Minecraft) [STDOUT]: Sending Info now
[00:55:18] [Server thread/INFO] (Minecraft) [STDOUT]: LEN: 4
[00:55:18] [Server thread/INFO] (Minecraft) [STDOUT]: [1.0, 1.0, 1.0, 4.0]
[00:55:18] [Server thread/INFO] (Minecraft) [STDOUT]: Sending Info now
[00:55:18] [Server thread/INFO] (Minecraft) [STDOUT]: LEN: 4
[00:55:18] [Server thread/INFO] (Minecraft) [STDOUT]: [1.0, 1.0, 1.0, 4.0]
[00:55:18] [Server thread/INFO] (Minecraft) [STDOUT]: Sending Info now
[00:55:18] [Server thread/INFO] (Minecraft) [STDOUT]: LEN: 4
[00:55:18] [Server thread/INFO] (Minecraft) [STDOUT]: [1.0, 1.0, 1.0, 4.0]
[00:55:19] [Server thread/INFO] (Minecraft) [STDOUT]: Sending Info now
[00:55:19] [Server thread/INFO] (Minecraft) [STDOUT]: LEN: 4
[00:55:19] [Server thread/INFO] (Minecraft) [STDOUT]: [1.0, 1.0, 1.0, 4.0]
[00:55:19] [Server thread/INFO] (Minecraft) [STDOUT]: Sending Info now
[00:55:19] [Server thread/INFO] (Minecraft) [STDOUT]: LEN: 4
[00:55:19] [Server thread/INFO] (Minecraft) [STDOUT]: [1.0, 1.0, 1.0, 4.0]
[00:55:19] [Server thread/INFO] (Minecraft) [STDOUT]: Sending Info now
[00:55:19] [Server thread/INFO] (Minecraft) [STDOUT]: LEN: 4
[00:55:19] [Server thread/INFO] (Minecraft) [STDOUT]: [1.0, 1.0, 1.0, 4.0]
[00:55:19] [Server thread/INFO] (Minecraft) [STDOUT]: Sending Info now
[00:55:19] [Server thread/INFO] (Minecraft) [STDOUT]: LEN: 4
[00:55:19] [Server thread/INFO] (Minecraft) [STDOUT]: [1.0, 1.0, 1.0, 4.0]
[00:55:19] [Server thread/INFO] (Minecraft) [STDOUT]: Sending Info now
[00:55:19] [Server thread/INFO] (Minecraft) [STDOUT]: LEN: 4
[00:55:19] [Server thread/INFO] (Minecraft) [STDOUT]: [1.0, 1.0, 1.0, 4.0]
[00:55:19] [Server thread/INFO] (Minecraft) [STDOUT]: Sending Info now
[00:55:19] [Server thread/INFO] (Minecraft) [STDOUT]: LEN: 4
[00:55:19] [Server thread/INFO] (Minecraft) [STDOUT]: [1.0, 1.0, 1.0, 4.0]
[00:55:19] [Server thread/INFO] (Minecraft) [STDOUT]: Sending Info now
[00:55:19] [Server thread/INFO] (Minecraft) [STDOUT]: LEN: 4
[00:55:19] [Server thread/INFO] (Minecraft) [STDOUT]: [1.0, 1.0, 1.0, 4.0]
[00:55:19] [Server thread/INFO] (Minecraft) [STDOUT]: Sending Info now
[00:55:19] [Server thread/INFO] (Minecraft) [STDOUT]: LEN: 4
[00:55:19] [Server thread/INFO] (Minecraft) [STDOUT]: [1.0, 1.0, 1.0, 4.0]
[00:55:19] [Server thread/INFO] (Minecraft) [STDOUT]: Sending Info now
[00:55:19] [Server thread/INFO] (Minecraft) [STDOUT]: LEN: 4
[00:55:19] [Server thread/INFO] (Minecraft) [STDOUT]: [1.0, 1.0, 1.0, 4.0]
[00:55:19] [Server thread/INFO] (Minecraft) [STDOUT]: Sending Info now
[00:55:19] [Server thread/INFO] (Minecraft) [STDOUT]: LEN: 4
[00:55:19] [Server thread/INFO] (Minecraft) [STDOUT]: [1.0, 1.0, 1.0, 4.0]
[00:55:20] [Server thread/INFO] (Minecraft) [STDOUT]: Sending Info now
[00:55:20] [Server thread/INFO] (Minecraft) [STDOUT]: LEN: 4
[00:55:20] [Server thread/INFO] (Minecraft) [STDOUT]: [1.0, 1.0, 1.0, 4.0]
[00:55:20] [Server thread/INFO] (Minecraft) [STDOUT]: Sending Info now
[00:55:20] [Server thread/INFO] (Minecraft) [STDOUT]: LEN: 4
[00:55:20] [Server thread/INFO] (Minecraft) [STDOUT]: [1.0, 1.0, 1.0, 4.0]
[00:55:20] [Server thread/INFO] (Minecraft) [STDOUT]: Sending Info now
[00:55:20] [Server thread/INFO] (Minecraft) [STDOUT]: LEN: 4
[00:55:20] [Server thread/INFO] (Minecraft) [STDOUT]: [1.0, 1.0, 1.0, 4.0]
[00:55:20] [Server thread/INFO] (Minecraft) [STDOUT]: Sending Info now
[00:55:20] [Server thread/INFO] (Minecraft) [STDOUT]: LEN: 4
[00:55:20] [Server thread/INFO] (Minecraft) [STDOUT]: [1.0, 1.0, 1.0, 4.0]
[00:55:20] [Server thread/INFO] (Minecraft) [STDOUT]: Sending Info now
[00:55:20] [Server thread/INFO] (Minecraft) [STDOUT]: LEN: 4
[00:55:20] [Server thread/INFO] (Minecraft) [STDOUT]: [1.0, 1.0, 1.0, 4.0]
[00:55:20] [Server thread/INFO] (Minecraft) [STDOUT]: Sending Info now
[00:55:20] [Server thread/INFO] (Minecraft) [STDOUT]: LEN: 4
[00:55:20] [Server thread/INFO] (Minecraft) [STDOUT]: [1.0, 1.0, 1.0, 4.0]
[00:55:20] [Server thread/INFO] (Minecraft) [STDOUT]: Sending Info now
[00:55:20] [Server thread/INFO] (Minecraft) [STDOUT]: LEN: 4
[00:55:20] [Server thread/INFO] (Minecraft) [STDOUT]: [1.0, 1.0, 1.0, 4.0]
[00:55:20] [Server thread/INFO] (Minecraft) [STDOUT]: Sending Info now
[00:55:20] [Server thread/INFO] (Minecraft) [STDOUT]: LEN: 4
[00:55:20] [Server thread/INFO] (Minecraft) [STDOUT]: [1.0, 1.0, 1.0, 4.0]
[00:55:20] [Server thread/INFO] (Minecraft) [STDOUT]: Sending Info now
[00:55:20] [Server thread/INFO] (Minecraft) [STDOUT]: LEN: 4
[00:55:20] [Server thread/INFO] (Minecraft) [STDOUT]: [1.0, 1.0, 1.0, 4.0]
[00:55:20] [Server thread/INFO] (Minecraft) [STDOUT]: Sending Info now
[00:55:20] [Server thread/INFO] (Minecraft) [STDOUT]: LEN: 4
[00:55:20] [Server thread/INFO] (Minecraft) [STDOUT]: [1.0, 1.0, 1.0, 4.0]
[00:55:21] [Server thread/INFO] (Minecraft) [STDOUT]: Sending Info now
[00:55:21] [Server thread/INFO] (Minecraft) [STDOUT]: LEN: 4
[00:55:21] [Server thread/INFO] (Minecraft) [STDOUT]: [1.0, 1.0, 1.0, 4.0]
[00:55:21] [Server thread/INFO] (Minecraft) [STDOUT]: Sending Info now
[00:55:21] [Server thread/INFO] (Minecraft) [STDOUT]: LEN: 4
[00:55:21] [Server thread/INFO] (Minecraft) [STDOUT]: [1.0, 1.0, 1.0, 4.0]
[00:55:21] [Server thread/INFO] (Minecraft) [STDOUT]: Sending Info now
[00:55:21] [Server thread/INFO] (Minecraft) [STDOUT]: LEN: 4
[00:55:21] [Server thread/INFO] (Minecraft) [STDOUT]: [1.0, 1.0, 1.0, 4.0]
[00:55:21] [Server thread/INFO] (Minecraft) [STDOUT]: Sending Info now
[00:55:21] [Server thread/INFO] (Minecraft) [STDOUT]: LEN: 4
[00:55:21] [Server thread/INFO] (Minecraft) [STDOUT]: [1.0, 1.0, 1.0, 4.0]
[00:55:21] [Server thread/INFO] (Minecraft) [STDOUT]: Sending Info now
[00:55:21] [Server thread/INFO] (Minecraft) [STDOUT]: LEN: 4
[00:55:21] [Server thread/INFO] (Minecraft) [STDOUT]: [1.0, 1.0, 1.0, 4.0]
[00:55:21] [Server thread/INFO] (Minecraft) [STDOUT]: Sending Info now
[00:55:21] [Server thread/INFO] (Minecraft) [STDOUT]: LEN: 4
[00:55:21] [Server thread/INFO] (Minecraft) [STDOUT]: [1.0, 1.0, 1.0, 4.0]
[00:55:21] [Server thread/INFO] (Minecraft) [STDOUT]: Sending Info now
[00:55:21] [Server thread/INFO] (Minecraft) [STDOUT]: LEN: 4
[00:55:21] [Server thread/INFO] (Minecraft) [STDOUT]: [1.0, 1.0, 1.0, 4.0]
[00:55:21] [Server thread/INFO] (Minecraft) [STDOUT]: Sending Info now
[00:55:21] [Server thread/INFO] (Minecraft) [STDOUT]: LEN: 4
[00:55:21] [Server thread/INFO] (Minecraft) [STDOUT]: [1.0, 1.0, 1.0, 4.0]
[00:55:21] [Server thread/INFO] (Minecraft) [STDOUT]: Sending Info now
[00:55:21] [Server thread/INFO] (Minecraft) [STDOUT]: LEN: 4
[00:55:21] [Server thread/INFO] (Minecraft) [STDOUT]: [1.0, 1.0, 1.0, 4.0]
[00:55:21] [Server thread/INFO] (Minecraft) [STDOUT]: Sending Info now
[00:55:21] [Server thread/INFO] (Minecraft) [STDOUT]: LEN: 4
[00:55:21] [Server thread/INFO] (Minecraft) [STDOUT]: [1.0, 1.0, 1.0, 4.0]
[00:55:22] [Server thread/INFO] (Minecraft) [STDOUT]: Sending Info now
[00:55:22] [Server thread/INFO] (Minecraft) [STDOUT]: LEN: 4
[00:55:22] [Server thread/INFO] (Minecraft) [STDOUT]: [1.0, 1.0, 1.0, 4.0]
[00:55:22] [Server thread/INFO] (Minecraft) [STDOUT]: Sending Info now
[00:55:22] [Server thread/INFO] (Minecraft) [STDOUT]: LEN: 4
[00:55:22] [Server thread/INFO] (Minecraft) [STDOUT]: [1.0, 1.0, 1.0, 4.0]
[00:55:22] [Server thread/INFO] (Minecraft) [STDOUT]: Sending Info now
[00:55:22] [Server thread/INFO] (Minecraft) [STDOUT]: LEN: 4
[00:55:22] [Server thread/INFO] (Minecraft) [STDOUT]: [1.0, 1.0, 1.0, 4.0]
[00:55:22] [Server thread/INFO] (Minecraft) [STDOUT]: Sending Info now
[00:55:22] [Server thread/INFO] (Minecraft) [STDOUT]: LEN: 4
[00:55:22] [Server thread/INFO] (Minecraft) [STDOUT]: [1.0, 1.0, 1.0, 4.0]
[00:55:22] [Server thread/INFO] (Minecraft) [STDOUT]: Sending Info now
[00:55:22] [Server thread/INFO] (Minecraft) [STDOUT]: LEN: 4
[00:55:22] [Server thread/INFO] (Minecraft) [STDOUT]: [1.0, 1.0, 1.0, 4.0]
[00:55:22] [Server thread/INFO] (Minecraft) [STDOUT]: Sending Info now
[00:55:22] [Server thread/INFO] (Minecraft) [STDOUT]: LEN: 4
[00:55:22] [Server thread/INFO] (Minecraft) [STDOUT]: [1.0, 1.0, 1.0, 4.0]
[00:55:22] [Server thread/INFO] (Minecraft) [STDOUT]: Sending Info now
[00:55:22] [Server thread/INFO] (Minecraft) [STDOUT]: LEN: 4
[00:55:22] [Server thread/INFO] (Minecraft) [STDOUT]: [1.0, 1.0, 1.0, 4.0]
[00:55:22] [Server thread/INFO] (Minecraft) [STDOUT]: Sending Info now
[00:55:22] [Server thread/INFO] (Minecraft) [STDOUT]: LEN: 4
[00:55:22] [Server thread/INFO] (Minecraft) [STDOUT]: [1.0, 1.0, 1.0, 4.0]
[00:55:22] [Server thread/INFO] (Minecraft) [STDOUT]: Sending Info now
[00:55:22] [Server thread/INFO] (Minecraft) [STDOUT]: LEN: 4
[00:55:22] [Server thread/INFO] (Minecraft) [STDOUT]: [1.0, 1.0, 1.0, 4.0]
[00:55:22] [Server thread/INFO] (Minecraft) [STDOUT]: Sending Info now
[00:55:22] [Server thread/INFO] (Minecraft) [STDOUT]: LEN: 4
[00:55:22] [Server thread/INFO] (Minecraft) [STDOUT]: [1.0, 1.0, 1.0, 4.0]
[00:55:23] [Server thread/INFO] (Minecraft) [STDOUT]: Sending Info now
[00:55:23] [Server thread/INFO] (Minecraft) [STDOUT]: LEN: 4
[00:55:23] [Server thread/INFO] (Minecraft) [STDOUT]: [1.0, 1.0, 1.0, 4.0]
[00:55:23] [Server thread/INFO] (Minecraft) [STDOUT]: Sending Info now
[00:55:23] [Server thread/INFO] (Minecraft) [STDOUT]: LEN: 4
[00:55:23] [Server thread/INFO] (Minecraft) [STDOUT]: [1.0, 1.0, 1.0, 4.0]
[00:55:23] [Server thread/INFO] (Minecraft) [STDOUT]: Sending Info now
[00:55:23] [Server thread/INFO] (Minecraft) [STDOUT]: LEN: 4
[00:55:23] [Server thread/INFO] (Minecraft) [STDOUT]: [1.0, 1.0, 1.0, 4.0]
[00:55:23] [Server thread/INFO] (Minecraft) [STDOUT]: Sending Info now
[00:55:23] [Server thread/INFO] (Minecraft) [STDOUT]: LEN: 4
[00:55:23] [Server thread/INFO] (Minecraft) [STDOUT]: [1.0, 1.0, 1.0, 4.0]
[00:55:23] [Server thread/INFO] (Minecraft) [STDOUT]: Sending Info now
[00:55:23] [Server thread/INFO] (Minecraft) [STDOUT]: LEN: 4
[00:55:23] [Server thread/INFO] (Minecraft) [STDOUT]: [1.0, 1.0, 1.0, 4.0]
[00:55:23] [Server thread/INFO] (Minecraft) [STDOUT]: Sending Info now
[00:55:23] [Server thread/INFO] (Minecraft) [STDOUT]: LEN: 4
[00:55:23] [Server thread/INFO] (Minecraft) [STDOUT]: [1.0, 1.0, 1.0, 4.0]
[00:55:23] [Server thread/INFO] (Minecraft) [STDOUT]: Sending Info now
[00:55:23] [Server thread/INFO] (Minecraft) [STDOUT]: LEN: 4
[00:55:23] [Server thread/INFO] (Minecraft) [STDOUT]: [1.0, 1.0, 1.0, 4.0]
[00:55:23] [Server thread/INFO] (Minecraft) [STDOUT]: Sending Info now
[00:55:23] [Server thread/INFO] (Minecraft) [STDOUT]: LEN: 4
[00:55:23] [Server thread/INFO] (Minecraft) [STDOUT]: [1.0, 1.0, 1.0, 4.0]
[00:55:23] [Server thread/INFO] (Minecraft) [STDOUT]: Sending Info now
[00:55:23] [Server thread/INFO] (Minecraft) [STDOUT]: LEN: 4
[00:55:23] [Server thread/INFO] (Minecraft) [STDOUT]: [1.0, 1.0, 1.0, 4.0]
[00:55:23] [Server thread/INFO] (Minecraft) [STDOUT]: Sending Info now
[00:55:23] [Server thread/INFO] (Minecraft) [STDOUT]: LEN: 4
[00:55:23] [Server thread/INFO] (Minecraft) [STDOUT]: [1.0, 1.0, 1.0, 4.0]
[00:55:24] [Server thread/INFO] (Minecraft) [STDOUT]: Sending Info now
[00:55:24] [Server thread/INFO] (Minecraft) [STDOUT]: LEN: 4
[00:55:24] [Server thread/INFO] (Minecraft) [STDOUT]: [1.0, 1.0, 1.0, 4.0]
[00:55:24] [Server thread/INFO] (Minecraft) [STDOUT]: Sending Info now
[00:55:24] [Server thread/INFO] (Minecraft) [STDOUT]: LEN: 4
[00:55:24] [Server thread/INFO] (Minecraft) [STDOUT]: [1.0, 1.0, 1.0, 4.0]
[00:55:24] [Server thread/INFO] (Minecraft) [STDOUT]: Sending Info now
[00:55:24] [Server thread/INFO] (Minecraft) [STDOUT]: LEN: 4
[00:55:24] [Server thread/INFO] (Minecraft) [STDOUT]: [1.0, 1.0, 1.0, 4.0]
[00:55:24] [Server thread/INFO] (Minecraft) [STDOUT]: Sending Info now
[00:55:24] [Server thread/INFO] (Minecraft) [STDOUT]: LEN: 4
[00:55:24] [Server thread/INFO] (Minecraft) [STDOUT]: [1.0, 1.0, 1.0, 4.0]
[00:55:24] [Server thread/INFO] (Minecraft) [STDOUT]: Sending Info now
[00:55:24] [Server thread/INFO] (Minecraft) [STDOUT]: LEN: 4
[00:55:24] [Server thread/INFO] (Minecraft) [STDOUT]: [1.0, 1.0, 1.0, 4.0]
[00:55:24] [Server thread/INFO] (Minecraft) [STDOUT]: Sending Info now
[00:55:24] [Server thread/INFO] (Minecraft) [STDOUT]: LEN: 4
[00:55:24] [Server thread/INFO] (Minecraft) [STDOUT]: [1.0, 1.0, 1.0, 4.0]
[00:55:24] [Server thread/INFO] (Minecraft) [STDOUT]: Sending Info now
[00:55:24] [Server thread/INFO] (Minecraft) [STDOUT]: LEN: 4
[00:55:24] [Server thread/INFO] (Minecraft) [STDOUT]: [1.0, 1.0, 1.0, 4.0]
[00:55:24] [Server thread/INFO] (Minecraft) [STDOUT]: Sending Info now
[00:55:24] [Server thread/INFO] (Minecraft) [STDOUT]: LEN: 4
[00:55:24] [Server thread/INFO] (Minecraft) [STDOUT]: [1.0, 1.0, 1.0, 4.0]
[00:55:24] [Server thread/INFO] (Minecraft) [STDOUT]: Sending Info now
[00:55:24] [Server thread/INFO] (Minecraft) [STDOUT]: LEN: 4
[00:55:24] [Server thread/INFO] (Minecraft) [STDOUT]: [1.0, 1.0, 1.0, 4.0]
[00:55:24] [Server thread/INFO] (Minecraft) [STDOUT]: Sending Info now
[00:55:24] [Server thread/INFO] (Minecraft) [STDOUT]: LEN: 4
[00:55:24] [Server thread/INFO] (Minecraft) [STDOUT]: [1.0, 1.0, 1.0, 4.0]
[00:55:25] [Server thread/INFO] (Minecraft) [STDOUT]: Sending Info now
[00:55:25] [Server thread/INFO] (Minecraft) [STDOUT]: LEN: 4
[00:55:25] [Server thread/INFO] (Minecraft) [STDOUT]: [1.0, 1.0, 1.0, 4.0]
[00:55:25] [Server thread/INFO] (Minecraft) [STDOUT]: Sending Info now
[00:55:25] [Server thread/INFO] (Minecraft) [STDOUT]: LEN: 4
[00:55:25] [Server thread/INFO] (Minecraft) [STDOUT]: [1.0, 1.0, 1.0, 4.0]
[00:55:25] [Server thread/INFO] (Minecraft) [STDOUT]: Sending Info now
[00:55:25] [Server thread/INFO] (Minecraft) [STDOUT]: LEN: 4
[00:55:25] [Server thread/INFO] (Minecraft) [STDOUT]: [1.0, 1.0, 1.0, 4.0]
[00:55:25] [Server thread/INFO] (Minecraft) [STDOUT]: Sending Info now
[00:55:25] [Server thread/INFO] (Minecraft) [STDOUT]: LEN: 4
[00:55:25] [Server thread/INFO] (Minecraft) [STDOUT]: [1.0, 1.0, 1.0, 4.0]
[00:55:25] [Server thread/INFO] (Minecraft) [STDOUT]: Sending Info now
[00:55:25] [Server thread/INFO] (Minecraft) [STDOUT]: LEN: 4
[00:55:25] [Server thread/INFO] (Minecraft) [STDOUT]: [1.0, 1.0, 1.0, 4.0]
[00:55:25] [Server thread/INFO] (Minecraft) [STDOUT]: Sending Info now
[00:55:25] [Server thread/INFO] (Minecraft) [STDOUT]: LEN: 4
[00:55:25] [Server thread/INFO] (Minecraft) [STDOUT]: [1.0, 1.0, 1.0, 4.0]
[00:55:25] [Server thread/INFO] (Minecraft) [STDOUT]: Sending Info now
[00:55:25] [Server thread/INFO] (Minecraft) [STDOUT]: LEN: 4
[00:55:25] [Server thread/INFO] (Minecraft) [STDOUT]: [1.0, 1.0, 1.0, 4.0]
[00:55:25] [Server thread/INFO] (Minecraft) [STDOUT]: Sending Info now
[00:55:25] [Server thread/INFO] (Minecraft) [STDOUT]: LEN: 4
[00:55:25] [Server thread/INFO] (Minecraft) [STDOUT]: [1.0, 1.0, 1.0, 4.0]
[00:55:25] [Server thread/INFO] (Minecraft) [STDOUT]: Sending Info now
[00:55:25] [Server thread/INFO] (Minecraft) [STDOUT]: LEN: 4
[00:55:25] [Server thread/INFO] (Minecraft) [STDOUT]: [1.0, 1.0, 1.0, 4.0]
[00:55:25] [Server thread/INFO] (Minecraft) [STDOUT]: Sending Info now
[00:55:25] [Server thread/INFO] (Minecraft) [STDOUT]: LEN: 4
[00:55:25] [Server thread/INFO] (Minecraft) [STDOUT]: [1.0, 1.0, 1.0, 4.0]
[00:55:26] [Server thread/INFO] (Minecraft) [STDOUT]: Sending Info now
[00:55:26] [Server thread/INFO] (Minecraft) [STDOUT]: LEN: 4
[00:55:26] [Server thread/INFO] (Minecraft) [STDOUT]: [1.0, 1.0, 1.0, 4.0]
[00:55:26] [Server thread/INFO] (Minecraft) [STDOUT]: Sending Info now
[00:55:26] [Server thread/INFO] (Minecraft) [STDOUT]: LEN: 4
[00:55:26] [Server thread/INFO] (Minecraft) [STDOUT]: [1.0, 1.0, 1.0, 4.0]
[00:55:26] [Server thread/INFO] (Minecraft) [STDOUT]: Sending Info now
[00:55:26] [Server thread/INFO] (Minecraft) [STDOUT]: LEN: 4
[00:55:26] [Server thread/INFO] (Minecraft) [STDOUT]: [1.0, 1.0, 1.0, 4.0]
[00:55:26] [Server thread/INFO] (Minecraft) [STDOUT]: Sending Info now
[00:55:26] [Server thread/INFO] (Minecraft) [STDOUT]: LEN: 4
[00:55:26] [Server thread/INFO] (Minecraft) [STDOUT]: [1.0, 1.0, 1.0, 4.0]
[00:55:26] [Server thread/INFO] (Minecraft) [STDOUT]: Sending Info now
[00:55:26] [Server thread/INFO] (Minecraft) [STDOUT]: LEN: 4
[00:55:26] [Server thread/INFO] (Minecraft) [STDOUT]: [1.0, 1.0, 1.0, 4.0]
[00:55:26] [Server thread/INFO] (Minecraft) [STDOUT]: Sending Info now
[00:55:26] [Server thread/INFO] (Minecraft) [STDOUT]: LEN: 4
[00:55:26] [Server thread/INFO] (Minecraft) [STDOUT]: [1.0, 1.0, 1.0, 4.0]
[00:55:26] [Server thread/INFO] (Minecraft) [STDOUT]: Sending Info now
[00:55:26] [Server thread/INFO] (Minecraft) [STDOUT]: LEN: 4
[00:55:26] [Server thread/INFO] (Minecraft) [STDOUT]: [1.0, 1.0, 1.0, 4.0]
[00:55:26] [Server thread/INFO] (Minecraft) [STDOUT]: Sending Info now
[00:55:26] [Server thread/INFO] (Minecraft) [STDOUT]: LEN: 4
[00:55:26] [Server thread/INFO] (Minecraft) [STDOUT]: [1.0, 1.0, 1.0, 4.0]
[00:55:26] [Server thread/INFO] (Minecraft) [STDOUT]: Sending Info now
[00:55:26] [Server thread/INFO] (Minecraft) [STDOUT]: LEN: 4
[00:55:26] [Server thread/INFO] (Minecraft) [STDOUT]: [1.0, 1.0, 1.0, 4.0]
[00:55:26] [Server thread/INFO] (Minecraft) [STDOUT]: Sending Info now
[00:55:26] [Server thread/INFO] (Minecraft) [STDOUT]: LEN: 4
[00:55:26] [Server thread/INFO] (Minecraft) [STDOUT]: [1.0, 1.0, 1.0, 4.0]
[00:55:27] [Server thread/INFO] (Minecraft) [STDOUT]: Sending Info now
[00:55:27] [Server thread/INFO] (Minecraft) [STDOUT]: LEN: 4
[00:55:27] [Server thread/INFO] (Minecraft) [STDOUT]: [1.0, 1.0, 1.0, 4.0]
[00:55:27] [Server thread/INFO] (Minecraft) [STDOUT]: Sending Info now
[00:55:27] [Server thread/INFO] (Minecraft) [STDOUT]: LEN: 4
[00:55:27] [Server thread/INFO] (Minecraft) [STDOUT]: [1.0, 1.0, 1.0, 4.0]
[00:55:27] [Server thread/INFO] (Minecraft) [STDOUT]: Sending Info now
[00:55:27] [Server thread/INFO] (Minecraft) [STDOUT]: LEN: 4
[00:55:27] [Server thread/INFO] (Minecraft) [STDOUT]: [1.0, 1.0, 1.0, 4.0]
[00:55:27] [Server thread/INFO] (Minecraft) [STDOUT]: Sending Info now
[00:55:27] [Server thread/INFO] (Minecraft) [STDOUT]: LEN: 4
[00:55:27] [Server thread/INFO] (Minecraft) [STDOUT]: [1.0, 1.0, 1.0, 4.0]
[00:55:27] [Server thread/INFO] (Minecraft) [STDOUT]: Sending Info now
[00:55:27] [Server thread/INFO] (Minecraft) [STDOUT]: LEN: 4
[00:55:27] [Server thread/INFO] (Minecraft) [STDOUT]: [1.0, 1.0, 1.0, 4.0]
[00:55:27] [Server thread/INFO] (Minecraft) [STDOUT]: Sending Info now
[00:55:27] [Server thread/INFO] (Minecraft) [STDOUT]: LEN: 4
[00:55:27] [Server thread/INFO] (Minecraft) [STDOUT]: [1.0, 1.0, 1.0, 4.0]
[00:55:27] [Server thread/INFO] (Minecraft) [STDOUT]: Sending Info now
[00:55:27] [Server thread/INFO] (Minecraft) [STDOUT]: LEN: 4
[00:55:27] [Server thread/INFO] (Minecraft) [STDOUT]: [1.0, 1.0, 1.0, 4.0]
[00:55:27] [Server thread/INFO] (Minecraft) [STDOUT]: Sending Info now
[00:55:27] [Server thread/INFO] (Minecraft) [STDOUT]: LEN: 4
[00:55:27] [Server thread/INFO] (Minecraft) [STDOUT]: [1.0, 1.0, 1.0, 4.0]
[00:55:27] [Server thread/INFO] (Minecraft) [STDOUT]: Sending Info now
[00:55:27] [Server thread/INFO] (Minecraft) [STDOUT]: LEN: 4
[00:55:27] [Server thread/INFO] (Minecraft) [STDOUT]: [1.0, 1.0, 1.0, 4.0]
[00:55:27] [Server thread/INFO] (Minecraft) [STDOUT]: Sending Info now
[00:55:27] [Server thread/INFO] (Minecraft) [STDOUT]: LEN: 4
[00:55:27] [Server thread/INFO] (Minecraft) [STDOUT]: [1.0, 1.0, 1.0, 4.0]
[00:55:28] [Server thread/INFO] (Minecraft) [STDOUT]: Sending Info now
[00:55:28] [Server thread/INFO] (Minecraft) [STDOUT]: LEN: 4
[00:55:28] [Server thread/INFO] (Minecraft) [STDOUT]: [1.0, 1.0, 1.0, 4.0]
[00:55:28] [Server thread/INFO] (Minecraft) [STDOUT]: Sending Info now
[00:55:28] [Server thread/INFO] (Minecraft) [STDOUT]: LEN: 4
[00:55:28] [Server thread/INFO] (Minecraft) [STDOUT]: [1.0, 1.0, 1.0, 4.0]
[00:55:28] [Server thread/INFO] (Minecraft) [STDOUT]: Sending Info now
[00:55:28] [Server thread/INFO] (Minecraft) [STDOUT]: LEN: 4
[00:55:28] [Server thread/INFO] (Minecraft) [STDOUT]: [1.0, 1.0, 1.0, 4.0]
[00:55:28] [Server thread/INFO] (Minecraft) [STDOUT]: Sending Info now
[00:55:28] [Server thread/INFO] (Minecraft) [STDOUT]: LEN: 4
[00:55:28] [Server thread/INFO] (Minecraft) [STDOUT]: [1.0, 1.0, 1.0, 4.0]
[00:55:28] [Server thread/INFO] (Minecraft) [STDOUT]: Sending Info now
[00:55:28] [Server thread/INFO] (Minecraft) [STDOUT]: LEN: 4
[00:55:28] [Server thread/INFO] (Minecraft) [STDOUT]: [1.0, 1.0, 1.0, 4.0]
[00:55:28] [Server thread/INFO] (Minecraft) [STDOUT]: Sending Info now
[00:55:28] [Server thread/INFO] (Minecraft) [STDOUT]: LEN: 4
[00:55:28] [Server thread/INFO] (Minecraft) [STDOUT]: [1.0, 1.0, 1.0, 4.0]
[00:55:28] [Server thread/INFO] (Minecraft) [STDOUT]: Sending Info now
[00:55:28] [Server thread/INFO] (Minecraft) [STDOUT]: LEN: 4
[00:55:28] [Server thread/INFO] (Minecraft) [STDOUT]: [1.0, 1.0, 1.0, 4.0]
[00:55:28] [Server thread/INFO] (Minecraft) [STDOUT]: Sending Info now
[00:55:28] [Server thread/INFO] (Minecraft) [STDOUT]: LEN: 4
[00:55:28] [Server thread/INFO] (Minecraft) [STDOUT]: [1.0, 1.0, 1.0, 4.0]
[00:55:28] [Server thread/INFO] (Minecraft) [STDOUT]: Sending Info now
[00:55:28] [Server thread/INFO] (Minecraft) [STDOUT]: LEN: 4
[00:55:28] [Server thread/INFO] (Minecraft) [STDOUT]: [1.0, 1.0, 1.0, 4.0]
[00:55:28] [Server thread/INFO] (Minecraft) [STDOUT]: Sending Info now
[00:55:28] [Server thread/INFO] (Minecraft) [STDOUT]: LEN: 4
[00:55:28] [Server thread/INFO] (Minecraft) [STDOUT]: [1.0, 1.0, 1.0, 4.0]
[00:55:29] [Server thread/INFO] (Minecraft) [STDOUT]: Sending Info now
[00:55:29] [Server thread/INFO] (Minecraft) [STDOUT]: LEN: 4
[00:55:29] [Server thread/INFO] (Minecraft) [STDOUT]: [1.0, 1.0, 1.0, 4.0]
[00:55:29] [Server thread/INFO] (Minecraft) [STDOUT]: Sending Info now
[00:55:29] [Server thread/INFO] (Minecraft) [STDOUT]: LEN: 4
[00:55:29] [Server thread/INFO] (Minecraft) [STDOUT]: [1.0, 1.0, 1.0, 4.0]
[00:55:29] [Server thread/INFO] (Minecraft) [STDOUT]: Sending Info now
[00:55:29] [Server thread/INFO] (Minecraft) [STDOUT]: LEN: 4
[00:55:29] [Server thread/INFO] (Minecraft) [STDOUT]: [1.0, 1.0, 1.0, 4.0]
[00:55:29] [Server thread/INFO] (Minecraft) [STDOUT]: Sending Info now
[00:55:29] [Server thread/INFO] (Minecraft) [STDOUT]: LEN: 4
[00:55:29] [Server thread/INFO] (Minecraft) [STDOUT]: [1.0, 1.0, 1.0, 4.0]
[00:55:29] [Server thread/INFO] (Minecraft) [STDOUT]: Sending Info now
[00:55:29] [Server thread/INFO] (Minecraft) [STDOUT]: LEN: 4
[00:55:29] [Server thread/INFO] (Minecraft) [STDOUT]: [1.0, 1.0, 1.0, 4.0]
[00:55:29] [Server thread/INFO] (Minecraft) [STDOUT]: Sending Info now
[00:55:29] [Server thread/INFO] (Minecraft) [STDOUT]: LEN: 4
[00:55:29] [Server thread/INFO] (Minecraft) [STDOUT]: [1.0, 1.0, 1.0, 4.0]
[00:55:29] [Server thread/INFO] (Minecraft) [STDOUT]: Sending Info now
[00:55:29] [Server thread/INFO] (Minecraft) [STDOUT]: LEN: 4
[00:55:29] [Server thread/INFO] (Minecraft) [STDOUT]: [1.0, 1.0, 1.0, 4.0]
[00:55:29] [Server thread/INFO] (Minecraft) [STDOUT]: Sending Info now
[00:55:29] [Server thread/INFO] (Minecraft) [STDOUT]: LEN: 4
[00:55:29] [Server thread/INFO] (Minecraft) [STDOUT]: [1.0, 1.0, 1.0, 4.0]
[00:55:29] [Server thread/INFO] (Minecraft) [STDOUT]: Sending Info now
[00:55:29] [Server thread/INFO] (Minecraft) [STDOUT]: LEN: 4
[00:55:29] [Server thread/INFO] (Minecraft) [STDOUT]: [1.0, 1.0, 1.0, 4.0]
[00:55:29] [Server thread/INFO] (Minecraft) [STDOUT]: Sending Info now
[00:55:29] [Server thread/INFO] (Minecraft) [STDOUT]: LEN: 4
[00:55:29] [Server thread/INFO] (Minecraft) [STDOUT]: [1.0, 1.0, 1.0, 4.0]
[00:55:30] [Server thread/INFO] (Minecraft) [STDOUT]: Sending Info now
[00:55:30] [Server thread/INFO] (Minecraft) [STDOUT]: LEN: 4
[00:55:30] [Server thread/INFO] (Minecraft) [STDOUT]: [1.0, 1.0, 1.0, 4.0]
[00:55:30] [Server thread/INFO] (Minecraft) [STDOUT]: Sending Info now
[00:55:30] [Server thread/INFO] (Minecraft) [STDOUT]: LEN: 4
[00:55:30] [Server thread/INFO] (Minecraft) [STDOUT]: [1.0, 1.0, 1.0, 4.0]
[00:55:30] [Server thread/INFO] (Minecraft) [STDOUT]: Sending Info now
[00:55:30] [Server thread/INFO] (Minecraft) [STDOUT]: LEN: 4
[00:55:30] [Server thread/INFO] (Minecraft) [STDOUT]: [1.0, 1.0, 1.0, 4.0]
[00:55:30] [Server thread/INFO] (Minecraft) [STDOUT]: Sending Info now
[00:55:30] [Server thread/INFO] (Minecraft) [STDOUT]: LEN: 4
[00:55:30] [Server thread/INFO] (Minecraft) [STDOUT]: [1.0, 1.0, 1.0, 4.0]
[00:55:30] [Server thread/INFO] (Minecraft) [STDOUT]: Sending Info now
[00:55:30] [Server thread/INFO] (Minecraft) [STDOUT]: LEN: 4
[00:55:30] [Server thread/INFO] (Minecraft) [STDOUT]: [1.0, 1.0, 1.0, 4.0]
[00:55:30] [Server thread/INFO] (Minecraft) [STDOUT]: Sending Info now
[00:55:30] [Server thread/INFO] (Minecraft) [STDOUT]: LEN: 4
[00:55:30] [Server thread/INFO] (Minecraft) [STDOUT]: [1.0, 1.0, 1.0, 4.0]
[00:55:30] [Server thread/INFO] (Minecraft) [STDOUT]: Sending Info now
[00:55:30] [Server thread/INFO] (Minecraft) [STDOUT]: LEN: 4
[00:55:30] [Server thread/INFO] (Minecraft) [STDOUT]: [1.0, 1.0, 1.0, 4.0]
[00:55:30] [Server thread/INFO] (Minecraft) [STDOUT]: Sending Info now
[00:55:30] [Server thread/INFO] (Minecraft) [STDOUT]: LEN: 4
[00:55:30] [Server thread/INFO] (Minecraft) [STDOUT]: [1.0, 1.0, 1.0, 4.0]
[00:55:30] [Server thread/INFO] (Minecraft) [STDOUT]: Sending Info now
[00:55:30] [Server thread/INFO] (Minecraft) [STDOUT]: LEN: 4
[00:55:30] [Server thread/INFO] (Minecraft) [STDOUT]: [1.0, 1.0, 1.0, 4.0]
[00:55:30] [Server thread/INFO] (Minecraft) [STDOUT]: Sending Info now
[00:55:30] [Server thread/INFO] (Minecraft) [STDOUT]: LEN: 4
[00:55:30] [Server thread/INFO] (Minecraft) [STDOUT]: [1.0, 1.0, 1.0, 4.0]
[00:55:31] [Server thread/INFO] (Minecraft) [STDOUT]: Sending Info now
[00:55:31] [Server thread/INFO] (Minecraft) [STDOUT]: LEN: 4
[00:55:31] [Server thread/INFO] (Minecraft) [STDOUT]: [1.0, 1.0, 1.0, 4.0]
[00:55:31] [Server thread/INFO] (Minecraft) [STDOUT]: Sending Info now
[00:55:31] [Server thread/INFO] (Minecraft) [STDOUT]: LEN: 4
[00:55:31] [Server thread/INFO] (Minecraft) [STDOUT]: [1.0, 1.0, 1.0, 4.0]
[00:55:31] [Server thread/INFO] (Minecraft) [STDOUT]: Sending Info now
[00:55:31] [Server thread/INFO] (Minecraft) [STDOUT]: LEN: 4
[00:55:31] [Server thread/INFO] (Minecraft) [STDOUT]: [1.0, 1.0, 1.0, 4.0]
[00:55:31] [Server thread/INFO] (Minecraft) [STDOUT]: Sending Info now
[00:55:31] [Server thread/INFO] (Minecraft) [STDOUT]: LEN: 4
[00:55:31] [Server thread/INFO] (Minecraft) [STDOUT]: [1.0, 1.0, 1.0, 4.0]
[00:55:31] [Server thread/INFO] (Minecraft) [STDOUT]: Sending Info now
[00:55:31] [Server thread/INFO] (Minecraft) [STDOUT]: LEN: 4
[00:55:31] [Server thread/INFO] (Minecraft) [STDOUT]: [1.0, 1.0, 1.0, 4.0]
[00:55:31] [Server thread/INFO] (Minecraft) [STDOUT]: Sending Info now
[00:55:31] [Server thread/INFO] (Minecraft) [STDOUT]: LEN: 4
[00:55:31] [Server thread/INFO] (Minecraft) [STDOUT]: [1.0, 1.0, 1.0, 4.0]
[00:55:31] [Server thread/INFO] (Minecraft) [STDOUT]: Sending Info now
[00:55:31] [Server thread/INFO] (Minecraft) [STDOUT]: LEN: 4
[00:55:31] [Server thread/INFO] (Minecraft) [STDOUT]: [1.0, 1.0, 1.0, 4.0]
[00:55:31] [Server thread/INFO] (Minecraft) [STDOUT]: Sending Info now
[00:55:31] [Server thread/INFO] (Minecraft) [STDOUT]: LEN: 4
[00:55:31] [Server thread/INFO] (Minecraft) [STDOUT]: [1.0, 1.0, 1.0, 4.0]
[00:55:31] [Server thread/INFO] (Minecraft) [STDOUT]: Sending Info now
[00:55:31] [Server thread/INFO] (Minecraft) [STDOUT]: LEN: 4
[00:55:31] [Server thread/INFO] (Minecraft) [STDOUT]: [1.0, 1.0, 1.0, 4.0]
[00:55:31] [Server thread/INFO] (Minecraft) [STDOUT]: Sending Info now
[00:55:31] [Server thread/INFO] (Minecraft) [STDOUT]: LEN: 4
[00:55:31] [Server thread/INFO] (Minecraft) [STDOUT]: [1.0, 1.0, 1.0, 4.0]
[00:55:32] [Server thread/INFO] (Minecraft) [STDOUT]: Sending Info now
[00:55:32] [Server thread/INFO] (Minecraft) [STDOUT]: LEN: 4
[00:55:32] [Server thread/INFO] (Minecraft) [STDOUT]: [1.0, 1.0, 1.0, 4.0]
[00:55:32] [Server thread/INFO] (Minecraft) [STDOUT]: Sending Info now
[00:55:32] [Server thread/INFO] (Minecraft) Saving and pausing game...
[00:55:32] [Server thread/INFO] (Minecraft) Saving chunks for level 'ServerLevel[New World]'/minecraft:overworld
[00:55:32] [Server thread/INFO] (Minecraft) Saving chunks for level 'ServerLevel[New World]'/minecraft:the_end
[00:55:32] [Server thread/INFO] (Minecraft) Saving chunks for level 'ServerLevel[New World]'/minecraft:the_nether
[00:55:33] [Server thread/INFO] (Minecraft) [STDOUT]: LEN: 4
[00:55:33] [Server thread/INFO] (Minecraft) [STDOUT]: [1.0, 1.0, 1.0, 4.0]
[00:55:33] [Server thread/INFO] (Minecraft) [STDOUT]: Sending Info now
[00:55:33] [Server thread/INFO] (Minecraft) [STDOUT]: LEN: 4
[00:55:33] [Server thread/INFO] (Minecraft) [STDOUT]: [1.0, 1.0, 1.0, 4.0]
[00:55:33] [Server thread/INFO] (Minecraft) [STDOUT]: Sending Info now
[00:55:33] [Server thread/INFO] (Minecraft) [STDOUT]: LEN: 4
[00:55:33] [Server thread/INFO] (Minecraft) [STDOUT]: [1.0, 1.0, 1.0, 4.0]
[00:55:33] [Server thread/INFO] (Minecraft) [STDOUT]: Sending Info now
[00:55:33] [Server thread/INFO] (Minecraft) [STDOUT]: LEN: 4
[00:55:33] [Server thread/INFO] (Minecraft) [STDOUT]: [1.0, 1.0, 1.0, 4.0]
[00:55:33] [Server thread/INFO] (Minecraft) [STDOUT]: Sending Info now
[00:55:33] [Server thread/INFO] (Minecraft) [STDOUT]: LEN: 4
[00:55:33] [Server thread/INFO] (Minecraft) [STDOUT]: [1.0, 1.0, 1.0, 4.0]
[00:55:33] [Server thread/INFO] (Minecraft) [STDOUT]: Sending Info now
[00:55:33] [Server thread/INFO] (Minecraft) [STDOUT]: LEN: 4
[00:55:33] [Server thread/INFO] (Minecraft) [STDOUT]: [1.0, 1.0, 1.0, 4.0]
[00:55:33] [Server thread/INFO] (Minecraft) [STDOUT]: Sending Info now
[00:55:33] [Server thread/INFO] (Minecraft) [STDOUT]: LEN: 4
[00:55:33] [Server thread/INFO] (Minecraft) [STDOUT]: [1.0, 1.0, 1.0, 4.0]
[00:55:33] [Server thread/INFO] (Minecraft) [STDOUT]: Sending Info now
[00:55:33] [Server thread/INFO] (Minecraft) [STDOUT]: LEN: 4
[00:55:33] [Server thread/INFO] (Minecraft) [STDOUT]: [1.0, 1.0, 1.0, 4.0]
[00:55:33] [Server thread/INFO] (Minecraft) [STDOUT]: Sending Info now
[00:55:33] [Server thread/INFO] (Minecraft) [STDOUT]: LEN: 4
[00:55:33] [Server thread/INFO] (Minecraft) [STDOUT]: [1.0, 1.0, 1.0, 4.0]
[00:55:34] [Server thread/INFO] (Minecraft) [STDOUT]: Sending Info now
[00:55:34] [Server thread/INFO] (Minecraft) [STDOUT]: LEN: 4
[00:55:34] [Server thread/INFO] (Minecraft) [STDOUT]: [1.0, 1.0, 1.0, 4.0]
[00:55:34] [Server thread/INFO] (Minecraft) [STDOUT]: Sending Info now
[00:55:34] [Server thread/INFO] (Minecraft) [STDOUT]: LEN: 4
[00:55:34] [Server thread/INFO] (Minecraft) [STDOUT]: [1.0, 1.0, 1.0, 4.0]
[00:55:34] [Server thread/INFO] (Minecraft) [STDOUT]: Sending Info now
[00:55:34] [Server thread/INFO] (Minecraft) [STDOUT]: LEN: 4
[00:55:34] [Server thread/INFO] (Minecraft) [STDOUT]: [1.0, 1.0, 1.0, 4.0]
[00:55:34] [Server thread/INFO] (Minecraft) [STDOUT]: Sending Info now
[00:55:34] [Server thread/INFO] (Minecraft) [STDOUT]: LEN: 4
[00:55:34] [Server thread/INFO] (Minecraft) [STDOUT]: [1.0, 1.0, 1.0, 4.0]
[00:55:34] [Server thread/INFO] (Minecraft) [STDOUT]: Sending Info now
[00:55:34] [Server thread/INFO] (Minecraft) [STDOUT]: LEN: 4
[00:55:34] [Server thread/INFO] (Minecraft) [STDOUT]: [1.0, 1.0, 1.0, 4.0]
[00:55:34] [Server thread/INFO] (Minecraft) [STDOUT]: Sending Info now
[00:55:34] [Server thread/INFO] (Minecraft) [STDOUT]: LEN: 4
[00:55:34] [Server thread/INFO] (Minecraft) [STDOUT]: [1.0, 1.0, 1.0, 4.0]
[00:55:34] [Server thread/INFO] (Minecraft) [STDOUT]: Sending Info now
[00:55:34] [Server thread/INFO] (Minecraft) [STDOUT]: LEN: 4
[00:55:34] [Server thread/INFO] (Minecraft) [STDOUT]: [1.0, 1.0, 1.0, 4.0]
[00:55:34] [Server thread/INFO] (Minecraft) [STDOUT]: Sending Info now
[00:55:34] [Server thread/INFO] (Minecraft) [STDOUT]: LEN: 4
[00:55:34] [Server thread/INFO] (Minecraft) [STDOUT]: [1.0, 1.0, 1.0, 4.0]
[00:55:34] [Server thread/INFO] (Minecraft) [STDOUT]: Sending Info now
[00:55:34] [Server thread/INFO] (Minecraft) [STDOUT]: LEN: 4
[00:55:34] [Server thread/INFO] (Minecraft) [STDOUT]: [1.0, 1.0, 1.0, 4.0]
[00:55:34] [Server thread/INFO] (Minecraft) [STDOUT]: Sending Info now
[00:55:34] [Server thread/INFO] (Minecraft) [STDOUT]: LEN: 4
[00:55:34] [Server thread/INFO] (Minecraft) [STDOUT]: [1.0, 1.0, 1.0, 4.0]
[00:55:35] [Server thread/INFO] (Minecraft) [STDOUT]: Sending Info now
[00:55:35] [Server thread/INFO] (Minecraft) [STDOUT]: LEN: 4
[00:55:35] [Server thread/INFO] (Minecraft) [STDOUT]: [1.0, 1.0, 1.0, 4.0]
[00:55:35] [Server thread/INFO] (Minecraft) [STDOUT]: Sending Info now
[00:55:35] [Server thread/INFO] (Minecraft) [STDOUT]: LEN: 4
[00:55:35] [Server thread/INFO] (Minecraft) [STDOUT]: [1.0, 1.0, 1.0, 4.0]
[00:55:35] [Server thread/INFO] (Minecraft) [STDOUT]: Sending Info now
[00:55:35] [Server thread/INFO] (Minecraft) [STDOUT]: LEN: 4
[00:55:35] [Server thread/INFO] (Minecraft) [STDOUT]: [1.0, 1.0, 1.0, 4.0]
[00:55:35] [Server thread/INFO] (Minecraft) [STDOUT]: Sending Info now
[00:55:35] [Server thread/INFO] (Minecraft) [STDOUT]: LEN: 4
[00:55:35] [Server thread/INFO] (Minecraft) [STDOUT]: [1.0, 1.0, 1.0, 4.0]
[00:55:35] [Server thread/INFO] (Minecraft) [STDOUT]: Sending Info now
[00:55:35] [Server thread/INFO] (Minecraft) [STDOUT]: LEN: 4
[00:55:35] [Server thread/INFO] (Minecraft) [STDOUT]: [1.0, 1.0, 1.0, 4.0]
[00:55:35] [Server thread/INFO] (Minecraft) [STDOUT]: Sending Info now
[00:55:35] [Server thread/INFO] (Minecraft) [STDOUT]: LEN: 4
[00:55:35] [Server thread/INFO] (Minecraft) [STDOUT]: [1.0, 1.0, 1.0, 4.0]
[00:55:35] [Server thread/INFO] (Minecraft) [STDOUT]: Sending Info now
[00:55:35] [Server thread/INFO] (Minecraft) [STDOUT]: LEN: 4
[00:55:35] [Server thread/INFO] (Minecraft) [STDOUT]: [1.0, 1.0, 1.0, 4.0]
[00:55:35] [Server thread/INFO] (Minecraft) [STDOUT]: Sending Info now
[00:55:35] [Server thread/INFO] (Minecraft) [STDOUT]: LEN: 4
[00:55:35] [Server thread/INFO] (Minecraft) [STDOUT]: [1.0, 1.0, 1.0, 4.0]
[00:55:35] [Server thread/INFO] (Minecraft) [STDOUT]: Sending Info now
[00:55:35] [Server thread/INFO] (Minecraft) [STDOUT]: LEN: 4
[00:55:35] [Server thread/INFO] (Minecraft) [STDOUT]: [1.0, 1.0, 1.0, 4.0]
[00:55:35] [Server thread/INFO] (Minecraft) [STDOUT]: Sending Info now
[00:55:35] [Server thread/INFO] (Minecraft) [STDOUT]: LEN: 4
[00:55:35] [Server thread/INFO] (Minecraft) [STDOUT]: [1.0, 1.0, 1.0, 4.0]
[00:55:36] [Server thread/INFO] (Minecraft) [STDOUT]: Sending Info now
[00:55:36] [Server thread/INFO] (Minecraft) [STDOUT]: LEN: 4
[00:55:36] [Server thread/INFO] (Minecraft) [STDOUT]: [1.0, 1.0, 1.0, 4.0]
[00:55:36] [Server thread/INFO] (Minecraft) [STDOUT]: Sending Info now
[00:55:36] [Server thread/INFO] (Minecraft) [STDOUT]: LEN: 4
[00:55:36] [Server thread/INFO] (Minecraft) [STDOUT]: [1.0, 1.0, 1.0, 4.0]
[00:55:36] [Server thread/INFO] (Minecraft) [STDOUT]: Sending Info now
[00:55:36] [Server thread/INFO] (Minecraft) [STDOUT]: LEN: 4
[00:55:36] [Server thread/INFO] (Minecraft) [STDOUT]: [1.0, 1.0, 1.0, 4.0]
[00:55:36] [Server thread/INFO] (Minecraft) [STDOUT]: Sending Info now
[00:55:36] [Server thread/INFO] (Minecraft) [STDOUT]: LEN: 4
[00:55:36] [Server thread/INFO] (Minecraft) [STDOUT]: [1.0, 1.0, 1.0, 4.0]
[00:55:36] [Server thread/INFO] (Minecraft) [STDOUT]: Sending Info now
[00:55:36] [Server thread/INFO] (Minecraft) [STDOUT]: LEN: 4
[00:55:36] [Server thread/INFO] (Minecraft) [STDOUT]: [1.0, 1.0, 1.0, 4.0]
[00:55:36] [Server thread/INFO] (Minecraft) [STDOUT]: Sending Info now
[00:55:36] [Server thread/INFO] (Minecraft) [STDOUT]: LEN: 4
[00:55:36] [Server thread/INFO] (Minecraft) [STDOUT]: [1.0, 1.0, 1.0, 4.0]
[00:55:36] [Server thread/INFO] (Minecraft) [STDOUT]: Sending Info now
[00:55:36] [Server thread/INFO] (Minecraft) [STDOUT]: LEN: 4
[00:55:36] [Server thread/INFO] (Minecraft) [STDOUT]: [1.0, 1.0, 1.0, 4.0]
[00:55:36] [Server thread/INFO] (Minecraft) [STDOUT]: Sending Info now
[00:55:36] [Server thread/INFO] (Minecraft) [STDOUT]: LEN: 4
[00:55:36] [Server thread/INFO] (Minecraft) [STDOUT]: [1.0, 1.0, 1.0, 4.0]
[00:55:36] [Server thread/INFO] (Minecraft) [STDOUT]: Sending Info now
[00:55:36] [Server thread/INFO] (Minecraft) [STDOUT]: LEN: 4
[00:55:36] [Server thread/INFO] (Minecraft) [STDOUT]: [1.0, 1.0, 1.0, 4.0]
[00:55:36] [Server thread/INFO] (Minecraft) [STDOUT]: Sending Info now
[00:55:36] [Server thread/INFO] (Minecraft) [STDOUT]: LEN: 4
[00:55:36] [Server thread/INFO] (Minecraft) [STDOUT]: [1.0, 1.0, 1.0, 4.0]
[00:55:37] [Server thread/INFO] (Minecraft) [STDOUT]: Sending Info now
[00:55:37] [Server thread/INFO] (Minecraft) [STDOUT]: LEN: 4
[00:55:37] [Server thread/INFO] (Minecraft) [STDOUT]: [1.0, 1.0, 1.0, 4.0]
[00:55:37] [Server thread/INFO] (Minecraft) [STDOUT]: Sending Info now
[00:55:37] [Server thread/INFO] (Minecraft) [STDOUT]: LEN: 4
[00:55:37] [Server thread/INFO] (Minecraft) [STDOUT]: [1.0, 1.0, 1.0, 4.0]
[00:55:37] [Server thread/INFO] (Minecraft) [STDOUT]: Sending Info now
[00:55:37] [Server thread/INFO] (Minecraft) [STDOUT]: LEN: 4
[00:55:37] [Server thread/INFO] (Minecraft) [STDOUT]: [1.0, 1.0, 1.0, 4.0]
[00:55:37] [Server thread/INFO] (Minecraft) [STDOUT]: Sending Info now
[00:55:37] [Server thread/INFO] (Minecraft) [STDOUT]: LEN: 4
[00:55:37] [Server thread/INFO] (Minecraft) [STDOUT]: [1.0, 1.0, 1.0, 4.0]
[00:55:37] [Server thread/INFO] (Minecraft) [STDOUT]: Sending Info now
[00:55:37] [Server thread/INFO] (Minecraft) [STDOUT]: LEN: 4
[00:55:37] [Server thread/INFO] (Minecraft) [STDOUT]: [1.0, 1.0, 1.0, 4.0]
[00:55:37] [Server thread/INFO] (Minecraft) [STDOUT]: Sending Info now
[00:55:37] [Server thread/INFO] (Minecraft) [STDOUT]: LEN: 4
[00:55:37] [Server thread/INFO] (Minecraft) [STDOUT]: [1.0, 1.0, 1.0, 4.0]
[00:55:37] [Server thread/INFO] (Minecraft) [STDOUT]: Sending Info now
[00:55:37] [Server thread/INFO] (Minecraft) [STDOUT]: LEN: 4
[00:55:37] [Server thread/INFO] (Minecraft) [STDOUT]: [1.0, 1.0, 1.0, 4.0]
[00:55:37] [Server thread/INFO] (Minecraft) [STDOUT]: Sending Info now
[00:55:37] [Server thread/INFO] (Minecraft) [STDOUT]: LEN: 4
[00:55:37] [Server thread/INFO] (Minecraft) [STDOUT]: [1.0, 1.0, 1.0, 4.0]
[00:55:37] [Server thread/INFO] (Minecraft) [STDOUT]: Sending Info now
[00:55:37] [Server thread/INFO] (Minecraft) [STDOUT]: LEN: 4
[00:55:37] [Server thread/INFO] (Minecraft) [STDOUT]: [1.0, 1.0, 1.0, 4.0]
[00:55:37] [Server thread/INFO] (Minecraft) [STDOUT]: Sending Info now
[00:55:37] [Server thread/INFO] (Minecraft) [STDOUT]: LEN: 4
[00:55:37] [Server thread/INFO] (Minecraft) [STDOUT]: [1.0, 1.0, 1.0, 4.0]
[00:55:38] [Server thread/INFO] (Minecraft) [STDOUT]: Sending Info now
[00:55:38] [Server thread/INFO] (Minecraft) [STDOUT]: LEN: 4
[00:55:38] [Server thread/INFO] (Minecraft) [STDOUT]: [1.0, 1.0, 1.0, 4.0]
[00:55:38] [Server thread/INFO] (Minecraft) [STDOUT]: Sending Info now
[00:55:38] [Server thread/INFO] (Minecraft) [STDOUT]: LEN: 4
[00:55:38] [Server thread/INFO] (Minecraft) [STDOUT]: [1.0, 1.0, 1.0, 4.0]
[00:55:38] [Server thread/INFO] (Minecraft) [STDOUT]: Sending Info now
[00:55:38] [Server thread/INFO] (Minecraft) [STDOUT]: LEN: 4
[00:55:38] [Server thread/INFO] (Minecraft) [STDOUT]: [1.0, 1.0, 1.0, 4.0]
[00:55:38] [Server thread/INFO] (Minecraft) [STDOUT]: Sending Info now
[00:55:38] [Server thread/INFO] (Minecraft) [STDOUT]: LEN: 4
[00:55:38] [Server thread/INFO] (Minecraft) [STDOUT]: [1.0, 1.0, 1.0, 4.0]
[00:55:38] [Server thread/INFO] (Minecraft) [STDOUT]: Sending Info now
[00:55:38] [Server thread/INFO] (Minecraft) [STDOUT]: LEN: 4
[00:55:38] [Server thread/INFO] (Minecraft) [STDOUT]: [1.0, 1.0, 1.0, 4.0]
[00:55:38] [Server thread/INFO] (Minecraft) [STDOUT]: Sending Info now
[00:55:38] [Server thread/INFO] (Minecraft) [STDOUT]: LEN: 4
[00:55:38] [Server thread/INFO] (Minecraft) [STDOUT]: [1.0, 1.0, 1.0, 4.0]
[00:55:38] [Server thread/INFO] (Minecraft) [STDOUT]: Sending Info now
[00:55:38] [Server thread/INFO] (Minecraft) [STDOUT]: LEN: 4
[00:55:38] [Server thread/INFO] (Minecraft) [STDOUT]: [1.0, 1.0, 1.0, 4.0]
[00:55:38] [Server thread/INFO] (Minecraft) [STDOUT]: Sending Info now
[00:55:38] [Server thread/INFO] (Minecraft) [STDOUT]: LEN: 4
[00:55:38] [Server thread/INFO] (Minecraft) [STDOUT]: [1.0, 1.0, 1.0, 4.0]
[00:55:38] [Server thread/INFO] (Minecraft) [STDOUT]: Sending Info now
[00:55:38] [Server thread/INFO] (Minecraft) [STDOUT]: LEN: 4
[00:55:38] [Server thread/INFO] (Minecraft) [STDOUT]: [1.0, 1.0, 1.0, 4.0]
[00:55:38] [Server thread/INFO] (Minecraft) [STDOUT]: Sending Info now
[00:55:38] [Server thread/INFO] (Minecraft) [STDOUT]: LEN: 4
[00:55:38] [Server thread/INFO] (Minecraft) [STDOUT]: [1.0, 1.0, 1.0, 4.0]
[00:55:39] [Server thread/INFO] (Minecraft) [STDOUT]: Sending Info now
[00:55:39] [Server thread/INFO] (Minecraft) [STDOUT]: LEN: 4
[00:55:39] [Server thread/INFO] (Minecraft) [STDOUT]: [1.0, 1.0, 1.0, 4.0]
[00:55:39] [Server thread/INFO] (Minecraft) [STDOUT]: Sending Info now
[00:55:39] [Server thread/INFO] (Minecraft) [STDOUT]: LEN: 4
[00:55:39] [Server thread/INFO] (Minecraft) [STDOUT]: [1.0, 1.0, 1.0, 4.0]
[00:55:39] [Server thread/INFO] (Minecraft) [STDOUT]: Sending Info now
[00:55:39] [Server thread/INFO] (Minecraft) [STDOUT]: LEN: 4
[00:55:39] [Server thread/INFO] (Minecraft) [STDOUT]: [1.0, 1.0, 1.0, 4.0]
[00:55:39] [Server thread/INFO] (Minecraft) [STDOUT]: Sending Info now
[00:55:39] [Server thread/INFO] (Minecraft) [STDOUT]: LEN: 4
[00:55:39] [Server thread/INFO] (Minecraft) [STDOUT]: [1.0, 1.0, 1.0, 4.0]
[00:55:39] [Server thread/INFO] (Minecraft) [STDOUT]: Sending Info now
[00:55:39] [Server thread/INFO] (Minecraft) [STDOUT]: LEN: 4
[00:55:39] [Server thread/INFO] (Minecraft) [STDOUT]: [1.0, 1.0, 1.0, 4.0]
[00:55:39] [Server thread/INFO] (Minecraft) [STDOUT]: Sending Info now
[00:55:39] [Server thread/INFO] (Minecraft) [STDOUT]: LEN: 4
[00:55:39] [Server thread/INFO] (Minecraft) [STDOUT]: [1.0, 1.0, 1.0, 4.0]
[00:55:39] [Server thread/INFO] (Minecraft) [STDOUT]: Sending Info now
[00:55:39] [Server thread/INFO] (Minecraft) [STDOUT]: LEN: 4
[00:55:39] [Server thread/INFO] (Minecraft) [STDOUT]: [1.0, 1.0, 1.0, 4.0]
[00:55:39] [Server thread/INFO] (Minecraft) [STDOUT]: Sending Info now
[00:55:39] [Server thread/INFO] (Minecraft) [STDOUT]: LEN: 4
[00:55:39] [Server thread/INFO] (Minecraft) [STDOUT]: [1.0, 1.0, 1.0, 4.0]
[00:55:39] [Server thread/INFO] (Minecraft) [STDOUT]: Sending Info now
[00:55:39] [Server thread/INFO] (Minecraft) [STDOUT]: LEN: 4
[00:55:39] [Server thread/INFO] (Minecraft) [STDOUT]: [1.0, 1.0, 1.0, 4.0]
[00:55:39] [Server thread/INFO] (Minecraft) [STDOUT]: Sending Info now
[00:55:39] [Server thread/INFO] (Minecraft) [STDOUT]: LEN: 4
[00:55:39] [Server thread/INFO] (Minecraft) [STDOUT]: [1.0, 1.0, 1.0, 4.0]
[00:55:40] [Server thread/INFO] (Minecraft) [STDOUT]: Sending Info now
[00:55:40] [Server thread/INFO] (Minecraft) [STDOUT]: LEN: 4
[00:55:40] [Server thread/INFO] (Minecraft) [STDOUT]: [1.0, 1.0, 1.0, 4.0]
[00:55:40] [Server thread/INFO] (Minecraft) [STDOUT]: Sending Info now
[00:55:40] [Server thread/INFO] (Minecraft) [STDOUT]: LEN: 4
[00:55:40] [Server thread/INFO] (Minecraft) [STDOUT]: [1.0, 1.0, 1.0, 4.0]
[00:55:40] [Server thread/INFO] (Minecraft) [STDOUT]: Sending Info now
[00:55:40] [Server thread/INFO] (Minecraft) [STDOUT]: LEN: 4
[00:55:40] [Server thread/INFO] (Minecraft) [STDOUT]: [1.0, 1.0, 1.0, 4.0]
[00:55:40] [Server thread/INFO] (Minecraft) [STDOUT]: Sending Info now
[00:55:40] [Server thread/INFO] (Minecraft) [STDOUT]: LEN: 4
[00:55:40] [Server thread/INFO] (Minecraft) [STDOUT]: [1.0, 1.0, 1.0, 4.0]
[00:55:40] [Server thread/INFO] (Minecraft) [STDOUT]: Sending Info now
[00:55:40] [Server thread/INFO] (Minecraft) [STDOUT]: LEN: 4
[00:55:40] [Server thread/INFO] (Minecraft) [STDOUT]: [1.0, 1.0, 1.0, 4.0]
[00:55:40] [Server thread/INFO] (Minecraft) [STDOUT]: Sending Info now
[00:55:40] [Server thread/INFO] (Minecraft) [STDOUT]: LEN: 4
[00:55:40] [Server thread/INFO] (Minecraft) [STDOUT]: [1.0, 1.0, 1.0, 4.0]
[00:55:40] [Server thread/INFO] (Minecraft) [STDOUT]: Sending Info now
[00:55:40] [Server thread/INFO] (Minecraft) [STDOUT]: LEN: 4
[00:55:40] [Server thread/INFO] (Minecraft) [STDOUT]: [1.0, 1.0, 1.0, 4.0]
[00:55:40] [Server thread/INFO] (Minecraft) [STDOUT]: Sending Info now
[00:55:40] [Server thread/INFO] (Minecraft) [STDOUT]: LEN: 4
[00:55:40] [Server thread/INFO] (Minecraft) [STDOUT]: [1.0, 1.0, 1.0, 4.0]
[00:55:40] [Server thread/INFO] (Minecraft) [STDOUT]: Sending Info now
[00:55:40] [Server thread/INFO] (Minecraft) [STDOUT]: LEN: 4
[00:55:40] [Server thread/INFO] (Minecraft) [STDOUT]: [1.0, 1.0, 1.0, 4.0]
[00:55:40] [Server thread/INFO] (Minecraft) [STDOUT]: Sending Info now
[00:55:40] [Server thread/INFO] (Minecraft) [STDOUT]: LEN: 4
[00:55:40] [Server thread/INFO] (Minecraft) [STDOUT]: [1.0, 1.0, 1.0, 4.0]
[00:55:41] [Server thread/INFO] (Minecraft) [STDOUT]: Sending Info now
[00:55:41] [Server thread/INFO] (Minecraft) [STDOUT]: LEN: 4
[00:55:41] [Server thread/INFO] (Minecraft) [STDOUT]: [1.0, 1.0, 1.0, 4.0]
[00:55:41] [Server thread/INFO] (Minecraft) [STDOUT]: Sending Info now
[00:55:41] [Server thread/INFO] (Minecraft) [STDOUT]: LEN: 4
[00:55:41] [Server thread/INFO] (Minecraft) [STDOUT]: [1.0, 1.0, 1.0, 4.0]
[00:55:41] [Server thread/INFO] (Minecraft) [STDOUT]: Sending Info now
[00:55:41] [Server thread/INFO] (Minecraft) [STDOUT]: LEN: 4
[00:55:41] [Server thread/INFO] (Minecraft) [STDOUT]: [1.0, 1.0, 1.0, 4.0]
[00:55:41] [Server thread/INFO] (Minecraft) [STDOUT]: Sending Info now
[00:55:41] [Server thread/INFO] (Minecraft) [STDOUT]: LEN: 4
[00:55:41] [Server thread/INFO] (Minecraft) [STDOUT]: [1.0, 1.0, 1.0, 4.0]
[00:55:41] [Server thread/INFO] (Minecraft) [STDOUT]: Sending Info now
[00:55:41] [Server thread/INFO] (Minecraft) [STDOUT]: LEN: 4
[00:55:41] [Server thread/INFO] (Minecraft) [STDOUT]: [1.0, 1.0, 1.0, 4.0]
[00:55:41] [Server thread/INFO] (Minecraft) [STDOUT]: Sending Info now
[00:55:41] [Server thread/INFO] (Minecraft) [STDOUT]: LEN: 4
[00:55:41] [Server thread/INFO] (Minecraft) [STDOUT]: [1.0, 1.0, 1.0, 4.0]
[00:55:41] [Server thread/INFO] (Minecraft) [STDOUT]: Sending Info now
[00:55:41] [Server thread/INFO] (Minecraft) [STDOUT]: LEN: 4
[00:55:41] [Server thread/INFO] (Minecraft) [STDOUT]: [1.0, 1.0, 1.0, 4.0]
[00:55:41] [Server thread/INFO] (Minecraft) [STDOUT]: Sending Info now
[00:55:41] [Server thread/INFO] (Minecraft) [STDOUT]: LEN: 4
[00:55:41] [Server thread/INFO] (Minecraft) [STDOUT]: [1.0, 1.0, 1.0, 4.0]
[00:55:41] [Server thread/INFO] (Minecraft) [STDOUT]: Sending Info now
[00:55:41] [Server thread/INFO] (Minecraft) [STDOUT]: LEN: 4
[00:55:41] [Server thread/INFO] (Minecraft) [STDOUT]: [1.0, 1.0, 1.0, 4.0]
[00:55:41] [Server thread/INFO] (Minecraft) [STDOUT]: Sending Info now
[00:55:41] [Server thread/INFO] (Minecraft) [STDOUT]: LEN: 4
[00:55:41] [Server thread/INFO] (Minecraft) [STDOUT]: [1.0, 1.0, 1.0, 4.0]
[00:55:42] [Server thread/INFO] (Minecraft) [STDOUT]: Sending Info now
[00:55:42] [Server thread/INFO] (Minecraft) [STDOUT]: LEN: 4
[00:55:42] [Server thread/INFO] (Minecraft) [STDOUT]: [1.0, 1.0, 1.0, 4.0]
[00:55:42] [Server thread/INFO] (Minecraft) [STDOUT]: Sending Info now
[00:55:42] [Server thread/INFO] (Minecraft) [STDOUT]: LEN: 4
[00:55:42] [Server thread/INFO] (Minecraft) [STDOUT]: [1.0, 1.0, 1.0, 4.0]
[00:55:42] [Server thread/INFO] (Minecraft) [STDOUT]: Sending Info now
[00:55:42] [Server thread/INFO] (Minecraft) [STDOUT]: LEN: 4
[00:55:42] [Server thread/INFO] (Minecraft) [STDOUT]: [1.0, 1.0, 1.0, 4.0]
[00:55:42] [Server thread/INFO] (Minecraft) [STDOUT]: Sending Info now
[00:55:42] [Server thread/INFO] (Minecraft) [STDOUT]: LEN: 4
[00:55:42] [Server thread/INFO] (Minecraft) [STDOUT]: [1.0, 1.0, 1.0, 4.0]
[00:55:42] [Server thread/INFO] (Minecraft) [STDOUT]: Sending Info now
[00:55:42] [Server thread/INFO] (Minecraft) [STDOUT]: LEN: 4
[00:55:42] [Server thread/INFO] (Minecraft) [STDOUT]: [1.0, 1.0, 1.0, 4.0]
[00:55:42] [Server thread/INFO] (Minecraft) [STDOUT]: Sending Info now
[00:55:42] [Server thread/INFO] (Minecraft) [STDOUT]: LEN: 4
[00:55:42] [Server thread/INFO] (Minecraft) [STDOUT]: [1.0, 1.0, 1.0, 4.0]
[00:55:42] [Server thread/INFO] (Minecraft) [STDOUT]: Sending Info now
[00:55:42] [Server thread/INFO] (Minecraft) [STDOUT]: LEN: 4
[00:55:42] [Server thread/INFO] (Minecraft) [STDOUT]: [1.0, 1.0, 1.0, 4.0]
[00:55:42] [Server thread/INFO] (Minecraft) [STDOUT]: Sending Info now
[00:55:42] [Server thread/INFO] (Minecraft) [STDOUT]: LEN: 4
[00:55:42] [Server thread/INFO] (Minecraft) [STDOUT]: [1.0, 1.0, 1.0, 4.0]
[00:55:42] [Server thread/INFO] (Minecraft) [STDOUT]: Sending Info now
[00:55:42] [Server thread/INFO] (Minecraft) [STDOUT]: LEN: 4
[00:55:42] [Server thread/INFO] (Minecraft) [STDOUT]: [1.0, 1.0, 1.0, 4.0]
[00:55:42] [Server thread/INFO] (Minecraft) [STDOUT]: Sending Info now
[00:55:42] [Server thread/INFO] (Minecraft) [STDOUT]: LEN: 4
[00:55:42] [Server thread/INFO] (Minecraft) [STDOUT]: [1.0, 1.0, 1.0, 4.0]
[00:55:43] [Server thread/INFO] (Minecraft) [STDOUT]: Sending Info now
[00:55:43] [Server thread/INFO] (Minecraft) [STDOUT]: LEN: 4
[00:55:43] [Server thread/INFO] (Minecraft) [STDOUT]: [1.0, 1.0, 1.0, 4.0]
[00:55:43] [Server thread/INFO] (Minecraft) [STDOUT]: Sending Info now
[00:55:43] [Server thread/INFO] (Minecraft) [STDOUT]: LEN: 4
[00:55:43] [Server thread/INFO] (Minecraft) [STDOUT]: [1.0, 1.0, 1.0, 4.0]
[00:55:43] [Server thread/INFO] (Minecraft) [STDOUT]: Sending Info now
[00:55:43] [Server thread/INFO] (Minecraft) [STDOUT]: LEN: 4
[00:55:43] [Server thread/INFO] (Minecraft) [STDOUT]: [1.0, 1.0, 1.0, 4.0]
[00:55:43] [Server thread/INFO] (Minecraft) [STDOUT]: Sending Info now
[00:55:43] [Server thread/INFO] (Minecraft) [STDOUT]: LEN: 4
[00:55:43] [Server thread/INFO] (Minecraft) [STDOUT]: [1.0, 1.0, 1.0, 4.0]
[00:55:43] [Server thread/INFO] (Minecraft) [STDOUT]: Sending Info now
[00:55:43] [Server thread/INFO] (Minecraft) [STDOUT]: LEN: 4
[00:55:43] [Server thread/INFO] (Minecraft) [STDOUT]: [1.0, 1.0, 1.0, 4.0]
[00:55:43] [Server thread/INFO] (Minecraft) [STDOUT]: Sending Info now
[00:55:43] [Server thread/INFO] (Minecraft) [STDOUT]: LEN: 4
[00:55:43] [Server thread/INFO] (Minecraft) [STDOUT]: [1.0, 1.0, 1.0, 4.0]
[00:55:43] [Server thread/INFO] (Minecraft) [STDOUT]: Sending Info now
[00:55:43] [Server thread/INFO] (Minecraft) [STDOUT]: LEN: 4
[00:55:43] [Server thread/INFO] (Minecraft) [STDOUT]: [1.0, 1.0, 1.0, 4.0]
[00:55:43] [Server thread/INFO] (Minecraft) [STDOUT]: Sending Info now
[00:55:43] [Server thread/INFO] (Minecraft) [STDOUT]: LEN: 4
[00:55:43] [Server thread/INFO] (Minecraft) [STDOUT]: [1.0, 1.0, 1.0, 4.0]
[00:55:43] [Server thread/INFO] (Minecraft) [STDOUT]: Sending Info now
[00:55:43] [Server thread/INFO] (Minecraft) [STDOUT]: LEN: 4
[00:55:43] [Server thread/INFO] (Minecraft) [STDOUT]: [1.0, 1.0, 1.0, 4.0]
[00:55:43] [Server thread/INFO] (Minecraft) [STDOUT]: Sending Info now
[00:55:43] [Server thread/INFO] (Minecraft) [STDOUT]: LEN: 4
[00:55:43] [Server thread/INFO] (Minecraft) [STDOUT]: [1.0, 1.0, 1.0, 4.0]
[00:55:44] [Server thread/INFO] (Minecraft) [STDOUT]: Sending Info now
[00:55:44] [Server thread/INFO] (Minecraft) [STDOUT]: LEN: 4
[00:55:44] [Server thread/INFO] (Minecraft) [STDOUT]: [1.0, 1.0, 1.0, 4.0]
[00:55:44] [Server thread/INFO] (Minecraft) [STDOUT]: Sending Info now
[00:55:44] [Server thread/INFO] (Minecraft) [STDOUT]: LEN: 4
[00:55:44] [Server thread/INFO] (Minecraft) [STDOUT]: [1.0, 1.0, 1.0, 4.0]
[00:55:44] [Server thread/INFO] (Minecraft) [STDOUT]: Sending Info now
[00:55:44] [Server thread/INFO] (Minecraft) [STDOUT]: LEN: 4
[00:55:44] [Server thread/INFO] (Minecraft) [STDOUT]: [1.0, 1.0, 1.0, 4.0]
[00:55:44] [Server thread/INFO] (Minecraft) [STDOUT]: Sending Info now
[00:55:44] [Server thread/INFO] (Minecraft) [STDOUT]: LEN: 4
[00:55:44] [Server thread/INFO] (Minecraft) [STDOUT]: [1.0, 1.0, 1.0, 4.0]
[00:55:44] [Server thread/INFO] (Minecraft) [STDOUT]: Sending Info now
[00:55:44] [Server thread/INFO] (Minecraft) [STDOUT]: LEN: 4
[00:55:44] [Server thread/INFO] (Minecraft) [STDOUT]: [1.0, 1.0, 1.0, 4.0]
[00:55:44] [Server thread/INFO] (Minecraft) [STDOUT]: Sending Info now
[00:55:44] [Server thread/INFO] (Minecraft) [STDOUT]: LEN: 4
[00:55:44] [Server thread/INFO] (Minecraft) [STDOUT]: [1.0, 1.0, 1.0, 4.0]
[00:55:44] [Server thread/INFO] (Minecraft) [STDOUT]: Sending Info now
[00:55:44] [Server thread/INFO] (Minecraft) [STDOUT]: LEN: 4
[00:55:44] [Server thread/INFO] (Minecraft) [STDOUT]: [1.0, 1.0, 1.0, 4.0]
[00:55:44] [Server thread/INFO] (Minecraft) [STDOUT]: Sending Info now
[00:55:44] [Server thread/INFO] (Minecraft) [STDOUT]: LEN: 4
[00:55:44] [Server thread/INFO] (Minecraft) [STDOUT]: [1.0, 1.0, 1.0, 4.0]
[00:55:44] [Server thread/INFO] (Minecraft) [STDOUT]: Sending Info now
[00:55:44] [Server thread/INFO] (Minecraft) [STDOUT]: LEN: 4
[00:55:44] [Server thread/INFO] (Minecraft) [STDOUT]: [1.0, 1.0, 1.0, 4.0]
[00:55:44] [Server thread/INFO] (Minecraft) [STDOUT]: Sending Info now
[00:55:44] [Server thread/INFO] (Minecraft) [STDOUT]: LEN: 4
[00:55:44] [Server thread/INFO] (Minecraft) [STDOUT]: [1.0, 1.0, 1.0, 4.0]
[00:55:45] [Server thread/INFO] (Minecraft) [STDOUT]: Sending Info now
[00:55:45] [Server thread/INFO] (Minecraft) [STDOUT]: LEN: 4
[00:55:45] [Server thread/INFO] (Minecraft) [STDOUT]: [1.0, 1.0, 1.0, 4.0]
[00:55:45] [Server thread/INFO] (Minecraft) [STDOUT]: Sending Info now
[00:55:45] [Server thread/INFO] (Minecraft) [STDOUT]: LEN: 4
[00:55:45] [Server thread/INFO] (Minecraft) [STDOUT]: [1.0, 1.0, 1.0, 4.0]
[00:55:45] [Server thread/INFO] (Minecraft) [STDOUT]: Sending Info now
[00:55:45] [Server thread/INFO] (Minecraft) [STDOUT]: LEN: 4
[00:55:45] [Server thread/INFO] (Minecraft) [STDOUT]: [1.0, 1.0, 1.0, 4.0]
[00:55:45] [Server thread/INFO] (Minecraft) [STDOUT]: Sending Info now
[00:55:45] [Server thread/INFO] (Minecraft) [STDOUT]: LEN: 4
[00:55:45] [Server thread/INFO] (Minecraft) [STDOUT]: [1.0, 1.0, 1.0, 4.0]
[00:55:45] [Server thread/INFO] (Minecraft) [STDOUT]: Sending Info now
[00:55:45] [Server thread/INFO] (Minecraft) [STDOUT]: LEN: 4
[00:55:45] [Server thread/INFO] (Minecraft) [STDOUT]: [1.0, 1.0, 1.0, 4.0]
[00:55:45] [Server thread/INFO] (Minecraft) [STDOUT]: Sending Info now
[00:55:45] [Server thread/INFO] (Minecraft) [STDOUT]: LEN: 4
[00:55:45] [Server thread/INFO] (Minecraft) [STDOUT]: [1.0, 1.0, 1.0, 4.0]
[00:55:45] [Server thread/INFO] (Minecraft) [STDOUT]: Sending Info now
[00:55:45] [Server thread/INFO] (Minecraft) [STDOUT]: LEN: 4
[00:55:45] [Server thread/INFO] (Minecraft) [STDOUT]: [1.0, 1.0, 1.0, 4.0]
[00:55:45] [Server thread/INFO] (Minecraft) [STDOUT]: Sending Info now
[00:55:45] [Server thread/INFO] (Minecraft) [STDOUT]: LEN: 4
[00:55:45] [Server thread/INFO] (Minecraft) [STDOUT]: [1.0, 1.0, 1.0, 4.0]
[00:55:45] [Server thread/INFO] (Minecraft) [STDOUT]: Sending Info now
[00:55:45] [Server thread/INFO] (Minecraft) [STDOUT]: LEN: 4
[00:55:45] [Server thread/INFO] (Minecraft) [STDOUT]: [1.0, 1.0, 1.0, 4.0]
[00:55:45] [Server thread/INFO] (Minecraft) [STDOUT]: Sending Info now
[00:55:45] [Server thread/INFO] (Minecraft) [STDOUT]: LEN: 4
[00:55:45] [Server thread/INFO] (Minecraft) [STDOUT]: [1.0, 1.0, 1.0, 4.0]
[00:55:46] [Server thread/INFO] (Minecraft) [STDOUT]: Sending Info now
[00:55:46] [Server thread/INFO] (Minecraft) [STDOUT]: LEN: 4
[00:55:46] [Server thread/INFO] (Minecraft) [STDOUT]: [1.0, 1.0, 1.0, 4.0]
[00:55:46] [Server thread/INFO] (Minecraft) [STDOUT]: Sending Info now
[00:55:46] [Server thread/INFO] (Minecraft) [STDOUT]: LEN: 4
[00:55:46] [Server thread/INFO] (Minecraft) [STDOUT]: [1.0, 1.0, 1.0, 4.0]
[00:55:46] [Server thread/INFO] (Minecraft) [STDOUT]: Sending Info now
[00:55:46] [Server thread/INFO] (Minecraft) [STDOUT]: LEN: 4
[00:55:46] [Server thread/INFO] (Minecraft) [STDOUT]: [1.0, 1.0, 1.0, 4.0]
[00:55:46] [Server thread/INFO] (Minecraft) [STDOUT]: Sending Info now
[00:55:46] [Server thread/INFO] (Minecraft) [STDOUT]: LEN: 4
[00:55:46] [Server thread/INFO] (Minecraft) [STDOUT]: [1.0, 1.0, 1.0, 4.0]
[00:55:46] [Server thread/INFO] (Minecraft) [STDOUT]: Sending Info now
[00:55:46] [Server thread/INFO] (Minecraft) [STDOUT]: LEN: 4
[00:55:46] [Server thread/INFO] (Minecraft) [STDOUT]: [1.0, 1.0, 1.0, 4.0]
[00:55:46] [Server thread/INFO] (Minecraft) [STDOUT]: Sending Info now
[00:55:46] [Server thread/INFO] (Minecraft) [STDOUT]: LEN: 4
[00:55:46] [Server thread/INFO] (Minecraft) [STDOUT]: [1.0, 1.0, 1.0, 4.0]
[00:55:46] [Server thread/INFO] (Minecraft) [STDOUT]: Sending Info now
[00:55:46] [Server thread/INFO] (Minecraft) [STDOUT]: LEN: 4
[00:55:46] [Server thread/INFO] (Minecraft) [STDOUT]: [1.0, 1.0, 1.0, 4.0]
[00:55:46] [Server thread/INFO] (Minecraft) Saving and pausing game...
[00:55:46] [Server thread/INFO] (Minecraft) Saving chunks for level 'ServerLevel[New World]'/minecraft:overworld
[00:55:46] [Server thread/INFO] (Minecraft) Saving chunks for level 'ServerLevel[New World]'/minecraft:the_end
[00:55:46] [Server thread/INFO] (Minecraft) Saving chunks for level 'ServerLevel[New World]'/minecraft:the_nether
[00:55:50] [Server thread/INFO] (Minecraft) [STDOUT]: Sending Info now
[00:55:50] [Server thread/INFO] (Minecraft) [STDOUT]: LEN: 4
[00:55:50] [Server thread/INFO] (Minecraft) [STDOUT]: [1.0, 1.0, 1.0, 4.0]
[00:55:50] [Server thread/INFO] (Minecraft) [STDOUT]: Sending Info now
[00:55:50] [Server thread/INFO] (Minecraft) [STDOUT]: LEN: 4
[00:55:50] [Server thread/INFO] (Minecraft) [STDOUT]: [1.0, 1.0, 1.0, 4.0]
[00:55:50] [Server thread/INFO] (Minecraft) [STDOUT]: Sending Info now
[00:55:50] [Server thread/INFO] (Minecraft) [STDOUT]: LEN: 4
[00:55:50] [Server thread/INFO] (Minecraft) [STDOUT]: [1.0, 1.0, 1.0, 4.0]
[00:55:50] [Server thread/INFO] (Minecraft) [STDOUT]: Sending Info now
[00:55:50] [Server thread/INFO] (Minecraft) [STDOUT]: LEN: 4
[00:55:50] [Server thread/INFO] (Minecraft) [STDOUT]: [1.0, 1.0, 1.0, 4.0]
[00:55:50] [Server thread/INFO] (Minecraft) [STDOUT]: Sending Info now
[00:55:50] [Server thread/INFO] (Minecraft) [STDOUT]: LEN: 4
[00:55:50] [Server thread/INFO] (Minecraft) [STDOUT]: [1.0, 1.0, 1.0, 4.0]
[00:55:50] [Server thread/INFO] (Minecraft) [STDOUT]: Sending Info now
[00:55:50] [Server thread/INFO] (Minecraft) [STDOUT]: LEN: 4
[00:55:50] [Server thread/INFO] (Minecraft) [STDOUT]: [1.0, 1.0, 1.0, 4.0]
[00:55:50] [Server thread/INFO] (Minecraft) [STDOUT]: Sending Info now
[00:55:50] [Server thread/INFO] (Minecraft) [STDOUT]: LEN: 4
[00:55:50] [Server thread/INFO] (Minecraft) [STDOUT]: [1.0, 1.0, 1.0, 4.0]
[00:55:51] [Server thread/INFO] (Minecraft) [STDOUT]: Sending Info now
[00:55:51] [Server thread/INFO] (Minecraft) [STDOUT]: LEN: 4
[00:55:51] [Server thread/INFO] (Minecraft) [STDOUT]: [1.0, 1.0, 1.0, 4.0]
[00:55:51] [Server thread/INFO] (Minecraft) [STDOUT]: Sending Info now
[00:55:51] [Server thread/INFO] (Minecraft) [STDOUT]: LEN: 4
[00:55:51] [Server thread/INFO] (Minecraft) [STDOUT]: [1.0, 1.0, 1.0, 4.0]
[00:55:51] [Server thread/INFO] (Minecraft) [STDOUT]: Sending Info now
[00:55:51] [Server thread/INFO] (Minecraft) Saving and pausing game...
[00:55:51] [Server thread/INFO] (Minecraft) Saving chunks for level 'ServerLevel[New World]'/minecraft:overworld
[00:55:51] [Server thread/INFO] (Minecraft) Saving chunks for level 'ServerLevel[New World]'/minecraft:the_end
[00:55:51] [Server thread/INFO] (Minecraft) Saving chunks for level 'ServerLevel[New World]'/minecraft:the_nether
[00:56:01] [Server thread/INFO] (Minecraft) [STDOUT]: LEN: 4
[00:56:01] [Server thread/INFO] (Minecraft) [STDOUT]: [1.0, 1.0, 1.0, 4.0]
[00:56:01] [Server thread/INFO] (Minecraft) [STDOUT]: Sending Info now
[00:56:01] [Server thread/INFO] (Minecraft) [STDOUT]: LEN: 4
[00:56:01] [Server thread/INFO] (Minecraft) [STDOUT]: [1.0, 1.0, 1.0, 4.0]
[00:56:01] [Server thread/INFO] (Minecraft) [STDOUT]: Sending Info now
[00:56:01] [Server thread/INFO] (Minecraft) [STDOUT]: LEN: 4
[00:56:01] [Server thread/INFO] (Minecraft) [STDOUT]: [1.0, 1.0, 1.0, 4.0]
[00:56:01] [Server thread/INFO] (Minecraft) [STDOUT]: Sending Info now
[00:56:01] [Server thread/INFO] (Minecraft) [STDOUT]: LEN: 4
[00:56:01] [Server thread/INFO] (Minecraft) [STDOUT]: [1.0, 1.0, 1.0, 4.0]
[00:56:02] [Server thread/INFO] (Minecraft) [STDOUT]: Sending Info now
[00:56:02] [Server thread/INFO] (Minecraft) [STDOUT]: LEN: 4
[00:56:02] [Server thread/INFO] (Minecraft) [STDOUT]: [1.0, 1.0, 1.0, 4.0]
[00:56:02] [Server thread/INFO] (Minecraft) [STDOUT]: Sending Info now
[00:56:02] [Server thread/INFO] (Minecraft) [STDOUT]: LEN: 4
[00:56:02] [Server thread/INFO] (Minecraft) [STDOUT]: [1.0, 1.0, 1.0, 4.0]
[00:56:02] [Server thread/INFO] (Minecraft) [STDOUT]: Sending Info now
[00:56:02] [Server thread/INFO] (Minecraft) [STDOUT]: LEN: 4
[00:56:02] [Server thread/INFO] (Minecraft) [STDOUT]: [1.0, 1.0, 1.0, 4.0]
[00:56:02] [Server thread/INFO] (Minecraft) [STDOUT]: Sending Info now
[00:56:02] [Server thread/INFO] (Minecraft) [STDOUT]: LEN: 4
[00:56:02] [Server thread/INFO] (Minecraft) [STDOUT]: [1.0, 1.0, 1.0, 4.0]
[00:56:02] [Server thread/INFO] (Minecraft) [STDOUT]: Sending Info now
[00:56:02] [Server thread/INFO] (Minecraft) [STDOUT]: LEN: 4
[00:56:02] [Server thread/INFO] (Minecraft) [STDOUT]: [1.0, 1.0, 1.0, 4.0]
[00:56:02] [Server thread/INFO] (Minecraft) [STDOUT]: Sending Info now
[00:56:02] [Server thread/INFO] (Minecraft) [STDOUT]: LEN: 4
[00:56:02] [Server thread/INFO] (Minecraft) [STDOUT]: [1.0, 1.0, 1.0, 4.0]
[00:56:02] [Server thread/INFO] (Minecraft) [STDOUT]: Sending Info now
[00:56:02] [Server thread/INFO] (Minecraft) [STDOUT]: LEN: 4
[00:56:02] [Server thread/INFO] (Minecraft) [STDOUT]: [1.0, 1.0, 1.0, 4.0]
[00:56:02] [Server thread/INFO] (Minecraft) [STDOUT]: Sending Info now
[00:56:02] [Server thread/INFO] (Minecraft) [STDOUT]: LEN: 4
[00:56:02] [Server thread/INFO] (Minecraft) [STDOUT]: [1.0, 1.0, 1.0, 4.0]
[00:56:02] [Server thread/INFO] (Minecraft) [STDOUT]: Sending Info now
[00:56:02] [Server thread/INFO] (Minecraft) [STDOUT]: LEN: 4
[00:56:02] [Server thread/INFO] (Minecraft) [STDOUT]: [1.0, 1.0, 1.0, 4.0]
[00:56:02] [Server thread/INFO] (Minecraft) [STDOUT]: Sending Info now
[00:56:02] [Server thread/INFO] (Minecraft) [STDOUT]: LEN: 4
[00:56:02] [Server thread/INFO] (Minecraft) [STDOUT]: [1.0, 1.0, 1.0, 4.0]
[00:56:03] [Server thread/INFO] (Minecraft) [STDOUT]: Sending Info now
[00:56:03] [Server thread/INFO] (Minecraft) [STDOUT]: LEN: 4
[00:56:03] [Server thread/INFO] (Minecraft) [STDOUT]: [1.0, 1.0, 1.0, 4.0]
[00:56:03] [Server thread/INFO] (Minecraft) [STDOUT]: Sending Info now
[00:56:03] [Server thread/INFO] (Minecraft) [STDOUT]: LEN: 4
[00:56:03] [Server thread/INFO] (Minecraft) [STDOUT]: [1.0, 1.0, 1.0, 4.0]
[00:56:03] [Server thread/INFO] (Minecraft) [STDOUT]: Sending Info now
[00:56:03] [Server thread/INFO] (Minecraft) [STDOUT]: LEN: 4
[00:56:03] [Server thread/INFO] (Minecraft) [STDOUT]: [1.0, 1.0, 1.0, 4.0]
[00:56:03] [Server thread/INFO] (Minecraft) [STDOUT]: Sending Info now
[00:56:03] [Server thread/INFO] (Minecraft) [STDOUT]: LEN: 4
[00:56:03] [Server thread/INFO] (Minecraft) [STDOUT]: [1.0, 1.0, 1.0, 4.0]
[00:56:03] [Server thread/INFO] (Minecraft) [STDOUT]: Sending Info now
[00:56:03] [Server thread/INFO] (Minecraft) [STDOUT]: LEN: 4
[00:56:03] [Server thread/INFO] (Minecraft) [STDOUT]: [1.0, 1.0, 1.0, 4.0]
[00:56:03] [Server thread/INFO] (Minecraft) [STDOUT]: Sending Info now
[00:56:03] [Server thread/INFO] (Minecraft) [STDOUT]: LEN: 4
[00:56:03] [Server thread/INFO] (Minecraft) [STDOUT]: [1.0, 1.0, 1.0, 4.0]
[00:56:03] [Server thread/INFO] (Minecraft) [STDOUT]: Sending Info now
[00:56:03] [Server thread/INFO] (Minecraft) [STDOUT]: LEN: 4
[00:56:03] [Server thread/INFO] (Minecraft) [STDOUT]: [1.0, 1.0, 1.0, 4.0]
[00:56:03] [Server thread/INFO] (Minecraft) [STDOUT]: Sending Info now
[00:56:03] [Server thread/INFO] (Minecraft) [STDOUT]: LEN: 4
[00:56:03] [Server thread/INFO] (Minecraft) [STDOUT]: [1.0, 1.0, 1.0, 4.0]
[00:56:03] [Server thread/INFO] (Minecraft) [STDOUT]: Sending Info now
[00:56:03] [Server thread/INFO] (Minecraft) [STDOUT]: LEN: 4
[00:56:03] [Server thread/INFO] (Minecraft) [STDOUT]: [1.0, 1.0, 1.0, 4.0]
[00:56:03] [Server thread/INFO] (Minecraft) [STDOUT]: Sending Info now
[00:56:03] [Server thread/INFO] (Minecraft) [STDOUT]: LEN: 4
[00:56:03] [Server thread/INFO] (Minecraft) [STDOUT]: [1.0, 1.0, 1.0, 4.0]
[00:56:04] [Server thread/INFO] (Minecraft) [STDOUT]: Sending Info now
[00:56:04] [Server thread/INFO] (Minecraft) [STDOUT]: LEN: 4
[00:56:04] [Server thread/INFO] (Minecraft) [STDOUT]: [1.0, 1.0, 1.0, 4.0]
[00:56:04] [Server thread/INFO] (Minecraft) [STDOUT]: Sending Info now
[00:56:04] [Server thread/INFO] (Minecraft) [STDOUT]: LEN: 4
[00:56:04] [Server thread/INFO] (Minecraft) [STDOUT]: [1.0, 1.0, 1.0, 4.0]
[00:56:04] [Server thread/INFO] (Minecraft) [STDOUT]: Sending Info now
[00:56:04] [Server thread/INFO] (Minecraft) [STDOUT]: LEN: 4
[00:56:04] [Server thread/INFO] (Minecraft) [STDOUT]: [1.0, 1.0, 1.0, 4.0]
[00:56:04] [Server thread/INFO] (Minecraft) [STDOUT]: Sending Info now
[00:56:04] [Server thread/INFO] (Minecraft) [STDOUT]: LEN: 4
[00:56:04] [Server thread/INFO] (Minecraft) [STDOUT]: [1.0, 1.0, 1.0, 4.0]
[00:56:04] [Server thread/INFO] (Minecraft) [STDOUT]: Sending Info now
[00:56:04] [Server thread/INFO] (Minecraft) [STDOUT]: LEN: 4
[00:56:04] [Server thread/INFO] (Minecraft) [STDOUT]: [1.0, 1.0, 1.0, 4.0]
[00:56:04] [Server thread/INFO] (Minecraft) [STDOUT]: Sending Info now
[00:56:04] [Server thread/INFO] (Minecraft) [STDOUT]: LEN: 4
[00:56:04] [Server thread/INFO] (Minecraft) [STDOUT]: [1.0, 1.0, 1.0, 4.0]
[00:56:04] [Server thread/INFO] (Minecraft) [STDOUT]: Sending Info now
[00:56:04] [Server thread/INFO] (Minecraft) [STDOUT]: LEN: 4
[00:56:04] [Server thread/INFO] (Minecraft) [STDOUT]: [1.0, 1.0, 1.0, 4.0]
[00:56:04] [Server thread/INFO] (Minecraft) [STDOUT]: Sending Info now
[00:56:04] [Server thread/INFO] (Minecraft) [STDOUT]: LEN: 4
[00:56:04] [Server thread/INFO] (Minecraft) [STDOUT]: [1.0, 1.0, 1.0, 4.0]
[00:56:04] [Server thread/INFO] (Minecraft) [STDOUT]: Sending Info now
[00:56:04] [Server thread/INFO] (Minecraft) [STDOUT]: LEN: 4
[00:56:04] [Server thread/INFO] (Minecraft) [STDOUT]: [1.0, 1.0, 1.0, 4.0]
[00:56:04] [Server thread/INFO] (Minecraft) [STDOUT]: Sending Info now
[00:56:04] [Server thread/INFO] (Minecraft) [STDOUT]: LEN: 4
[00:56:04] [Server thread/INFO] (Minecraft) [STDOUT]: [1.0, 1.0, 1.0, 4.0]
[00:56:05] [Server thread/INFO] (Minecraft) [STDOUT]: Sending Info now
[00:56:05] [Server thread/INFO] (Minecraft) [STDOUT]: LEN: 4
[00:56:05] [Server thread/INFO] (Minecraft) [STDOUT]: [1.0, 1.0, 1.0, 4.0]
[00:56:05] [Server thread/INFO] (Minecraft) [STDOUT]: Sending Info now
[00:56:05] [Server thread/INFO] (Minecraft) [STDOUT]: LEN: 4
[00:56:05] [Server thread/INFO] (Minecraft) [STDOUT]: [1.0, 1.0, 1.0, 4.0]
[00:56:05] [Server thread/INFO] (Minecraft) [STDOUT]: Sending Info now
[00:56:05] [Server thread/INFO] (Minecraft) [STDOUT]: LEN: 4
[00:56:05] [Server thread/INFO] (Minecraft) [STDOUT]: [1.0, 1.0, 1.0, 4.0]
[00:56:05] [Server thread/INFO] (Minecraft) [STDOUT]: Sending Info now
[00:56:05] [Server thread/INFO] (Minecraft) [STDOUT]: LEN: 4
[00:56:05] [Server thread/INFO] (Minecraft) [STDOUT]: [1.0, 1.0, 1.0, 4.0]
[00:56:05] [Server thread/INFO] (Minecraft) [STDOUT]: Sending Info now
[00:56:05] [Server thread/INFO] (Minecraft) [STDOUT]: LEN: 4
[00:56:05] [Server thread/INFO] (Minecraft) [STDOUT]: [1.0, 1.0, 1.0, 4.0]
[00:56:05] [Server thread/INFO] (Minecraft) [STDOUT]: Sending Info now
[00:56:05] [Server thread/INFO] (Minecraft) [STDOUT]: LEN: 4
[00:56:05] [Server thread/INFO] (Minecraft) [STDOUT]: [1.0, 1.0, 1.0, 4.0]
[00:56:05] [Server thread/INFO] (Minecraft) [STDOUT]: Sending Info now
[00:56:05] [Server thread/INFO] (Minecraft) [STDOUT]: LEN: 4
[00:56:05] [Server thread/INFO] (Minecraft) [STDOUT]: [1.0, 1.0, 1.0, 4.0]
[00:56:05] [Server thread/INFO] (Minecraft) [STDOUT]: Sending Info now
[00:56:05] [Server thread/INFO] (Minecraft) [STDOUT]: LEN: 4
[00:56:05] [Server thread/INFO] (Minecraft) [STDOUT]: [1.0, 1.0, 1.0, 4.0]
[00:56:05] [Server thread/INFO] (Minecraft) [STDOUT]: Sending Info now
[00:56:05] [Server thread/INFO] (Minecraft) [STDOUT]: LEN: 4
[00:56:05] [Server thread/INFO] (Minecraft) [STDOUT]: [1.0, 1.0, 1.0, 4.0]
[00:56:05] [Server thread/INFO] (Minecraft) [STDOUT]: Sending Info now
[00:56:05] [Server thread/INFO] (Minecraft) [STDOUT]: LEN: 4
[00:56:05] [Server thread/INFO] (Minecraft) [STDOUT]: [1.0, 1.0, 1.0, 4.0]
[00:56:06] [Server thread/INFO] (Minecraft) [STDOUT]: Sending Info now
[00:56:06] [Server thread/INFO] (Minecraft) [STDOUT]: LEN: 4
[00:56:06] [Server thread/INFO] (Minecraft) [STDOUT]: [1.0, 1.0, 1.0, 4.0]
[00:56:06] [Server thread/INFO] (Minecraft) [STDOUT]: Sending Info now
[00:56:06] [Server thread/INFO] (Minecraft) [STDOUT]: LEN: 4
[00:56:06] [Server thread/INFO] (Minecraft) [STDOUT]: [1.0, 1.0, 1.0, 4.0]
[00:56:06] [Server thread/INFO] (Minecraft) [STDOUT]: Sending Info now
[00:56:06] [Server thread/INFO] (Minecraft) [STDOUT]: LEN: 4
[00:56:06] [Server thread/INFO] (Minecraft) [STDOUT]: [1.0, 1.0, 1.0, 4.0]
[00:56:06] [Server thread/INFO] (Minecraft) [STDOUT]: Sending Info now
[00:56:06] [Server thread/INFO] (Minecraft) [STDOUT]: LEN: 4
[00:56:06] [Server thread/INFO] (Minecraft) [STDOUT]: [1.0, 1.0, 1.0, 4.0]
[00:56:06] [Server thread/INFO] (Minecraft) [STDOUT]: Sending Info now
[00:56:06] [Server thread/INFO] (Minecraft) [STDOUT]: LEN: 4
[00:56:06] [Server thread/INFO] (Minecraft) [STDOUT]: [1.0, 1.0, 1.0, 4.0]
[00:56:06] [Server thread/INFO] (Minecraft) [STDOUT]: Sending Info now
[00:56:06] [Server thread/INFO] (Minecraft) [STDOUT]: LEN: 4
[00:56:06] [Server thread/INFO] (Minecraft) [STDOUT]: [1.0, 1.0, 1.0, 4.0]
[00:56:06] [Server thread/INFO] (Minecraft) [STDOUT]: Sending Info now
[00:56:06] [Server thread/INFO] (Minecraft) [STDOUT]: LEN: 4
[00:56:06] [Server thread/INFO] (Minecraft) [STDOUT]: [1.0, 1.0, 1.0, 4.0]
[00:56:06] [Server thread/INFO] (Minecraft) [STDOUT]: Sending Info now
[00:56:06] [Server thread/INFO] (Minecraft) [STDOUT]: LEN: 4
[00:56:06] [Server thread/INFO] (Minecraft) [STDOUT]: [1.0, 1.0, 1.0, 4.0]
[00:56:06] [Server thread/INFO] (Minecraft) [STDOUT]: Sending Info now
[00:56:06] [Server thread/INFO] (Minecraft) [STDOUT]: LEN: 4
[00:56:06] [Server thread/INFO] (Minecraft) [STDOUT]: [1.0, 1.0, 1.0, 4.0]
[00:56:06] [Server thread/INFO] (Minecraft) [STDOUT]: Sending Info now
[00:56:06] [Server thread/INFO] (Minecraft) [STDOUT]: LEN: 4
[00:56:06] [Server thread/INFO] (Minecraft) [STDOUT]: [1.0, 1.0, 1.0, 4.0]
[00:56:07] [Server thread/INFO] (Minecraft) [STDOUT]: Sending Info now
[00:56:07] [Server thread/INFO] (Minecraft) [STDOUT]: LEN: 4
[00:56:07] [Server thread/INFO] (Minecraft) [STDOUT]: [1.0, 1.0, 1.0, 4.0]
[00:56:07] [Server thread/INFO] (Minecraft) [STDOUT]: Sending Info now
[00:56:07] [Server thread/INFO] (Minecraft) [STDOUT]: LEN: 4
[00:56:07] [Server thread/INFO] (Minecraft) [STDOUT]: [1.0, 1.0, 1.0, 4.0]
[00:56:07] [Server thread/INFO] (Minecraft) [STDOUT]: Sending Info now
[00:56:07] [Server thread/INFO] (Minecraft) [STDOUT]: LEN: 4
[00:56:07] [Server thread/INFO] (Minecraft) [STDOUT]: [1.0, 1.0, 1.0, 4.0]
[00:56:07] [Server thread/INFO] (Minecraft) [STDOUT]: Sending Info now
[00:56:07] [Server thread/INFO] (Minecraft) [STDOUT]: LEN: 4
[00:56:07] [Server thread/INFO] (Minecraft) [STDOUT]: [1.0, 1.0, 1.0, 4.0]
[00:56:07] [Server thread/INFO] (Minecraft) [STDOUT]: Sending Info now
[00:56:07] [Server thread/INFO] (Minecraft) [STDOUT]: LEN: 4
[00:56:07] [Server thread/INFO] (Minecraft) [STDOUT]: [1.0, 1.0, 1.0, 4.0]
[00:56:07] [Server thread/INFO] (Minecraft) [STDOUT]: Sending Info now
[00:56:07] [Server thread/INFO] (Minecraft) [STDOUT]: LEN: 4
[00:56:07] [Server thread/INFO] (Minecraft) [STDOUT]: [1.0, 1.0, 1.0, 4.0]
[00:56:07] [Server thread/INFO] (Minecraft) [STDOUT]: Sending Info now
[00:56:07] [Server thread/INFO] (Minecraft) [STDOUT]: LEN: 4
[00:56:07] [Server thread/INFO] (Minecraft) [STDOUT]: [1.0, 1.0, 1.0, 4.0]
[00:56:07] [Server thread/INFO] (Minecraft) [STDOUT]: Sending Info now
[00:56:07] [Server thread/INFO] (Minecraft) [STDOUT]: LEN: 4
[00:56:07] [Server thread/INFO] (Minecraft) [STDOUT]: [1.0, 1.0, 1.0, 4.0]
[00:56:07] [Server thread/INFO] (Minecraft) [STDOUT]: Sending Info now
[00:56:07] [Server thread/INFO] (Minecraft) [STDOUT]: LEN: 4
[00:56:07] [Server thread/INFO] (Minecraft) [STDOUT]: [1.0, 1.0, 1.0, 4.0]
[00:56:07] [Server thread/INFO] (Minecraft) [STDOUT]: Sending Info now
[00:56:07] [Server thread/INFO] (Minecraft) [STDOUT]: LEN: 4
[00:56:07] [Server thread/INFO] (Minecraft) [STDOUT]: [1.0, 1.0, 1.0, 4.0]
[00:56:08] [Server thread/INFO] (Minecraft) [STDOUT]: Sending Info now
[00:56:08] [Server thread/INFO] (Minecraft) [STDOUT]: LEN: 4
[00:56:08] [Server thread/INFO] (Minecraft) [STDOUT]: [1.0, 1.0, 1.0, 4.0]
[00:56:08] [Server thread/INFO] (Minecraft) [STDOUT]: Sending Info now
[00:56:08] [Server thread/INFO] (Minecraft) [STDOUT]: LEN: 4
[00:56:08] [Server thread/INFO] (Minecraft) [STDOUT]: [1.0, 1.0, 1.0, 4.0]
[00:56:08] [Server thread/INFO] (Minecraft) [STDOUT]: Sending Info now
[00:56:08] [Server thread/INFO] (Minecraft) [STDOUT]: LEN: 4
[00:56:08] [Server thread/INFO] (Minecraft) [STDOUT]: [1.0, 1.0, 1.0, 4.0]
[00:56:08] [Server thread/INFO] (Minecraft) [STDOUT]: Sending Info now
[00:56:08] [Server thread/INFO] (Minecraft) [STDOUT]: LEN: 4
[00:56:08] [Server thread/INFO] (Minecraft) [STDOUT]: [1.0, 1.0, 1.0, 4.0]
[00:56:08] [Server thread/INFO] (Minecraft) [STDOUT]: Sending Info now
[00:56:08] [Server thread/INFO] (Minecraft) [STDOUT]: LEN: 4
[00:56:08] [Server thread/INFO] (Minecraft) [STDOUT]: [1.0, 1.0, 1.0, 4.0]
[00:56:08] [Server thread/INFO] (Minecraft) [STDOUT]: Sending Info now
[00:56:08] [Server thread/INFO] (Minecraft) [STDOUT]: LEN: 4
[00:56:08] [Server thread/INFO] (Minecraft) [STDOUT]: [1.0, 1.0, 1.0, 4.0]
[00:56:08] [Server thread/INFO] (Minecraft) [STDOUT]: Sending Info now
[00:56:08] [Server thread/INFO] (Minecraft) [STDOUT]: LEN: 4
[00:56:08] [Server thread/INFO] (Minecraft) [STDOUT]: [1.0, 1.0, 1.0, 4.0]
[00:56:08] [Server thread/INFO] (Minecraft) [STDOUT]: Sending Info now
[00:56:08] [Server thread/INFO] (Minecraft) [STDOUT]: LEN: 4
[00:56:08] [Server thread/INFO] (Minecraft) [STDOUT]: [1.0, 1.0, 1.0, 4.0]
[00:56:08] [Server thread/INFO] (Minecraft) [STDOUT]: Sending Info now
[00:56:08] [Server thread/INFO] (Minecraft) [STDOUT]: LEN: 4
[00:56:08] [Server thread/INFO] (Minecraft) [STDOUT]: [1.0, 1.0, 1.0, 4.0]
[00:56:08] [Server thread/INFO] (Minecraft) [STDOUT]: Sending Info now
[00:56:08] [Server thread/INFO] (Minecraft) [STDOUT]: LEN: 4
[00:56:08] [Server thread/INFO] (Minecraft) [STDOUT]: [1.0, 1.0, 1.0, 4.0]
[00:56:09] [Server thread/INFO] (Minecraft) [STDOUT]: Sending Info now
[00:56:09] [Server thread/INFO] (Minecraft) [STDOUT]: LEN: 4
[00:56:09] [Server thread/INFO] (Minecraft) [STDOUT]: [1.0, 1.0, 1.0, 4.0]
[00:56:09] [Server thread/INFO] (Minecraft) [STDOUT]: Sending Info now
[00:56:09] [Server thread/INFO] (Minecraft) [STDOUT]: LEN: 4
[00:56:09] [Server thread/INFO] (Minecraft) [STDOUT]: [1.0, 1.0, 1.0, 4.0]
[00:56:09] [Server thread/INFO] (Minecraft) [STDOUT]: Sending Info now
[00:56:09] [Server thread/INFO] (Minecraft) [STDOUT]: LEN: 4
[00:56:09] [Server thread/INFO] (Minecraft) [STDOUT]: [1.0, 1.0, 1.0, 4.0]
[00:56:09] [Server thread/INFO] (Minecraft) [STDOUT]: Sending Info now
[00:56:09] [Server thread/INFO] (Minecraft) [STDOUT]: LEN: 4
[00:56:09] [Server thread/INFO] (Minecraft) [STDOUT]: [1.0, 1.0, 1.0, 4.0]
[00:56:09] [Server thread/INFO] (Minecraft) [STDOUT]: Sending Info now
[00:56:09] [Server thread/INFO] (Minecraft) [STDOUT]: LEN: 4
[00:56:09] [Server thread/INFO] (Minecraft) [STDOUT]: [1.0, 1.0, 1.0, 4.0]
[00:56:09] [Server thread/INFO] (Minecraft) [STDOUT]: Sending Info now
[00:56:09] [Server thread/INFO] (Minecraft) [STDOUT]: LEN: 4
[00:56:09] [Server thread/INFO] (Minecraft) [STDOUT]: [1.0, 1.0, 1.0, 4.0]
[00:56:09] [Server thread/INFO] (Minecraft) [STDOUT]: Sending Info now
[00:56:09] [Server thread/INFO] (Minecraft) [STDOUT]: LEN: 4
[00:56:09] [Server thread/INFO] (Minecraft) [STDOUT]: [1.0, 1.0, 1.0, 4.0]
[00:56:09] [Server thread/INFO] (Minecraft) [STDOUT]: Sending Info now
[00:56:09] [Server thread/INFO] (Minecraft) [STDOUT]: LEN: 4
[00:56:09] [Server thread/INFO] (Minecraft) [STDOUT]: [1.0, 1.0, 1.0, 4.0]
[00:56:09] [Server thread/INFO] (Minecraft) [STDOUT]: Sending Info now
[00:56:09] [Server thread/INFO] (Minecraft) [STDOUT]: LEN: 4
[00:56:09] [Server thread/INFO] (Minecraft) [STDOUT]: [1.0, 1.0, 1.0, 4.0]
[00:56:09] [Server thread/INFO] (Minecraft) [STDOUT]: Sending Info now
[00:56:09] [Server thread/INFO] (Minecraft) [STDOUT]: LEN: 4
[00:56:09] [Server thread/INFO] (Minecraft) [STDOUT]: [1.0, 1.0, 1.0, 4.0]
[00:56:10] [Server thread/INFO] (Minecraft) [STDOUT]: Sending Info now
[00:56:10] [Server thread/INFO] (Minecraft) [STDOUT]: LEN: 4
[00:56:10] [Server thread/INFO] (Minecraft) [STDOUT]: [1.0, 1.0, 1.0, 4.0]
[00:56:10] [Server thread/INFO] (Minecraft) [STDOUT]: Sending Info now
[00:56:10] [Server thread/INFO] (Minecraft) [STDOUT]: LEN: 4
[00:56:10] [Server thread/INFO] (Minecraft) [STDOUT]: [1.0, 1.0, 1.0, 4.0]
[00:56:10] [Server thread/INFO] (Minecraft) [STDOUT]: Sending Info now
[00:56:10] [Server thread/INFO] (Minecraft) [STDOUT]: LEN: 4
[00:56:10] [Server thread/INFO] (Minecraft) [STDOUT]: [1.0, 1.0, 1.0, 4.0]
[00:56:10] [Server thread/INFO] (Minecraft) [STDOUT]: Sending Info now
[00:56:10] [Server thread/INFO] (Minecraft) [STDOUT]: LEN: 4
[00:56:10] [Server thread/INFO] (Minecraft) [STDOUT]: [1.0, 1.0, 1.0, 4.0]
[00:56:10] [Server thread/INFO] (Minecraft) [STDOUT]: Sending Info now
[00:56:10] [Server thread/INFO] (Minecraft) [STDOUT]: LEN: 4
[00:56:10] [Server thread/INFO] (Minecraft) [STDOUT]: [1.0, 1.0, 1.0, 4.0]
[00:56:10] [Server thread/INFO] (Minecraft) [STDOUT]: Sending Info now
[00:56:10] [Server thread/INFO] (Minecraft) [STDOUT]: LEN: 4
[00:56:10] [Server thread/INFO] (Minecraft) [STDOUT]: [1.0, 1.0, 1.0, 4.0]
[00:56:10] [Server thread/INFO] (Minecraft) [STDOUT]: Sending Info now
[00:56:10] [Server thread/INFO] (Minecraft) [STDOUT]: LEN: 4
[00:56:10] [Server thread/INFO] (Minecraft) [STDOUT]: [1.0, 1.0, 1.0, 4.0]
[00:56:10] [Server thread/INFO] (Minecraft) [STDOUT]: Sending Info now
[00:56:10] [Server thread/INFO] (Minecraft) [STDOUT]: LEN: 4
[00:56:10] [Server thread/INFO] (Minecraft) [STDOUT]: [1.0, 1.0, 1.0, 4.0]
[00:56:10] [Server thread/INFO] (Minecraft) [STDOUT]: Sending Info now
[00:56:10] [Server thread/INFO] (Minecraft) [STDOUT]: LEN: 4
[00:56:10] [Server thread/INFO] (Minecraft) [STDOUT]: [1.0, 1.0, 1.0, 4.0]
[00:56:10] [Server thread/INFO] (Minecraft) [STDOUT]: Sending Info now
[00:56:10] [Server thread/INFO] (Minecraft) [STDOUT]: LEN: 4
[00:56:10] [Server thread/INFO] (Minecraft) [STDOUT]: [1.0, 1.0, 1.0, 4.0]
[00:56:11] [Server thread/INFO] (Minecraft) [STDOUT]: Sending Info now
[00:56:11] [Server thread/INFO] (Minecraft) [STDOUT]: LEN: 4
[00:56:11] [Server thread/INFO] (Minecraft) [STDOUT]: [1.0, 1.0, 1.0, 4.0]
[00:56:11] [Server thread/INFO] (Minecraft) [STDOUT]: Sending Info now
[00:56:11] [Server thread/INFO] (Minecraft) [STDOUT]: LEN: 4
[00:56:11] [Server thread/INFO] (Minecraft) [STDOUT]: [1.0, 1.0, 1.0, 4.0]
[00:56:11] [Server thread/INFO] (Minecraft) [STDOUT]: Sending Info now
[00:56:11] [Server thread/INFO] (Minecraft) [STDOUT]: LEN: 4
[00:56:11] [Server thread/INFO] (Minecraft) [STDOUT]: [1.0, 1.0, 1.0, 4.0]
[00:56:11] [Server thread/INFO] (Minecraft) [STDOUT]: Sending Info now
[00:56:11] [Server thread/INFO] (Minecraft) [STDOUT]: LEN: 4
[00:56:11] [Server thread/INFO] (Minecraft) [STDOUT]: [1.0, 1.0, 1.0, 4.0]
[00:56:11] [Server thread/INFO] (Minecraft) [STDOUT]: Sending Info now
[00:56:11] [Server thread/INFO] (Minecraft) [STDOUT]: LEN: 4
[00:56:11] [Server thread/INFO] (Minecraft) [STDOUT]: [1.0, 1.0, 1.0, 4.0]
[00:56:11] [Server thread/INFO] (Minecraft) [STDOUT]: Sending Info now
[00:56:11] [Server thread/INFO] (Minecraft) [STDOUT]: LEN: 4
[00:56:11] [Server thread/INFO] (Minecraft) [STDOUT]: [1.0, 1.0, 1.0, 4.0]
[00:56:11] [Server thread/INFO] (Minecraft) [STDOUT]: Sending Info now
[00:56:11] [Server thread/INFO] (Minecraft) [STDOUT]: LEN: 4
[00:56:11] [Server thread/INFO] (Minecraft) [STDOUT]: [1.0, 1.0, 1.0, 4.0]
[00:56:11] [Server thread/INFO] (Minecraft) [STDOUT]: Sending Info now
[00:56:11] [Server thread/INFO] (Minecraft) [STDOUT]: LEN: 4
[00:56:11] [Server thread/INFO] (Minecraft) [STDOUT]: [1.0, 1.0, 1.0, 4.0]
[00:56:11] [Server thread/INFO] (Minecraft) [STDOUT]: Sending Info now
[00:56:11] [Server thread/INFO] (Minecraft) [STDOUT]: LEN: 4
[00:56:11] [Server thread/INFO] (Minecraft) [STDOUT]: [1.0, 1.0, 1.0, 4.0]
[00:56:11] [Server thread/INFO] (Minecraft) [STDOUT]: Sending Info now
[00:56:11] [Server thread/INFO] (Minecraft) [STDOUT]: LEN: 4
[00:56:11] [Server thread/INFO] (Minecraft) [STDOUT]: [1.0, 1.0, 1.0, 4.0]
[00:56:12] [Server thread/INFO] (Minecraft) [STDOUT]: Sending Info now
[00:56:12] [Server thread/INFO] (Minecraft) [STDOUT]: LEN: 4
[00:56:12] [Server thread/INFO] (Minecraft) [STDOUT]: [1.0, 1.0, 1.0, 4.0]
[00:56:12] [Server thread/INFO] (Minecraft) [STDOUT]: Sending Info now
[00:56:12] [Server thread/INFO] (Minecraft) [STDOUT]: LEN: 4
[00:56:12] [Server thread/INFO] (Minecraft) [STDOUT]: [1.0, 1.0, 1.0, 4.0]
[00:56:12] [Server thread/INFO] (Minecraft) [STDOUT]: Sending Info now
[00:56:12] [Server thread/INFO] (Minecraft) [STDOUT]: LEN: 4
[00:56:12] [Server thread/INFO] (Minecraft) [STDOUT]: [1.0, 1.0, 1.0, 4.0]
[00:56:12] [Server thread/INFO] (Minecraft) [STDOUT]: Sending Info now
[00:56:12] [Server thread/INFO] (Minecraft) [STDOUT]: LEN: 4
[00:56:12] [Server thread/INFO] (Minecraft) [STDOUT]: [1.0, 1.0, 1.0, 4.0]
[00:56:12] [Server thread/INFO] (Minecraft) [STDOUT]: Sending Info now
[00:56:12] [Server thread/INFO] (Minecraft) [STDOUT]: LEN: 4
[00:56:12] [Server thread/INFO] (Minecraft) [STDOUT]: [1.0, 1.0, 1.0, 4.0]
[00:56:12] [Server thread/INFO] (Minecraft) [STDOUT]: Sending Info now
[00:56:12] [Server thread/INFO] (Minecraft) [STDOUT]: LEN: 4
[00:56:12] [Server thread/INFO] (Minecraft) [STDOUT]: [1.0, 1.0, 1.0, 4.0]
[00:56:12] [Server thread/INFO] (Minecraft) [STDOUT]: Sending Info now
[00:56:12] [Server thread/INFO] (Minecraft) [STDOUT]: LEN: 4
[00:56:12] [Server thread/INFO] (Minecraft) [STDOUT]: [1.0, 1.0, 1.0, 4.0]
[00:56:12] [Server thread/INFO] (Minecraft) [STDOUT]: Sending Info now
[00:56:12] [Server thread/INFO] (Minecraft) [STDOUT]: LEN: 4
[00:56:12] [Server thread/INFO] (Minecraft) [STDOUT]: [1.0, 1.0, 1.0, 4.0]
[00:56:12] [Server thread/INFO] (Minecraft) [STDOUT]: Sending Info now
[00:56:12] [Server thread/INFO] (Minecraft) [STDOUT]: LEN: 4
[00:56:12] [Server thread/INFO] (Minecraft) [STDOUT]: [1.0, 1.0, 1.0, 4.0]
[00:56:12] [Server thread/INFO] (Minecraft) [STDOUT]: Sending Info now
[00:56:12] [Server thread/INFO] (Minecraft) [STDOUT]: LEN: 4
[00:56:12] [Server thread/INFO] (Minecraft) [STDOUT]: [1.0, 1.0, 1.0, 4.0]
[00:56:13] [Server thread/INFO] (Minecraft) [STDOUT]: Sending Info now
[00:56:13] [Server thread/INFO] (Minecraft) [STDOUT]: LEN: 4
[00:56:13] [Server thread/INFO] (Minecraft) [STDOUT]: [1.0, 1.0, 1.0, 4.0]
[00:56:13] [Server thread/INFO] (Minecraft) [STDOUT]: Sending Info now
[00:56:13] [Server thread/INFO] (Minecraft) [STDOUT]: LEN: 4
[00:56:13] [Server thread/INFO] (Minecraft) [STDOUT]: [1.0, 1.0, 1.0, 4.0]
[00:56:13] [Server thread/INFO] (Minecraft) [STDOUT]: Sending Info now
[00:56:13] [Server thread/INFO] (Minecraft) [STDOUT]: LEN: 4
[00:56:13] [Server thread/INFO] (Minecraft) [STDOUT]: [1.0, 1.0, 1.0, 4.0]
[00:56:13] [Server thread/INFO] (Minecraft) [STDOUT]: Sending Info now
[00:56:13] [Server thread/INFO] (Minecraft) [STDOUT]: LEN: 4
[00:56:13] [Server thread/INFO] (Minecraft) [STDOUT]: [1.0, 1.0, 1.0, 4.0]
[00:56:13] [Server thread/INFO] (Minecraft) [STDOUT]: Sending Info now
[00:56:13] [Server thread/INFO] (Minecraft) [STDOUT]: LEN: 4
[00:56:13] [Server thread/INFO] (Minecraft) [STDOUT]: [1.0, 1.0, 1.0, 4.0]
[00:56:13] [Server thread/INFO] (Minecraft) [STDOUT]: Sending Info now
[00:56:13] [Server thread/INFO] (Minecraft) [STDOUT]: LEN: 4
[00:56:13] [Server thread/INFO] (Minecraft) [STDOUT]: [1.0, 1.0, 1.0, 4.0]
[00:56:13] [Server thread/INFO] (Minecraft) [STDOUT]: Sending Info now
[00:56:13] [Server thread/INFO] (Minecraft) [STDOUT]: LEN: 4
[00:56:13] [Server thread/INFO] (Minecraft) [STDOUT]: [1.0, 1.0, 1.0, 4.0]
[00:56:13] [Server thread/INFO] (Minecraft) [STDOUT]: Sending Info now
[00:56:13] [Server thread/INFO] (Minecraft) [STDOUT]: LEN: 4
[00:56:13] [Server thread/INFO] (Minecraft) [STDOUT]: [1.0, 1.0, 1.0, 4.0]
[00:56:13] [Server thread/INFO] (Minecraft) [STDOUT]: Sending Info now
[00:56:13] [Server thread/INFO] (Minecraft) [STDOUT]: LEN: 4
[00:56:13] [Server thread/INFO] (Minecraft) [STDOUT]: [1.0, 1.0, 1.0, 4.0]
[00:56:13] [Server thread/INFO] (Minecraft) [STDOUT]: Sending Info now
[00:56:13] [Server thread/INFO] (Minecraft) [STDOUT]: LEN: 4
[00:56:13] [Server thread/INFO] (Minecraft) [STDOUT]: [1.0, 1.0, 1.0, 4.0]
[00:56:14] [Server thread/INFO] (Minecraft) [STDOUT]: Sending Info now
[00:56:14] [Server thread/INFO] (Minecraft) [STDOUT]: LEN: 4
[00:56:14] [Server thread/INFO] (Minecraft) [STDOUT]: [1.0, 1.0, 1.0, 4.0]
[00:56:14] [Server thread/INFO] (Minecraft) [STDOUT]: Sending Info now
[00:56:14] [Server thread/INFO] (Minecraft) [STDOUT]: LEN: 4
[00:56:14] [Server thread/INFO] (Minecraft) [STDOUT]: [1.0, 1.0, 1.0, 4.0]
[00:56:14] [Server thread/INFO] (Minecraft) [STDOUT]: Sending Info now
[00:56:14] [Server thread/INFO] (Minecraft) [STDOUT]: LEN: 4
[00:56:14] [Server thread/INFO] (Minecraft) [STDOUT]: [1.0, 1.0, 1.0, 4.0]
[00:56:14] [Server thread/INFO] (Minecraft) [STDOUT]: Sending Info now
[00:56:14] [Server thread/INFO] (Minecraft) [STDOUT]: LEN: 4
[00:56:14] [Server thread/INFO] (Minecraft) [STDOUT]: [1.0, 1.0, 1.0, 4.0]
[00:56:14] [Server thread/INFO] (Minecraft) [STDOUT]: Sending Info now
[00:56:14] [Server thread/INFO] (Minecraft) [STDOUT]: LEN: 4
[00:56:14] [Server thread/INFO] (Minecraft) [STDOUT]: [1.0, 1.0, 1.0, 4.0]
[00:56:14] [Server thread/INFO] (Minecraft) [STDOUT]: Sending Info now
[00:56:14] [Server thread/INFO] (Minecraft) [STDOUT]: LEN: 4
[00:56:14] [Server thread/INFO] (Minecraft) [STDOUT]: [1.0, 1.0, 1.0, 4.0]
[00:56:14] [Server thread/INFO] (Minecraft) [STDOUT]: Sending Info now
[00:56:14] [Server thread/INFO] (Minecraft) [STDOUT]: LEN: 4
[00:56:14] [Server thread/INFO] (Minecraft) [STDOUT]: [1.0, 1.0, 1.0, 4.0]
[00:56:14] [Server thread/INFO] (Minecraft) [STDOUT]: Sending Info now
[00:56:14] [Server thread/INFO] (Minecraft) [STDOUT]: LEN: 4
[00:56:14] [Server thread/INFO] (Minecraft) [STDOUT]: [1.0, 1.0, 1.0, 4.0]
[00:56:14] [Server thread/INFO] (Minecraft) [STDOUT]: Sending Info now
[00:56:14] [Server thread/INFO] (Minecraft) [STDOUT]: LEN: 4
[00:56:14] [Server thread/INFO] (Minecraft) [STDOUT]: [1.0, 1.0, 1.0, 4.0]
[00:56:14] [Server thread/INFO] (Minecraft) [STDOUT]: Sending Info now
[00:56:14] [Server thread/INFO] (Minecraft) [STDOUT]: LEN: 4
[00:56:14] [Server thread/INFO] (Minecraft) [STDOUT]: [1.0, 1.0, 1.0, 4.0]
[00:56:15] [Server thread/INFO] (Minecraft) [STDOUT]: Sending Info now
[00:56:15] [Server thread/INFO] (Minecraft) [STDOUT]: LEN: 4
[00:56:15] [Server thread/INFO] (Minecraft) [STDOUT]: [1.0, 1.0, 1.0, 4.0]
[00:56:15] [Server thread/INFO] (Minecraft) [STDOUT]: Sending Info now
[00:56:15] [Server thread/INFO] (Minecraft) [STDOUT]: LEN: 4
[00:56:15] [Server thread/INFO] (Minecraft) [STDOUT]: [1.0, 1.0, 1.0, 4.0]
[00:56:15] [Server thread/INFO] (Minecraft) [STDOUT]: Sending Info now
[00:56:15] [Server thread/INFO] (Minecraft) [STDOUT]: LEN: 4
[00:56:15] [Server thread/INFO] (Minecraft) [STDOUT]: [1.0, 1.0, 1.0, 4.0]
[00:56:15] [Server thread/INFO] (Minecraft) [STDOUT]: Sending Info now
[00:56:15] [Server thread/INFO] (Minecraft) [STDOUT]: LEN: 4
[00:56:15] [Server thread/INFO] (Minecraft) [STDOUT]: [1.0, 1.0, 1.0, 4.0]
[00:56:15] [Server thread/INFO] (Minecraft) [STDOUT]: Sending Info now
[00:56:15] [Server thread/INFO] (Minecraft) [STDOUT]: LEN: 4
[00:56:15] [Server thread/INFO] (Minecraft) [STDOUT]: [1.0, 1.0, 1.0, 4.0]
[00:56:15] [Server thread/INFO] (Minecraft) [STDOUT]: Sending Info now
[00:56:15] [Server thread/INFO] (Minecraft) [STDOUT]: LEN: 4
[00:56:15] [Server thread/INFO] (Minecraft) [STDOUT]: [1.0, 1.0, 1.0, 4.0]
[00:56:15] [Server thread/INFO] (Minecraft) [STDOUT]: Sending Info now
[00:56:15] [Server thread/INFO] (Minecraft) [STDOUT]: LEN: 4
[00:56:15] [Server thread/INFO] (Minecraft) [STDOUT]: [1.0, 1.0, 1.0, 4.0]
[00:56:15] [Server thread/INFO] (Minecraft) [STDOUT]: Sending Info now
[00:56:15] [Server thread/INFO] (Minecraft) [STDOUT]: LEN: 4
[00:56:15] [Server thread/INFO] (Minecraft) [STDOUT]: [1.0, 1.0, 1.0, 4.0]
[00:56:15] [Server thread/INFO] (Minecraft) [STDOUT]: Sending Info now
[00:56:15] [Server thread/INFO] (Minecraft) [STDOUT]: LEN: 4
[00:56:15] [Server thread/INFO] (Minecraft) [STDOUT]: [1.0, 1.0, 1.0, 4.0]
[00:56:15] [Server thread/INFO] (Minecraft) [STDOUT]: Sending Info now
[00:56:15] [Server thread/INFO] (Minecraft) [STDOUT]: LEN: 4
[00:56:15] [Server thread/INFO] (Minecraft) [STDOUT]: [1.0, 1.0, 1.0, 4.0]
[00:56:16] [Server thread/INFO] (Minecraft) [STDOUT]: Sending Info now
[00:56:16] [Server thread/INFO] (Minecraft) [STDOUT]: LEN: 4
[00:56:16] [Server thread/INFO] (Minecraft) [STDOUT]: [1.0, 1.0, 1.0, 4.0]
[00:56:16] [Server thread/INFO] (Minecraft) [STDOUT]: Sending Info now
[00:56:16] [Server thread/INFO] (Minecraft) [STDOUT]: LEN: 4
[00:56:16] [Server thread/INFO] (Minecraft) [STDOUT]: [1.0, 1.0, 1.0, 4.0]
[00:56:16] [Server thread/INFO] (Minecraft) [STDOUT]: Sending Info now
[00:56:16] [Server thread/INFO] (Minecraft) [STDOUT]: LEN: 4
[00:56:16] [Server thread/INFO] (Minecraft) [STDOUT]: [1.0, 1.0, 1.0, 4.0]
[00:56:16] [Server thread/INFO] (Minecraft) [STDOUT]: Sending Info now
[00:56:16] [Server thread/INFO] (Minecraft) [STDOUT]: LEN: 4
[00:56:16] [Server thread/INFO] (Minecraft) [STDOUT]: [1.0, 1.0, 1.0, 4.0]
[00:56:16] [Server thread/INFO] (Minecraft) [STDOUT]: Sending Info now
[00:56:16] [Server thread/INFO] (Minecraft) [STDOUT]: LEN: 4
[00:56:16] [Server thread/INFO] (Minecraft) [STDOUT]: [1.0, 1.0, 1.0, 4.0]
[00:56:16] [Server thread/INFO] (Minecraft) [STDOUT]: Sending Info now
[00:56:16] [Server thread/INFO] (Minecraft) [STDOUT]: LEN: 4
[00:56:16] [Server thread/INFO] (Minecraft) [STDOUT]: [1.0, 1.0, 1.0, 4.0]
[00:56:16] [Server thread/INFO] (Minecraft) [STDOUT]: Sending Info now
[00:56:16] [Server thread/INFO] (Minecraft) [STDOUT]: LEN: 4
[00:56:16] [Server thread/INFO] (Minecraft) [STDOUT]: [1.0, 1.0, 1.0, 4.0]
[00:56:16] [Server thread/INFO] (Minecraft) [STDOUT]: Sending Info now
[00:56:16] [Server thread/INFO] (Minecraft) [STDOUT]: LEN: 4
[00:56:16] [Server thread/INFO] (Minecraft) [STDOUT]: [1.0, 1.0, 1.0, 4.0]
[00:56:16] [Server thread/INFO] (Minecraft) [STDOUT]: Sending Info now
[00:56:16] [Server thread/INFO] (Minecraft) [STDOUT]: LEN: 4
[00:56:16] [Server thread/INFO] (Minecraft) [STDOUT]: [1.0, 1.0, 1.0, 4.0]
[00:56:16] [Server thread/INFO] (Minecraft) [STDOUT]: Sending Info now
[00:56:16] [Server thread/INFO] (Minecraft) [STDOUT]: LEN: 4
[00:56:16] [Server thread/INFO] (Minecraft) [STDOUT]: [1.0, 1.0, 1.0, 4.0]
[00:56:17] [Server thread/INFO] (Minecraft) [STDOUT]: Sending Info now
[00:56:17] [Server thread/INFO] (Minecraft) [STDOUT]: LEN: 4
[00:56:17] [Server thread/INFO] (Minecraft) [STDOUT]: [1.0, 1.0, 1.0, 4.0]
[00:56:17] [Server thread/INFO] (Minecraft) [STDOUT]: Sending Info now
[00:56:17] [Server thread/INFO] (Minecraft) [STDOUT]: LEN: 4
[00:56:17] [Server thread/INFO] (Minecraft) [STDOUT]: [1.0, 1.0, 1.0, 4.0]
[00:56:17] [Server thread/INFO] (Minecraft) [STDOUT]: Sending Info now
[00:56:17] [Server thread/INFO] (Minecraft) [STDOUT]: LEN: 4
[00:56:17] [Server thread/INFO] (Minecraft) [STDOUT]: [1.0, 1.0, 1.0, 4.0]
[00:56:17] [Server thread/INFO] (Minecraft) [STDOUT]: Sending Info now
[00:56:17] [Server thread/INFO] (Minecraft) [STDOUT]: LEN: 4
[00:56:17] [Server thread/INFO] (Minecraft) [STDOUT]: [1.0, 1.0, 1.0, 4.0]
[00:56:17] [Server thread/INFO] (Minecraft) [STDOUT]: Sending Info now
[00:56:17] [Server thread/INFO] (Minecraft) [STDOUT]: LEN: 4
[00:56:17] [Server thread/INFO] (Minecraft) [STDOUT]: [1.0, 1.0, 1.0, 4.0]
[00:56:17] [Server thread/INFO] (Minecraft) [STDOUT]: Sending Info now
[00:56:17] [Server thread/INFO] (Minecraft) [STDOUT]: LEN: 4
[00:56:17] [Server thread/INFO] (Minecraft) [STDOUT]: [1.0, 1.0, 1.0, 4.0]
[00:56:17] [Server thread/INFO] (Minecraft) [STDOUT]: Sending Info now
[00:56:17] [Server thread/INFO] (Minecraft) [STDOUT]: LEN: 4
[00:56:17] [Server thread/INFO] (Minecraft) [STDOUT]: [1.0, 1.0, 1.0, 4.0]
[00:56:17] [Server thread/INFO] (Minecraft) [STDOUT]: Sending Info now
[00:56:17] [Server thread/INFO] (Minecraft) [STDOUT]: LEN: 4
[00:56:17] [Server thread/INFO] (Minecraft) [STDOUT]: [1.0, 1.0, 1.0, 4.0]
[00:56:17] [Server thread/INFO] (Minecraft) [STDOUT]: Sending Info now
[00:56:17] [Server thread/INFO] (Minecraft) [STDOUT]: LEN: 4
[00:56:17] [Server thread/INFO] (Minecraft) [STDOUT]: [1.0, 1.0, 1.0, 4.0]
[00:56:17] [Server thread/INFO] (Minecraft) [STDOUT]: Sending Info now
[00:56:17] [Server thread/INFO] (Minecraft) [STDOUT]: LEN: 4
[00:56:17] [Server thread/INFO] (Minecraft) [STDOUT]: [1.0, 1.0, 1.0, 4.0]
[00:56:18] [Server thread/INFO] (Minecraft) [STDOUT]: Sending Info now
[00:56:18] [Server thread/INFO] (Minecraft) [STDOUT]: LEN: 4
[00:56:18] [Server thread/INFO] (Minecraft) [STDOUT]: [1.0, 1.0, 1.0, 4.0]
[00:56:18] [Server thread/INFO] (Minecraft) [STDOUT]: Sending Info now
[00:56:18] [Server thread/INFO] (Minecraft) [STDOUT]: LEN: 4
[00:56:18] [Server thread/INFO] (Minecraft) [STDOUT]: [1.0, 1.0, 1.0, 4.0]
[00:56:18] [Server thread/INFO] (Minecraft) [STDOUT]: Sending Info now
[00:56:18] [Server thread/INFO] (Minecraft) [STDOUT]: LEN: 4
[00:56:18] [Server thread/INFO] (Minecraft) [STDOUT]: [1.0, 1.0, 1.0, 4.0]
[00:56:18] [Server thread/INFO] (Minecraft) [STDOUT]: Sending Info now
[00:56:18] [Server thread/INFO] (Minecraft) [STDOUT]: LEN: 4
[00:56:18] [Server thread/INFO] (Minecraft) [STDOUT]: [1.0, 1.0, 1.0, 4.0]
[00:56:18] [Server thread/INFO] (Minecraft) [STDOUT]: Sending Info now
[00:56:18] [Server thread/INFO] (Minecraft) [STDOUT]: LEN: 4
[00:56:18] [Server thread/INFO] (Minecraft) [STDOUT]: [1.0, 1.0, 1.0, 4.0]
[00:56:18] [Server thread/INFO] (Minecraft) [STDOUT]: Sending Info now
[00:56:18] [Server thread/INFO] (Minecraft) [STDOUT]: LEN: 4
[00:56:18] [Server thread/INFO] (Minecraft) [STDOUT]: [1.0, 1.0, 1.0, 4.0]
[00:56:18] [Server thread/INFO] (Minecraft) [STDOUT]: Sending Info now
[00:56:18] [Server thread/INFO] (Minecraft) [STDOUT]: LEN: 4
[00:56:18] [Server thread/INFO] (Minecraft) [STDOUT]: [1.0, 1.0, 1.0, 4.0]
[00:56:18] [Server thread/INFO] (Minecraft) [STDOUT]: Sending Info now
[00:56:18] [Server thread/INFO] (Minecraft) [STDOUT]: LEN: 4
[00:56:18] [Server thread/INFO] (Minecraft) [STDOUT]: [1.0, 1.0, 1.0, 4.0]
[00:56:18] [Server thread/INFO] (Minecraft) [STDOUT]: Sending Info now
[00:56:18] [Server thread/INFO] (Minecraft) [STDOUT]: LEN: 4
[00:56:18] [Server thread/INFO] (Minecraft) [STDOUT]: [1.0, 1.0, 1.0, 4.0]
[00:56:18] [Server thread/INFO] (Minecraft) [STDOUT]: Sending Info now
[00:56:18] [Server thread/INFO] (Minecraft) [STDOUT]: LEN: 4
[00:56:18] [Server thread/INFO] (Minecraft) [STDOUT]: [1.0, 1.0, 1.0, 4.0]
[00:56:19] [Server thread/INFO] (Minecraft) [STDOUT]: Sending Info now
[00:56:19] [Server thread/INFO] (Minecraft) [STDOUT]: LEN: 4
[00:56:19] [Server thread/INFO] (Minecraft) [STDOUT]: [1.0, 1.0, 1.0, 4.0]
[00:56:19] [Server thread/INFO] (Minecraft) [STDOUT]: Sending Info now
[00:56:19] [Server thread/INFO] (Minecraft) [STDOUT]: LEN: 4
[00:56:19] [Server thread/INFO] (Minecraft) [STDOUT]: [1.0, 1.0, 1.0, 4.0]
[00:56:19] [Server thread/INFO] (Minecraft) [STDOUT]: Sending Info now
[00:56:19] [Server thread/INFO] (Minecraft) [STDOUT]: LEN: 4
[00:56:19] [Server thread/INFO] (Minecraft) [STDOUT]: [1.0, 1.0, 1.0, 4.0]
[00:56:19] [Server thread/INFO] (Minecraft) [STDOUT]: Sending Info now
[00:56:19] [Server thread/INFO] (Minecraft) [STDOUT]: LEN: 4
[00:56:19] [Server thread/INFO] (Minecraft) [STDOUT]: [1.0, 1.0, 1.0, 4.0]
[00:56:19] [Server thread/INFO] (Minecraft) [STDOUT]: Sending Info now
[00:56:19] [Server thread/INFO] (Minecraft) [STDOUT]: LEN: 4
[00:56:19] [Server thread/INFO] (Minecraft) [STDOUT]: [1.0, 1.0, 1.0, 4.0]
[00:56:19] [Server thread/INFO] (Minecraft) [STDOUT]: Sending Info now
[00:56:19] [Server thread/INFO] (Minecraft) [STDOUT]: LEN: 4
[00:56:19] [Server thread/INFO] (Minecraft) [STDOUT]: [1.0, 1.0, 1.0, 4.0]
[00:56:19] [Server thread/INFO] (Minecraft) [STDOUT]: Sending Info now
[00:56:19] [Server thread/INFO] (Minecraft) [STDOUT]: LEN: 4
[00:56:19] [Server thread/INFO] (Minecraft) [STDOUT]: [1.0, 1.0, 1.0, 4.0]
[00:56:19] [Server thread/INFO] (Minecraft) [STDOUT]: Sending Info now
[00:56:19] [Server thread/INFO] (Minecraft) [STDOUT]: LEN: 4
[00:56:19] [Server thread/INFO] (Minecraft) [STDOUT]: [1.0, 1.0, 1.0, 4.0]
[00:56:19] [Server thread/INFO] (Minecraft) [STDOUT]: Sending Info now
[00:56:19] [Server thread/INFO] (Minecraft) [STDOUT]: LEN: 4
[00:56:19] [Server thread/INFO] (Minecraft) [STDOUT]: [1.0, 1.0, 1.0, 4.0]
[00:56:19] [Server thread/INFO] (Minecraft) [STDOUT]: Sending Info now
[00:56:19] [Server thread/INFO] (Minecraft) [STDOUT]: LEN: 4
[00:56:19] [Server thread/INFO] (Minecraft) [STDOUT]: [1.0, 1.0, 1.0, 4.0]
[00:56:20] [Server thread/INFO] (Minecraft) [STDOUT]: Sending Info now
[00:56:20] [Server thread/INFO] (Minecraft) [STDOUT]: LEN: 4
[00:56:20] [Server thread/INFO] (Minecraft) [STDOUT]: [1.0, 1.0, 1.0, 4.0]
[00:56:20] [Server thread/INFO] (Minecraft) [STDOUT]: Sending Info now
[00:56:20] [Server thread/INFO] (Minecraft) [STDOUT]: LEN: 4
[00:56:20] [Server thread/INFO] (Minecraft) [STDOUT]: [1.0, 1.0, 1.0, 4.0]
[00:56:20] [Server thread/INFO] (Minecraft) [STDOUT]: Sending Info now
[00:56:20] [Server thread/INFO] (Minecraft) [STDOUT]: LEN: 4
[00:56:20] [Server thread/INFO] (Minecraft) [STDOUT]: [1.0, 1.0, 1.0, 4.0]
[00:56:20] [Server thread/INFO] (Minecraft) [STDOUT]: Sending Info now
[00:56:20] [Server thread/INFO] (Minecraft) [STDOUT]: LEN: 4
[00:56:20] [Server thread/INFO] (Minecraft) [STDOUT]: [1.0, 1.0, 1.0, 4.0]
[00:56:20] [Server thread/INFO] (Minecraft) [STDOUT]: Sending Info now
[00:56:20] [Server thread/INFO] (Minecraft) [STDOUT]: LEN: 4
[00:56:20] [Server thread/INFO] (Minecraft) [STDOUT]: [1.0, 1.0, 1.0, 4.0]
[00:56:20] [Server thread/INFO] (Minecraft) [STDOUT]: Sending Info now
[00:56:20] [Server thread/INFO] (Minecraft) [STDOUT]: LEN: 4
[00:56:20] [Server thread/INFO] (Minecraft) [STDOUT]: [1.0, 1.0, 1.0, 4.0]
[00:56:20] [Server thread/INFO] (Minecraft) [STDOUT]: Sending Info now
[00:56:20] [Server thread/INFO] (Minecraft) [STDOUT]: LEN: 4
[00:56:20] [Server thread/INFO] (Minecraft) [STDOUT]: [1.0, 1.0, 1.0, 4.0]
[00:56:20] [Server thread/INFO] (Minecraft) [STDOUT]: Sending Info now
[00:56:20] [Server thread/INFO] (Minecraft) [STDOUT]: LEN: 4
[00:56:20] [Server thread/INFO] (Minecraft) [STDOUT]: [1.0, 1.0, 1.0, 4.0]
[00:56:20] [Server thread/INFO] (Minecraft) [STDOUT]: Sending Info now
[00:56:20] [Server thread/INFO] (Minecraft) [STDOUT]: LEN: 4
[00:56:20] [Server thread/INFO] (Minecraft) [STDOUT]: [1.0, 1.0, 1.0, 4.0]
[00:56:20] [Server thread/INFO] (Minecraft) [STDOUT]: Sending Info now
[00:56:20] [Server thread/INFO] (Minecraft) [STDOUT]: LEN: 4
[00:56:20] [Server thread/INFO] (Minecraft) [STDOUT]: [1.0, 1.0, 1.0, 4.0]
[00:56:21] [Server thread/INFO] (Minecraft) [STDOUT]: Sending Info now
[00:56:21] [Server thread/INFO] (Minecraft) [STDOUT]: LEN: 4
[00:56:21] [Server thread/INFO] (Minecraft) [STDOUT]: [1.0, 1.0, 1.0, 4.0]
[00:56:21] [Server thread/INFO] (Minecraft) [STDOUT]: Sending Info now
[00:56:21] [Server thread/INFO] (Minecraft) [STDOUT]: LEN: 4
[00:56:21] [Server thread/INFO] (Minecraft) [STDOUT]: [1.0, 1.0, 1.0, 4.0]
[00:56:21] [Server thread/INFO] (Minecraft) [STDOUT]: Sending Info now
[00:56:21] [Server thread/INFO] (Minecraft) [STDOUT]: LEN: 4
[00:56:21] [Server thread/INFO] (Minecraft) [STDOUT]: [1.0, 1.0, 1.0, 4.0]
[00:56:21] [Server thread/INFO] (Minecraft) [STDOUT]: Sending Info now
[00:56:21] [Server thread/INFO] (Minecraft) [STDOUT]: LEN: 4
[00:56:21] [Server thread/INFO] (Minecraft) [STDOUT]: [1.0, 1.0, 1.0, 4.0]
[00:56:21] [Server thread/INFO] (Minecraft) [STDOUT]: Sending Info now
[00:56:21] [Server thread/INFO] (Minecraft) [STDOUT]: LEN: 4
[00:56:21] [Server thread/INFO] (Minecraft) [STDOUT]: [1.0, 1.0, 1.0, 4.0]
[00:56:21] [Server thread/INFO] (Minecraft) [STDOUT]: Sending Info now
[00:56:21] [Server thread/INFO] (Minecraft) [STDOUT]: LEN: 4
[00:56:21] [Server thread/INFO] (Minecraft) [STDOUT]: [1.0, 1.0, 1.0, 4.0]
[00:56:21] [Server thread/INFO] (Minecraft) [STDOUT]: Sending Info now
[00:56:21] [Server thread/INFO] (Minecraft) [STDOUT]: LEN: 4
[00:56:21] [Server thread/INFO] (Minecraft) [STDOUT]: [1.0, 1.0, 1.0, 4.0]
[00:56:21] [Server thread/INFO] (Minecraft) [STDOUT]: Sending Info now
[00:56:21] [Server thread/INFO] (Minecraft) [STDOUT]: LEN: 4
[00:56:21] [Server thread/INFO] (Minecraft) [STDOUT]: [1.0, 1.0, 1.0, 4.0]
[00:56:21] [Server thread/INFO] (Minecraft) [STDOUT]: Sending Info now
[00:56:21] [Server thread/INFO] (Minecraft) [STDOUT]: LEN: 4
[00:56:21] [Server thread/INFO] (Minecraft) [STDOUT]: [1.0, 1.0, 1.0, 4.0]
[00:56:21] [Server thread/INFO] (Minecraft) [STDOUT]: Sending Info now
[00:56:21] [Server thread/INFO] (Minecraft) [STDOUT]: LEN: 4
[00:56:21] [Server thread/INFO] (Minecraft) [STDOUT]: [1.0, 1.0, 1.0, 4.0]
[00:56:22] [Server thread/INFO] (Minecraft) [STDOUT]: Sending Info now
[00:56:22] [Server thread/INFO] (Minecraft) [STDOUT]: LEN: 4
[00:56:22] [Server thread/INFO] (Minecraft) [STDOUT]: [1.0, 1.0, 1.0, 4.0]
[00:56:22] [Server thread/INFO] (Minecraft) [STDOUT]: Sending Info now
[00:56:22] [Server thread/INFO] (Minecraft) [STDOUT]: LEN: 4
[00:56:22] [Server thread/INFO] (Minecraft) [STDOUT]: [1.0, 1.0, 1.0, 4.0]
[00:56:22] [Server thread/INFO] (Minecraft) [STDOUT]: Sending Info now
[00:56:22] [Server thread/INFO] (Minecraft) [STDOUT]: LEN: 4
[00:56:22] [Server thread/INFO] (Minecraft) [STDOUT]: [1.0, 1.0, 1.0, 4.0]
[00:56:22] [Server thread/INFO] (Minecraft) [STDOUT]: Sending Info now
[00:56:22] [Server thread/INFO] (Minecraft) [STDOUT]: LEN: 4
[00:56:22] [Server thread/INFO] (Minecraft) [STDOUT]: [1.0, 1.0, 1.0, 4.0]
[00:56:22] [Server thread/INFO] (Minecraft) [STDOUT]: Sending Info now
[00:56:22] [Server thread/INFO] (Minecraft) [STDOUT]: LEN: 4
[00:56:22] [Server thread/INFO] (Minecraft) [STDOUT]: [1.0, 1.0, 1.0, 4.0]
[00:56:22] [Server thread/INFO] (Minecraft) [STDOUT]: Sending Info now
[00:56:22] [Server thread/INFO] (Minecraft) [STDOUT]: LEN: 4
[00:56:22] [Server thread/INFO] (Minecraft) [STDOUT]: [1.0, 1.0, 1.0, 4.0]
[00:56:22] [Server thread/INFO] (Minecraft) [STDOUT]: Sending Info now
[00:56:22] [Server thread/INFO] (Minecraft) [STDOUT]: LEN: 4
[00:56:22] [Server thread/INFO] (Minecraft) [STDOUT]: [1.0, 1.0, 1.0, 4.0]
[00:56:22] [Server thread/INFO] (Minecraft) [STDOUT]: Sending Info now
[00:56:22] [Server thread/INFO] (Minecraft) [STDOUT]: LEN: 4
[00:56:22] [Server thread/INFO] (Minecraft) [STDOUT]: [1.0, 1.0, 1.0, 4.0]
[00:56:22] [Server thread/INFO] (Minecraft) [STDOUT]: Sending Info now
[00:56:22] [Server thread/INFO] (Minecraft) [STDOUT]: LEN: 4
[00:56:22] [Server thread/INFO] (Minecraft) [STDOUT]: [1.0, 1.0, 1.0, 4.0]
[00:56:22] [Server thread/INFO] (Minecraft) [STDOUT]: Sending Info now
[00:56:22] [Server thread/INFO] (Minecraft) [STDOUT]: LEN: 4
[00:56:22] [Server thread/INFO] (Minecraft) [STDOUT]: [1.0, 1.0, 1.0, 4.0]
[00:56:23] [Server thread/INFO] (Minecraft) [STDOUT]: Sending Info now
[00:56:23] [Server thread/INFO] (Minecraft) [STDOUT]: LEN: 4
[00:56:23] [Server thread/INFO] (Minecraft) [STDOUT]: [1.0, 1.0, 1.0, 4.0]
[00:56:23] [Server thread/INFO] (Minecraft) [STDOUT]: Sending Info now
[00:56:23] [Server thread/INFO] (Minecraft) [STDOUT]: LEN: 4
[00:56:23] [Server thread/INFO] (Minecraft) [STDOUT]: [1.0, 1.0, 1.0, 4.0]
[00:56:23] [Server thread/INFO] (Minecraft) [STDOUT]: Sending Info now
[00:56:23] [Server thread/INFO] (Minecraft) [STDOUT]: LEN: 4
[00:56:23] [Server thread/INFO] (Minecraft) [STDOUT]: [1.0, 1.0, 1.0, 4.0]
[00:56:23] [Server thread/INFO] (Minecraft) [STDOUT]: Sending Info now
[00:56:23] [Server thread/INFO] (Minecraft) [STDOUT]: LEN: 4
[00:56:23] [Server thread/INFO] (Minecraft) [STDOUT]: [1.0, 1.0, 1.0, 4.0]
[00:56:23] [Server thread/INFO] (Minecraft) [STDOUT]: Sending Info now
[00:56:23] [Server thread/INFO] (Minecraft) [STDOUT]: LEN: 4
[00:56:23] [Server thread/INFO] (Minecraft) [STDOUT]: [1.0, 1.0, 1.0, 4.0]
[00:56:23] [Server thread/INFO] (Minecraft) [STDOUT]: Sending Info now
[00:56:23] [Server thread/INFO] (Minecraft) [STDOUT]: LEN: 4
[00:56:23] [Server thread/INFO] (Minecraft) [STDOUT]: [1.0, 1.0, 1.0, 4.0]
[00:56:23] [Server thread/INFO] (Minecraft) [STDOUT]: Sending Info now
[00:56:23] [Server thread/INFO] (Minecraft) [STDOUT]: LEN: 4
[00:56:23] [Server thread/INFO] (Minecraft) [STDOUT]: [1.0, 1.0, 1.0, 4.0]
[00:56:23] [Server thread/INFO] (Minecraft) [STDOUT]: Sending Info now
[00:56:23] [Server thread/INFO] (Minecraft) [STDOUT]: LEN: 4
[00:56:23] [Server thread/INFO] (Minecraft) [STDOUT]: [1.0, 1.0, 1.0, 4.0]
[00:56:23] [Server thread/INFO] (Minecraft) [STDOUT]: Sending Info now
[00:56:23] [Server thread/INFO] (Minecraft) [STDOUT]: LEN: 4
[00:56:23] [Server thread/INFO] (Minecraft) [STDOUT]: [1.0, 1.0, 1.0, 4.0]
[00:56:23] [Server thread/INFO] (Minecraft) [STDOUT]: Sending Info now
[00:56:23] [Server thread/INFO] (Minecraft) [STDOUT]: LEN: 4
[00:56:23] [Server thread/INFO] (Minecraft) [STDOUT]: [1.0, 1.0, 1.0, 4.0]
[00:56:24] [Server thread/INFO] (Minecraft) [STDOUT]: Sending Info now
[00:56:24] [Server thread/INFO] (Minecraft) [STDOUT]: LEN: 4
[00:56:24] [Server thread/INFO] (Minecraft) [STDOUT]: [1.0, 1.0, 1.0, 4.0]
[00:56:24] [Server thread/INFO] (Minecraft) [STDOUT]: Sending Info now
[00:56:24] [Server thread/INFO] (Minecraft) [STDOUT]: LEN: 4
[00:56:24] [Server thread/INFO] (Minecraft) [STDOUT]: [1.0, 1.0, 1.0, 4.0]
[00:56:24] [Server thread/INFO] (Minecraft) [STDOUT]: Sending Info now
[00:56:24] [Server thread/INFO] (Minecraft) [STDOUT]: LEN: 4
[00:56:24] [Server thread/INFO] (Minecraft) [STDOUT]: [1.0, 1.0, 1.0, 4.0]
[00:56:24] [Server thread/INFO] (Minecraft) [STDOUT]: Sending Info now
[00:56:24] [Server thread/INFO] (Minecraft) [STDOUT]: LEN: 4
[00:56:24] [Server thread/INFO] (Minecraft) [STDOUT]: [1.0, 1.0, 1.0, 4.0]
[00:56:24] [Server thread/INFO] (Minecraft) [STDOUT]: Sending Info now
[00:56:24] [Server thread/INFO] (Minecraft) [STDOUT]: LEN: 4
[00:56:24] [Server thread/INFO] (Minecraft) [STDOUT]: [1.0, 1.0, 1.0, 4.0]
[00:56:24] [Server thread/INFO] (Minecraft) [STDOUT]: Sending Info now
[00:56:24] [Server thread/INFO] (Minecraft) [STDOUT]: LEN: 4
[00:56:24] [Server thread/INFO] (Minecraft) [STDOUT]: [1.0, 1.0, 1.0, 4.0]
[00:56:24] [Server thread/INFO] (Minecraft) [STDOUT]: Sending Info now
[00:56:24] [Server thread/INFO] (Minecraft) [STDOUT]: LEN: 4
[00:56:24] [Server thread/INFO] (Minecraft) [STDOUT]: [1.0, 1.0, 1.0, 4.0]
[00:56:24] [Server thread/INFO] (Minecraft) [STDOUT]: Sending Info now
[00:56:24] [Server thread/INFO] (Minecraft) [STDOUT]: LEN: 4
[00:56:24] [Server thread/INFO] (Minecraft) [STDOUT]: [1.0, 1.0, 1.0, 4.0]
[00:56:24] [Server thread/INFO] (Minecraft) [STDOUT]: Sending Info now
[00:56:24] [Server thread/INFO] (Minecraft) [STDOUT]: LEN: 4
[00:56:24] [Server thread/INFO] (Minecraft) [STDOUT]: [1.0, 1.0, 1.0, 4.0]
[00:56:24] [Server thread/INFO] (Minecraft) [STDOUT]: Sending Info now
[00:56:24] [Server thread/INFO] (Minecraft) [STDOUT]: LEN: 4
[00:56:24] [Server thread/INFO] (Minecraft) [STDOUT]: [1.0, 1.0, 1.0, 4.0]
[00:56:25] [Server thread/INFO] (Minecraft) [STDOUT]: Sending Info now
[00:56:25] [Server thread/INFO] (Minecraft) [STDOUT]: LEN: 4
[00:56:25] [Server thread/INFO] (Minecraft) [STDOUT]: [1.0, 1.0, 1.0, 4.0]
[00:56:25] [Server thread/INFO] (Minecraft) [STDOUT]: Sending Info now
[00:56:25] [Server thread/INFO] (Minecraft) [STDOUT]: LEN: 4
[00:56:25] [Server thread/INFO] (Minecraft) [STDOUT]: [1.0, 1.0, 1.0, 4.0]
[00:56:25] [Server thread/INFO] (Minecraft) [STDOUT]: Sending Info now
[00:56:25] [Server thread/INFO] (Minecraft) [STDOUT]: LEN: 4
[00:56:25] [Server thread/INFO] (Minecraft) [STDOUT]: [1.0, 1.0, 1.0, 4.0]
[00:56:25] [Server thread/INFO] (Minecraft) [STDOUT]: Sending Info now
[00:56:25] [Server thread/INFO] (Minecraft) [STDOUT]: LEN: 4
[00:56:25] [Server thread/INFO] (Minecraft) [STDOUT]: [1.0, 1.0, 1.0, 4.0]
[00:56:25] [Server thread/INFO] (Minecraft) [STDOUT]: Sending Info now
[00:56:25] [Server thread/INFO] (Minecraft) [STDOUT]: LEN: 4
[00:56:25] [Server thread/INFO] (Minecraft) [STDOUT]: [1.0, 1.0, 1.0, 4.0]
[00:56:25] [Server thread/INFO] (Minecraft) [STDOUT]: Sending Info now
[00:56:25] [Server thread/INFO] (Minecraft) [STDOUT]: LEN: 4
[00:56:25] [Server thread/INFO] (Minecraft) [STDOUT]: [1.0, 1.0, 1.0, 4.0]
[00:56:25] [Server thread/INFO] (Minecraft) [STDOUT]: Sending Info now
[00:56:25] [Server thread/INFO] (Minecraft) [STDOUT]: LEN: 4
[00:56:25] [Server thread/INFO] (Minecraft) [STDOUT]: [1.0, 1.0, 1.0, 4.0]
[00:56:25] [Server thread/INFO] (Minecraft) [STDOUT]: Sending Info now
[00:56:25] [Server thread/INFO] (Minecraft) [STDOUT]: LEN: 4
[00:56:25] [Server thread/INFO] (Minecraft) [STDOUT]: [1.0, 1.0, 1.0, 4.0]
[00:56:25] [Server thread/INFO] (Minecraft) [STDOUT]: Sending Info now
[00:56:25] [Server thread/INFO] (Minecraft) [STDOUT]: LEN: 4
[00:56:25] [Server thread/INFO] (Minecraft) [STDOUT]: [1.0, 1.0, 1.0, 4.0]
[00:56:25] [Server thread/INFO] (Minecraft) [STDOUT]: Sending Info now
[00:56:25] [Server thread/INFO] (Minecraft) [STDOUT]: LEN: 4
[00:56:25] [Server thread/INFO] (Minecraft) [STDOUT]: [1.0, 1.0, 1.0, 4.0]
[00:56:26] [Server thread/INFO] (Minecraft) [STDOUT]: Sending Info now
[00:56:26] [Server thread/INFO] (Minecraft) [STDOUT]: LEN: 4
[00:56:26] [Server thread/INFO] (Minecraft) [STDOUT]: [1.0, 1.0, 1.0, 4.0]
[00:56:26] [Server thread/INFO] (Minecraft) [STDOUT]: Sending Info now
[00:56:26] [Server thread/INFO] (Minecraft) [STDOUT]: LEN: 4
[00:56:26] [Server thread/INFO] (Minecraft) [STDOUT]: [1.0, 1.0, 1.0, 4.0]
[00:56:26] [Server thread/INFO] (Minecraft) [STDOUT]: Sending Info now
[00:56:26] [Server thread/INFO] (Minecraft) [STDOUT]: LEN: 4
[00:56:26] [Server thread/INFO] (Minecraft) [STDOUT]: [1.0, 1.0, 1.0, 4.0]
[00:56:26] [Server thread/INFO] (Minecraft) [STDOUT]: Sending Info now
[00:56:26] [Server thread/INFO] (Minecraft) [STDOUT]: LEN: 4
[00:56:26] [Server thread/INFO] (Minecraft) [STDOUT]: [1.0, 1.0, 1.0, 4.0]
[00:56:26] [Server thread/INFO] (Minecraft) [STDOUT]: Sending Info now
[00:56:26] [Server thread/INFO] (Minecraft) [STDOUT]: LEN: 4
[00:56:26] [Server thread/INFO] (Minecraft) [STDOUT]: [1.0, 1.0, 1.0, 4.0]
[00:56:26] [Server thread/INFO] (Minecraft) [STDOUT]: Sending Info now
[00:56:26] [Server thread/INFO] (Minecraft) [STDOUT]: LEN: 4
[00:56:26] [Server thread/INFO] (Minecraft) [STDOUT]: [1.0, 1.0, 1.0, 4.0]
[00:56:26] [Server thread/INFO] (Minecraft) [STDOUT]: Sending Info now
[00:56:26] [Server thread/INFO] (Minecraft) [STDOUT]: LEN: 4
[00:56:26] [Server thread/INFO] (Minecraft) [STDOUT]: [1.0, 1.0, 1.0, 4.0]
[00:56:26] [Server thread/INFO] (Minecraft) [STDOUT]: Sending Info now
[00:56:26] [Server thread/INFO] (Minecraft) [STDOUT]: LEN: 4
[00:56:26] [Server thread/INFO] (Minecraft) [STDOUT]: [1.0, 1.0, 1.0, 4.0]
[00:56:26] [Server thread/INFO] (Minecraft) [STDOUT]: Sending Info now
[00:56:26] [Server thread/INFO] (Minecraft) [STDOUT]: LEN: 4
[00:56:26] [Server thread/INFO] (Minecraft) [STDOUT]: [1.0, 1.0, 1.0, 4.0]
[00:56:26] [Server thread/INFO] (Minecraft) [STDOUT]: Sending Info now
[00:56:26] [Server thread/INFO] (Minecraft) [STDOUT]: LEN: 4
[00:56:26] [Server thread/INFO] (Minecraft) [STDOUT]: [1.0, 1.0, 1.0, 4.0]
[00:56:27] [Server thread/INFO] (Minecraft) [STDOUT]: Sending Info now
[00:56:27] [Server thread/INFO] (Minecraft) [STDOUT]: LEN: 4
[00:56:27] [Server thread/INFO] (Minecraft) [STDOUT]: [1.0, 1.0, 1.0, 4.0]
[00:56:27] [Server thread/INFO] (Minecraft) [STDOUT]: Sending Info now
[00:56:27] [Server thread/INFO] (Minecraft) [STDOUT]: LEN: 4
[00:56:27] [Server thread/INFO] (Minecraft) [STDOUT]: [1.0, 1.0, 1.0, 4.0]
[00:56:27] [Server thread/INFO] (Minecraft) [STDOUT]: Sending Info now
[00:56:27] [Server thread/INFO] (Minecraft) [STDOUT]: LEN: 4
[00:56:27] [Server thread/INFO] (Minecraft) [STDOUT]: [1.0, 1.0, 1.0, 4.0]
[00:56:27] [Server thread/INFO] (Minecraft) [STDOUT]: Sending Info now
[00:56:27] [Server thread/INFO] (Minecraft) [STDOUT]: LEN: 4
[00:56:27] [Server thread/INFO] (Minecraft) [STDOUT]: [1.0, 1.0, 1.0, 4.0]
[00:56:27] [Server thread/INFO] (Minecraft) [STDOUT]: Sending Info now
[00:56:27] [Server thread/INFO] (Minecraft) [STDOUT]: LEN: 4
[00:56:27] [Server thread/INFO] (Minecraft) [STDOUT]: [1.0, 1.0, 1.0, 4.0]
[00:56:27] [Server thread/INFO] (Minecraft) [STDOUT]: Sending Info now
[00:56:27] [Server thread/INFO] (Minecraft) [STDOUT]: LEN: 4
[00:56:27] [Server thread/INFO] (Minecraft) [STDOUT]: [1.0, 1.0, 1.0, 4.0]
[00:56:27] [Server thread/INFO] (Minecraft) [STDOUT]: Sending Info now
[00:56:27] [Server thread/INFO] (Minecraft) [STDOUT]: LEN: 4
[00:56:27] [Server thread/INFO] (Minecraft) [STDOUT]: [1.0, 1.0, 1.0, 4.0]
[00:56:27] [Server thread/INFO] (Minecraft) [STDOUT]: Sending Info now
[00:56:27] [Server thread/INFO] (Minecraft) [STDOUT]: LEN: 4
[00:56:27] [Server thread/INFO] (Minecraft) [STDOUT]: [1.0, 1.0, 1.0, 4.0]
[00:56:27] [Server thread/INFO] (Minecraft) [STDOUT]: Sending Info now
[00:56:27] [Server thread/INFO] (Minecraft) [STDOUT]: LEN: 4
[00:56:27] [Server thread/INFO] (Minecraft) [STDOUT]: [1.0, 1.0, 1.0, 4.0]
[00:56:27] [Server thread/INFO] (Minecraft) [STDOUT]: Sending Info now
[00:56:27] [Server thread/INFO] (Minecraft) [STDOUT]: LEN: 4
[00:56:27] [Server thread/INFO] (Minecraft) [STDOUT]: [1.0, 1.0, 1.0, 4.0]
[00:56:28] [Server thread/INFO] (Minecraft) [STDOUT]: Sending Info now
[00:56:28] [Server thread/INFO] (Minecraft) [STDOUT]: LEN: 4
[00:56:28] [Server thread/INFO] (Minecraft) [STDOUT]: [1.0, 1.0, 1.0, 4.0]
[00:56:28] [Server thread/INFO] (Minecraft) [STDOUT]: Sending Info now
[00:56:28] [Server thread/INFO] (Minecraft) [STDOUT]: LEN: 4
[00:56:28] [Server thread/INFO] (Minecraft) [STDOUT]: [1.0, 1.0, 1.0, 4.0]
[00:56:28] [Server thread/INFO] (Minecraft) [STDOUT]: Sending Info now
[00:56:28] [Server thread/INFO] (Minecraft) [STDOUT]: LEN: 4
[00:56:28] [Server thread/INFO] (Minecraft) [STDOUT]: [1.0, 1.0, 1.0, 4.0]
[00:56:28] [Server thread/INFO] (Minecraft) [STDOUT]: Sending Info now
[00:56:28] [Server thread/INFO] (Minecraft) [STDOUT]: LEN: 4
[00:56:28] [Server thread/INFO] (Minecraft) [STDOUT]: [1.0, 1.0, 1.0, 4.0]
[00:56:28] [Server thread/INFO] (Minecraft) [STDOUT]: Sending Info now
[00:56:28] [Server thread/INFO] (Minecraft) [STDOUT]: LEN: 4
[00:56:28] [Server thread/INFO] (Minecraft) [STDOUT]: [1.0, 1.0, 1.0, 4.0]
[00:56:28] [Server thread/INFO] (Minecraft) [STDOUT]: Sending Info now
[00:56:28] [Server thread/INFO] (Minecraft) [STDOUT]: LEN: 4
[00:56:28] [Server thread/INFO] (Minecraft) [STDOUT]: [1.0, 1.0, 1.0, 4.0]
[00:56:28] [Server thread/INFO] (Minecraft) [STDOUT]: Sending Info now
[00:56:28] [Server thread/INFO] (Minecraft) [STDOUT]: LEN: 4
[00:56:28] [Server thread/INFO] (Minecraft) [STDOUT]: [1.0, 1.0, 1.0, 4.0]
[00:56:28] [Server thread/INFO] (Minecraft) [STDOUT]: Sending Info now
[00:56:28] [Server thread/INFO] (Minecraft) [STDOUT]: LEN: 4
[00:56:28] [Server thread/INFO] (Minecraft) [STDOUT]: [1.0, 1.0, 1.0, 4.0]
[00:56:28] [Server thread/INFO] (Minecraft) [STDOUT]: Sending Info now
[00:56:28] [Server thread/INFO] (Minecraft) [STDOUT]: LEN: 4
[00:56:28] [Server thread/INFO] (Minecraft) [STDOUT]: [1.0, 1.0, 1.0, 4.0]
[00:56:28] [Server thread/INFO] (Minecraft) [STDOUT]: Sending Info now
[00:56:28] [Server thread/INFO] (Minecraft) [STDOUT]: LEN: 4
[00:56:28] [Server thread/INFO] (Minecraft) [STDOUT]: [1.0, 1.0, 1.0, 4.0]
[00:56:29] [Server thread/INFO] (Minecraft) [STDOUT]: Sending Info now
[00:56:29] [Server thread/INFO] (Minecraft) [STDOUT]: LEN: 4
[00:56:29] [Server thread/INFO] (Minecraft) [STDOUT]: [1.0, 1.0, 1.0, 4.0]
[00:56:29] [Server thread/INFO] (Minecraft) [STDOUT]: Sending Info now
[00:56:29] [Server thread/INFO] (Minecraft) [STDOUT]: LEN: 4
[00:56:29] [Server thread/INFO] (Minecraft) [STDOUT]: [1.0, 1.0, 1.0, 4.0]
[00:56:29] [Server thread/INFO] (Minecraft) [STDOUT]: Sending Info now
[00:56:29] [Server thread/INFO] (Minecraft) [STDOUT]: LEN: 4
[00:56:29] [Server thread/INFO] (Minecraft) [STDOUT]: [1.0, 1.0, 1.0, 4.0]
[00:56:29] [Server thread/INFO] (Minecraft) [STDOUT]: Sending Info now
[00:56:29] [Server thread/INFO] (Minecraft) [STDOUT]: LEN: 4
[00:56:29] [Server thread/INFO] (Minecraft) [STDOUT]: [1.0, 1.0, 1.0, 4.0]
[00:56:29] [Server thread/INFO] (Minecraft) [STDOUT]: Sending Info now
[00:56:29] [Server thread/INFO] (Minecraft) [STDOUT]: LEN: 4
[00:56:29] [Server thread/INFO] (Minecraft) [STDOUT]: [1.0, 1.0, 1.0, 4.0]
[00:56:29] [Server thread/INFO] (Minecraft) [STDOUT]: Sending Info now
[00:56:29] [Server thread/INFO] (Minecraft) [STDOUT]: LEN: 4
[00:56:29] [Server thread/INFO] (Minecraft) [STDOUT]: [1.0, 1.0, 1.0, 4.0]
[00:56:29] [Server thread/INFO] (Minecraft) [STDOUT]: Sending Info now
[00:56:29] [Server thread/INFO] (Minecraft) [STDOUT]: LEN: 4
[00:56:29] [Server thread/INFO] (Minecraft) [STDOUT]: [1.0, 1.0, 1.0, 4.0]
[00:56:29] [Server thread/INFO] (Minecraft) [STDOUT]: Sending Info now
[00:56:29] [Server thread/INFO] (Minecraft) [STDOUT]: LEN: 4
[00:56:29] [Server thread/INFO] (Minecraft) [STDOUT]: [1.0, 1.0, 1.0, 4.0]
[00:56:29] [Server thread/INFO] (Minecraft) [STDOUT]: Sending Info now
[00:56:29] [Server thread/INFO] (Minecraft) [STDOUT]: LEN: 4
[00:56:29] [Server thread/INFO] (Minecraft) [STDOUT]: [1.0, 1.0, 1.0, 4.0]
[00:56:29] [Server thread/INFO] (Minecraft) [STDOUT]: Sending Info now
[00:56:29] [Server thread/INFO] (Minecraft) [STDOUT]: LEN: 4
[00:56:29] [Server thread/INFO] (Minecraft) [STDOUT]: [1.0, 1.0, 1.0, 4.0]
[00:56:30] [Server thread/INFO] (Minecraft) [STDOUT]: Sending Info now
[00:56:30] [Server thread/INFO] (Minecraft) [STDOUT]: LEN: 4
[00:56:30] [Server thread/INFO] (Minecraft) [STDOUT]: [1.0, 1.0, 1.0, 4.0]
[00:56:30] [Server thread/INFO] (Minecraft) [STDOUT]: Sending Info now
[00:56:30] [Server thread/INFO] (Minecraft) [STDOUT]: LEN: 4
[00:56:30] [Server thread/INFO] (Minecraft) [STDOUT]: [1.0, 1.0, 1.0, 4.0]
[00:56:30] [Server thread/INFO] (Minecraft) [STDOUT]: Sending Info now
[00:56:30] [Server thread/INFO] (Minecraft) [STDOUT]: LEN: 4
[00:56:30] [Server thread/INFO] (Minecraft) [STDOUT]: [1.0, 1.0, 1.0, 4.0]
[00:56:30] [Server thread/INFO] (Minecraft) [STDOUT]: Sending Info now
[00:56:30] [Server thread/INFO] (Minecraft) [STDOUT]: LEN: 4
[00:56:30] [Server thread/INFO] (Minecraft) [STDOUT]: [1.0, 1.0, 1.0, 4.0]
[00:56:30] [Server thread/INFO] (Minecraft) [STDOUT]: Sending Info now
[00:56:30] [Server thread/INFO] (Minecraft) [STDOUT]: LEN: 4
[00:56:30] [Server thread/INFO] (Minecraft) [STDOUT]: [1.0, 1.0, 1.0, 4.0]
[00:56:30] [Server thread/INFO] (Minecraft) [STDOUT]: Sending Info now
[00:56:30] [Server thread/INFO] (Minecraft) [STDOUT]: LEN: 4
[00:56:30] [Server thread/INFO] (Minecraft) [STDOUT]: [1.0, 1.0, 1.0, 4.0]
[00:56:30] [Server thread/INFO] (Minecraft) [STDOUT]: Sending Info now
[00:56:30] [Server thread/INFO] (Minecraft) [STDOUT]: LEN: 4
[00:56:30] [Server thread/INFO] (Minecraft) [STDOUT]: [1.0, 1.0, 1.0, 4.0]
[00:56:30] [Server thread/INFO] (Minecraft) [STDOUT]: Sending Info now
[00:56:30] [Server thread/INFO] (Minecraft) [STDOUT]: LEN: 4
[00:56:30] [Server thread/INFO] (Minecraft) [STDOUT]: [1.0, 1.0, 1.0, 4.0]
[00:56:30] [Server thread/INFO] (Minecraft) [STDOUT]: Sending Info now
[00:56:30] [Server thread/INFO] (Minecraft) [STDOUT]: LEN: 4
[00:56:30] [Server thread/INFO] (Minecraft) [STDOUT]: [1.0, 1.0, 1.0, 4.0]
[00:56:30] [Server thread/INFO] (Minecraft) [STDOUT]: Sending Info now
[00:56:30] [Server thread/INFO] (Minecraft) [STDOUT]: LEN: 4
[00:56:30] [Server thread/INFO] (Minecraft) [STDOUT]: [1.0, 1.0, 1.0, 4.0]
[00:56:31] [Server thread/INFO] (Minecraft) [STDOUT]: Sending Info now
[00:56:31] [Server thread/INFO] (Minecraft) [STDOUT]: LEN: 4
[00:56:31] [Server thread/INFO] (Minecraft) [STDOUT]: [1.0, 1.0, 1.0, 4.0]
[00:56:31] [Server thread/INFO] (Minecraft) [STDOUT]: Sending Info now
[00:56:31] [Server thread/INFO] (Minecraft) [STDOUT]: LEN: 4
[00:56:31] [Server thread/INFO] (Minecraft) [STDOUT]: [1.0, 1.0, 1.0, 4.0]
[00:56:31] [Server thread/INFO] (Minecraft) [STDOUT]: Sending Info now
[00:56:31] [Server thread/INFO] (Minecraft) [STDOUT]: LEN: 4
[00:56:31] [Server thread/INFO] (Minecraft) [STDOUT]: [1.0, 1.0, 1.0, 4.0]
[00:56:31] [Server thread/INFO] (Minecraft) [STDOUT]: Sending Info now
[00:56:31] [Server thread/INFO] (Minecraft) [STDOUT]: LEN: 4
[00:56:31] [Server thread/INFO] (Minecraft) [STDOUT]: [1.0, 1.0, 1.0, 4.0]
[00:56:31] [Server thread/INFO] (Minecraft) [STDOUT]: Sending Info now
[00:56:31] [Server thread/INFO] (Minecraft) [STDOUT]: LEN: 4
[00:56:31] [Server thread/INFO] (Minecraft) [STDOUT]: [1.0, 1.0, 1.0, 4.0]
[00:56:31] [Server thread/INFO] (Minecraft) [STDOUT]: Sending Info now
[00:56:31] [Server thread/INFO] (Minecraft) [STDOUT]: LEN: 4
[00:56:31] [Server thread/INFO] (Minecraft) [STDOUT]: [1.0, 1.0, 1.0, 4.0]
[00:56:31] [Server thread/INFO] (Minecraft) [STDOUT]: Sending Info now
[00:56:31] [Server thread/INFO] (Minecraft) [STDOUT]: LEN: 4
[00:56:31] [Server thread/INFO] (Minecraft) [STDOUT]: [1.0, 1.0, 1.0, 4.0]
[00:56:31] [Server thread/INFO] (Minecraft) [STDOUT]: Sending Info now
[00:56:31] [Server thread/INFO] (Minecraft) [STDOUT]: LEN: 4
[00:56:31] [Server thread/INFO] (Minecraft) [STDOUT]: [1.0, 1.0, 1.0, 4.0]
[00:56:31] [Server thread/INFO] (Minecraft) [STDOUT]: Sending Info now
[00:56:31] [Server thread/INFO] (Minecraft) [STDOUT]: LEN: 4
[00:56:31] [Server thread/INFO] (Minecraft) [STDOUT]: [1.0, 1.0, 1.0, 4.0]
[00:56:31] [Server thread/INFO] (Minecraft) [STDOUT]: Sending Info now
[00:56:31] [Server thread/INFO] (Minecraft) [STDOUT]: LEN: 4
[00:56:31] [Server thread/INFO] (Minecraft) [STDOUT]: [1.0, 1.0, 1.0, 4.0]
[00:56:32] [Server thread/INFO] (Minecraft) [STDOUT]: Sending Info now
[00:56:32] [Server thread/INFO] (Minecraft) [STDOUT]: LEN: 4
[00:56:32] [Server thread/INFO] (Minecraft) [STDOUT]: [1.0, 1.0, 1.0, 4.0]
[00:56:32] [Server thread/INFO] (Minecraft) [STDOUT]: Sending Info now
[00:56:32] [Server thread/INFO] (Minecraft) [STDOUT]: LEN: 4
[00:56:32] [Server thread/INFO] (Minecraft) [STDOUT]: [1.0, 1.0, 1.0, 4.0]
[00:56:32] [Server thread/INFO] (Minecraft) [STDOUT]: Sending Info now
[00:56:32] [Server thread/INFO] (Minecraft) [STDOUT]: LEN: 4
[00:56:32] [Server thread/INFO] (Minecraft) [STDOUT]: [1.0, 1.0, 1.0, 4.0]
[00:56:32] [Server thread/INFO] (Minecraft) [STDOUT]: Sending Info now
[00:56:32] [Server thread/INFO] (Minecraft) [STDOUT]: LEN: 4
[00:56:32] [Server thread/INFO] (Minecraft) [STDOUT]: [1.0, 1.0, 1.0, 4.0]
[00:56:32] [Server thread/INFO] (Minecraft) [STDOUT]: Sending Info now
[00:56:32] [Server thread/INFO] (Minecraft) [STDOUT]: LEN: 4
[00:56:32] [Server thread/INFO] (Minecraft) [STDOUT]: [1.0, 1.0, 1.0, 4.0]
[00:56:32] [Server thread/INFO] (Minecraft) [STDOUT]: Sending Info now
[00:56:32] [Server thread/INFO] (Minecraft) [STDOUT]: LEN: 4
[00:56:32] [Server thread/INFO] (Minecraft) [STDOUT]: [1.0, 1.0, 1.0, 4.0]
[00:56:32] [Server thread/INFO] (Minecraft) [STDOUT]: Sending Info now
[00:56:32] [Server thread/INFO] (Minecraft) [STDOUT]: LEN: 4
[00:56:32] [Server thread/INFO] (Minecraft) [STDOUT]: [1.0, 1.0, 1.0, 4.0]
[00:56:32] [Server thread/INFO] (Minecraft) [STDOUT]: Sending Info now
[00:56:32] [Server thread/INFO] (Minecraft) [STDOUT]: LEN: 4
[00:56:32] [Server thread/INFO] (Minecraft) [STDOUT]: [1.0, 1.0, 1.0, 4.0]
[00:56:32] [Server thread/INFO] (Minecraft) [STDOUT]: Sending Info now
[00:56:32] [Server thread/INFO] (Minecraft) [STDOUT]: LEN: 4
[00:56:32] [Server thread/INFO] (Minecraft) [STDOUT]: [1.0, 1.0, 1.0, 4.0]
[00:56:32] [Server thread/INFO] (Minecraft) [STDOUT]: Sending Info now
[00:56:32] [Server thread/INFO] (Minecraft) [STDOUT]: LEN: 4
[00:56:32] [Server thread/INFO] (Minecraft) [STDOUT]: [1.0, 1.0, 1.0, 4.0]
[00:56:33] [Server thread/INFO] (Minecraft) [STDOUT]: Sending Info now
[00:56:33] [Server thread/INFO] (Minecraft) [STDOUT]: LEN: 4
[00:56:33] [Server thread/INFO] (Minecraft) [STDOUT]: [1.0, 1.0, 1.0, 4.0]
[00:56:33] [Server thread/INFO] (Minecraft) [STDOUT]: Sending Info now
[00:56:33] [Server thread/INFO] (Minecraft) [STDOUT]: LEN: 4
[00:56:33] [Server thread/INFO] (Minecraft) [STDOUT]: [1.0, 1.0, 1.0, 4.0]
[00:56:33] [Server thread/INFO] (Minecraft) [STDOUT]: Sending Info now
[00:56:33] [Server thread/INFO] (Minecraft) [STDOUT]: LEN: 4
[00:56:33] [Server thread/INFO] (Minecraft) [STDOUT]: [1.0, 1.0, 1.0, 4.0]
[00:56:33] [Server thread/INFO] (Minecraft) [STDOUT]: Sending Info now
[00:56:33] [Server thread/INFO] (Minecraft) [STDOUT]: LEN: 4
[00:56:33] [Server thread/INFO] (Minecraft) [STDOUT]: [1.0, 1.0, 1.0, 4.0]
[00:56:33] [Server thread/INFO] (Minecraft) [STDOUT]: Sending Info now
[00:56:33] [Server thread/INFO] (Minecraft) [STDOUT]: LEN: 4
[00:56:33] [Server thread/INFO] (Minecraft) [STDOUT]: [1.0, 1.0, 1.0, 4.0]
[00:56:33] [Server thread/INFO] (Minecraft) [STDOUT]: Sending Info now
[00:56:33] [Server thread/INFO] (Minecraft) [STDOUT]: LEN: 4
[00:56:33] [Server thread/INFO] (Minecraft) [STDOUT]: [1.0, 1.0, 1.0, 4.0]
[00:56:33] [Server thread/INFO] (Minecraft) [STDOUT]: Sending Info now
[00:56:33] [Server thread/INFO] (Minecraft) [STDOUT]: LEN: 4
[00:56:33] [Server thread/INFO] (Minecraft) [STDOUT]: [1.0, 1.0, 1.0, 4.0]
[00:56:33] [Server thread/INFO] (Minecraft) [STDOUT]: Sending Info now
[00:56:33] [Server thread/INFO] (Minecraft) [STDOUT]: LEN: 4
[00:56:33] [Server thread/INFO] (Minecraft) [STDOUT]: [1.0, 1.0, 1.0, 4.0]
[00:56:33] [Server thread/INFO] (Minecraft) [STDOUT]: Sending Info now
[00:56:33] [Server thread/INFO] (Minecraft) [STDOUT]: LEN: 4
[00:56:33] [Server thread/INFO] (Minecraft) [STDOUT]: [1.0, 1.0, 1.0, 4.0]
[00:56:33] [Server thread/INFO] (Minecraft) [STDOUT]: Sending Info now
[00:56:33] [Server thread/INFO] (Minecraft) [STDOUT]: LEN: 4
[00:56:33] [Server thread/INFO] (Minecraft) [STDOUT]: [1.0, 1.0, 1.0, 4.0]
[00:56:34] [Server thread/INFO] (Minecraft) [STDOUT]: Sending Info now
[00:56:34] [Server thread/INFO] (Minecraft) [STDOUT]: LEN: 4
[00:56:34] [Server thread/INFO] (Minecraft) [STDOUT]: [1.0, 1.0, 1.0, 4.0]
[00:56:34] [Server thread/INFO] (Minecraft) [STDOUT]: Sending Info now
[00:56:34] [Server thread/INFO] (Minecraft) [STDOUT]: LEN: 4
[00:56:34] [Server thread/INFO] (Minecraft) [STDOUT]: [1.0, 1.0, 1.0, 4.0]
[00:56:34] [Server thread/INFO] (Minecraft) [STDOUT]: Sending Info now
[00:56:34] [Server thread/INFO] (Minecraft) [STDOUT]: LEN: 4
[00:56:34] [Server thread/INFO] (Minecraft) [STDOUT]: [1.0, 1.0, 1.0, 4.0]
[00:56:34] [Server thread/INFO] (Minecraft) [STDOUT]: Sending Info now
[00:56:34] [Server thread/INFO] (Minecraft) [STDOUT]: LEN: 4
[00:56:34] [Server thread/INFO] (Minecraft) [STDOUT]: [1.0, 1.0, 1.0, 4.0]
[00:56:34] [Server thread/INFO] (Minecraft) [STDOUT]: Sending Info now
[00:56:34] [Server thread/INFO] (Minecraft) [STDOUT]: LEN: 4
[00:56:34] [Server thread/INFO] (Minecraft) [STDOUT]: [1.0, 1.0, 1.0, 4.0]
[00:56:34] [Server thread/INFO] (Minecraft) [STDOUT]: Sending Info now
[00:56:34] [Server thread/INFO] (Minecraft) [STDOUT]: LEN: 4
[00:56:34] [Server thread/INFO] (Minecraft) [STDOUT]: [1.0, 1.0, 1.0, 4.0]
[00:56:34] [Server thread/INFO] (Minecraft) [STDOUT]: Sending Info now
[00:56:34] [Server thread/INFO] (Minecraft) [STDOUT]: LEN: 4
[00:56:34] [Server thread/INFO] (Minecraft) [STDOUT]: [1.0, 1.0, 1.0, 4.0]
[00:56:34] [Server thread/INFO] (Minecraft) [STDOUT]: Sending Info now
[00:56:34] [Server thread/INFO] (Minecraft) [STDOUT]: LEN: 4
[00:56:34] [Server thread/INFO] (Minecraft) [STDOUT]: [1.0, 1.0, 1.0, 4.0]
[00:56:34] [Server thread/INFO] (Minecraft) [STDOUT]: Sending Info now
[00:56:34] [Server thread/INFO] (Minecraft) [STDOUT]: LEN: 4
[00:56:34] [Server thread/INFO] (Minecraft) [STDOUT]: [1.0, 1.0, 1.0, 4.0]
[00:56:34] [Server thread/INFO] (Minecraft) [STDOUT]: Sending Info now
[00:56:34] [Server thread/INFO] (Minecraft) [STDOUT]: LEN: 4
[00:56:34] [Server thread/INFO] (Minecraft) [STDOUT]: [1.0, 1.0, 1.0, 4.0]
[00:56:35] [Server thread/INFO] (Minecraft) [STDOUT]: Sending Info now
[00:56:35] [Server thread/INFO] (Minecraft) [STDOUT]: LEN: 4
[00:56:35] [Server thread/INFO] (Minecraft) [STDOUT]: [1.0, 1.0, 1.0, 4.0]
[00:56:35] [Server thread/INFO] (Minecraft) [STDOUT]: Sending Info now
[00:56:35] [Server thread/INFO] (Minecraft) [STDOUT]: LEN: 4
[00:56:35] [Server thread/INFO] (Minecraft) [STDOUT]: [1.0, 1.0, 1.0, 4.0]
[00:56:35] [Server thread/INFO] (Minecraft) [STDOUT]: Sending Info now
[00:56:35] [Server thread/INFO] (Minecraft) [STDOUT]: LEN: 4
[00:56:35] [Server thread/INFO] (Minecraft) [STDOUT]: [1.0, 1.0, 1.0, 4.0]
[00:56:35] [Server thread/INFO] (Minecraft) [STDOUT]: Sending Info now
[00:56:35] [Server thread/INFO] (Minecraft) [STDOUT]: LEN: 4
[00:56:35] [Server thread/INFO] (Minecraft) [STDOUT]: [1.0, 1.0, 1.0, 4.0]
[00:56:35] [Server thread/INFO] (Minecraft) [STDOUT]: Sending Info now
[00:56:35] [Server thread/INFO] (Minecraft) [STDOUT]: LEN: 4
[00:56:35] [Server thread/INFO] (Minecraft) [STDOUT]: [1.0, 1.0, 1.0, 4.0]
[00:56:35] [Server thread/INFO] (Minecraft) [STDOUT]: Sending Info now
[00:56:35] [Server thread/INFO] (Minecraft) [STDOUT]: LEN: 4
[00:56:35] [Server thread/INFO] (Minecraft) [STDOUT]: [1.0, 1.0, 1.0, 4.0]
[00:56:35] [Server thread/INFO] (Minecraft) [STDOUT]: Sending Info now
[00:56:35] [Server thread/INFO] (Minecraft) [STDOUT]: LEN: 4
[00:56:35] [Server thread/INFO] (Minecraft) [STDOUT]: [1.0, 1.0, 1.0, 4.0]
[00:56:35] [Server thread/INFO] (Minecraft) [STDOUT]: Sending Info now
[00:56:35] [Server thread/INFO] (Minecraft) [STDOUT]: LEN: 4
[00:56:35] [Server thread/INFO] (Minecraft) [STDOUT]: [1.0, 1.0, 1.0, 4.0]
[00:56:35] [Server thread/INFO] (Minecraft) [STDOUT]: Sending Info now
[00:56:35] [Server thread/INFO] (Minecraft) [STDOUT]: LEN: 4
[00:56:35] [Server thread/INFO] (Minecraft) [STDOUT]: [1.0, 1.0, 1.0, 4.0]
[00:56:35] [Server thread/INFO] (Minecraft) [STDOUT]: Sending Info now
[00:56:35] [Server thread/INFO] (Minecraft) [STDOUT]: LEN: 4
[00:56:35] [Server thread/INFO] (Minecraft) [STDOUT]: [1.0, 1.0, 1.0, 4.0]
[00:56:36] [Server thread/INFO] (Minecraft) [STDOUT]: Sending Info now
[00:56:36] [Server thread/INFO] (Minecraft) [STDOUT]: LEN: 4
[00:56:36] [Server thread/INFO] (Minecraft) [STDOUT]: [1.0, 1.0, 1.0, 4.0]
[00:56:36] [Server thread/INFO] (Minecraft) [STDOUT]: Sending Info now
[00:56:36] [Server thread/INFO] (Minecraft) [STDOUT]: LEN: 4
[00:56:36] [Server thread/INFO] (Minecraft) [STDOUT]: [1.0, 1.0, 1.0, 4.0]
[00:56:36] [Server thread/INFO] (Minecraft) [STDOUT]: Sending Info now
[00:56:36] [Server thread/INFO] (Minecraft) [STDOUT]: LEN: 4
[00:56:36] [Server thread/INFO] (Minecraft) [STDOUT]: [1.0, 1.0, 1.0, 4.0]
[00:56:36] [Server thread/INFO] (Minecraft) [STDOUT]: Sending Info now
[00:56:36] [Server thread/INFO] (Minecraft) [STDOUT]: LEN: 4
[00:56:36] [Server thread/INFO] (Minecraft) [STDOUT]: [1.0, 1.0, 1.0, 4.0]
[00:56:36] [Server thread/INFO] (Minecraft) [STDOUT]: Sending Info now
[00:56:36] [Server thread/INFO] (Minecraft) [STDOUT]: LEN: 4
[00:56:36] [Server thread/INFO] (Minecraft) [STDOUT]: [1.0, 1.0, 1.0, 4.0]
[00:56:36] [Server thread/INFO] (Minecraft) [STDOUT]: Sending Info now
[00:56:36] [Server thread/INFO] (Minecraft) [STDOUT]: LEN: 4
[00:56:36] [Server thread/INFO] (Minecraft) [STDOUT]: [1.0, 1.0, 1.0, 4.0]
[00:56:36] [Server thread/INFO] (Minecraft) [STDOUT]: Sending Info now
[00:56:36] [Server thread/INFO] (Minecraft) [STDOUT]: LEN: 4
[00:56:36] [Server thread/INFO] (Minecraft) [STDOUT]: [1.0, 1.0, 1.0, 4.0]
[00:56:36] [Server thread/INFO] (Minecraft) [STDOUT]: Sending Info now
[00:56:36] [Server thread/INFO] (Minecraft) [STDOUT]: LEN: 4
[00:56:36] [Server thread/INFO] (Minecraft) [STDOUT]: [1.0, 1.0, 1.0, 4.0]
[00:56:36] [Server thread/INFO] (Minecraft) [STDOUT]: Sending Info now
[00:56:36] [Server thread/INFO] (Minecraft) [STDOUT]: LEN: 4
[00:56:36] [Server thread/INFO] (Minecraft) [STDOUT]: [1.0, 1.0, 1.0, 4.0]
[00:56:36] [Server thread/INFO] (Minecraft) [STDOUT]: Sending Info now
[00:56:36] [Server thread/INFO] (Minecraft) [STDOUT]: LEN: 4
[00:56:36] [Server thread/INFO] (Minecraft) [STDOUT]: [1.0, 1.0, 1.0, 4.0]
[00:56:37] [Server thread/INFO] (Minecraft) [STDOUT]: Sending Info now
[00:56:37] [Server thread/INFO] (Minecraft) [STDOUT]: LEN: 4
[00:56:37] [Server thread/INFO] (Minecraft) [STDOUT]: [1.0, 1.0, 1.0, 4.0]
[00:56:37] [Server thread/INFO] (Minecraft) [STDOUT]: Sending Info now
[00:56:37] [Server thread/INFO] (Minecraft) [STDOUT]: LEN: 4
[00:56:37] [Server thread/INFO] (Minecraft) [STDOUT]: [1.0, 1.0, 1.0, 4.0]
[00:56:37] [Server thread/INFO] (Minecraft) [STDOUT]: Sending Info now
[00:56:37] [Server thread/INFO] (Minecraft) [STDOUT]: LEN: 4
[00:56:37] [Server thread/INFO] (Minecraft) [STDOUT]: [1.0, 1.0, 1.0, 4.0]
[00:56:37] [Server thread/INFO] (Minecraft) [STDOUT]: Sending Info now
[00:56:37] [Server thread/INFO] (Minecraft) [STDOUT]: LEN: 4
[00:56:37] [Server thread/INFO] (Minecraft) [STDOUT]: [1.0, 1.0, 1.0, 4.0]
[00:56:37] [Server thread/INFO] (Minecraft) [STDOUT]: Sending Info now
[00:56:37] [Server thread/INFO] (Minecraft) [STDOUT]: LEN: 4
[00:56:37] [Server thread/INFO] (Minecraft) [STDOUT]: [1.0, 1.0, 1.0, 4.0]
[00:56:37] [Server thread/INFO] (Minecraft) [STDOUT]: Sending Info now
[00:56:37] [Server thread/INFO] (Minecraft) [STDOUT]: LEN: 4
[00:56:37] [Server thread/INFO] (Minecraft) [STDOUT]: [1.0, 1.0, 1.0, 4.0]
[00:56:37] [Server thread/INFO] (Minecraft) [STDOUT]: Sending Info now
[00:56:37] [Server thread/INFO] (Minecraft) [STDOUT]: LEN: 4
[00:56:37] [Server thread/INFO] (Minecraft) [STDOUT]: [1.0, 1.0, 1.0, 4.0]
[00:56:37] [Server thread/INFO] (Minecraft) [STDOUT]: Sending Info now
[00:56:37] [Server thread/INFO] (Minecraft) [STDOUT]: LEN: 4
[00:56:37] [Server thread/INFO] (Minecraft) [STDOUT]: [1.0, 1.0, 1.0, 4.0]
[00:56:37] [Server thread/INFO] (Minecraft) [STDOUT]: Sending Info now
[00:56:37] [Server thread/INFO] (Minecraft) [STDOUT]: LEN: 4
[00:56:37] [Server thread/INFO] (Minecraft) [STDOUT]: [1.0, 1.0, 1.0, 4.0]
[00:56:37] [Server thread/INFO] (Minecraft) [STDOUT]: Sending Info now
[00:56:37] [Server thread/INFO] (Minecraft) [STDOUT]: LEN: 4
[00:56:37] [Server thread/INFO] (Minecraft) [STDOUT]: [1.0, 1.0, 1.0, 4.0]
[00:56:38] [Server thread/INFO] (Minecraft) [STDOUT]: Sending Info now
[00:56:38] [Server thread/INFO] (Minecraft) [STDOUT]: LEN: 4
[00:56:38] [Server thread/INFO] (Minecraft) [STDOUT]: [1.0, 1.0, 1.0, 4.0]
[00:56:38] [Server thread/INFO] (Minecraft) [STDOUT]: Sending Info now
[00:56:38] [Server thread/INFO] (Minecraft) [STDOUT]: LEN: 4
[00:56:38] [Server thread/INFO] (Minecraft) [STDOUT]: [1.0, 1.0, 1.0, 4.0]
[00:56:38] [Server thread/INFO] (Minecraft) [STDOUT]: Sending Info now
[00:56:38] [Server thread/INFO] (Minecraft) [STDOUT]: LEN: 4
[00:56:38] [Server thread/INFO] (Minecraft) [STDOUT]: [1.0, 1.0, 1.0, 4.0]
[00:56:38] [Server thread/INFO] (Minecraft) [STDOUT]: Sending Info now
[00:56:38] [Server thread/INFO] (Minecraft) [STDOUT]: LEN: 4
[00:56:38] [Server thread/INFO] (Minecraft) [STDOUT]: [1.0, 1.0, 1.0, 4.0]
[00:56:38] [Server thread/INFO] (Minecraft) [STDOUT]: Sending Info now
[00:56:38] [Server thread/INFO] (Minecraft) [STDOUT]: LEN: 4
[00:56:38] [Server thread/INFO] (Minecraft) [STDOUT]: [1.0, 1.0, 1.0, 4.0]
[00:56:38] [Server thread/INFO] (Minecraft) [STDOUT]: Sending Info now
[00:56:38] [Server thread/INFO] (Minecraft) [STDOUT]: LEN: 4
[00:56:38] [Server thread/INFO] (Minecraft) [STDOUT]: [1.0, 1.0, 1.0, 4.0]
[00:56:38] [Server thread/INFO] (Minecraft) [STDOUT]: Sending Info now
[00:56:38] [Server thread/INFO] (Minecraft) [STDOUT]: LEN: 4
[00:56:38] [Server thread/INFO] (Minecraft) [STDOUT]: [1.0, 1.0, 1.0, 4.0]
[00:56:38] [Server thread/INFO] (Minecraft) [STDOUT]: Sending Info now
[00:56:38] [Server thread/INFO] (Minecraft) [STDOUT]: LEN: 4
[00:56:38] [Server thread/INFO] (Minecraft) [STDOUT]: [1.0, 1.0, 1.0, 4.0]
[00:56:38] [Server thread/INFO] (Minecraft) [STDOUT]: Sending Info now
[00:56:38] [Server thread/INFO] (Minecraft) [STDOUT]: LEN: 4
[00:56:38] [Server thread/INFO] (Minecraft) [STDOUT]: [1.0, 1.0, 1.0, 4.0]
[00:56:38] [Server thread/INFO] (Minecraft) [STDOUT]: Sending Info now
[00:56:38] [Server thread/INFO] (Minecraft) [STDOUT]: LEN: 4
[00:56:38] [Server thread/INFO] (Minecraft) [STDOUT]: [1.0, 1.0, 1.0, 4.0]
[00:56:39] [Server thread/INFO] (Minecraft) [STDOUT]: Sending Info now
[00:56:39] [Server thread/INFO] (Minecraft) [STDOUT]: LEN: 4
[00:56:39] [Server thread/INFO] (Minecraft) [STDOUT]: [1.0, 1.0, 1.0, 4.0]
[00:56:39] [Server thread/INFO] (Minecraft) [STDOUT]: Sending Info now
[00:56:39] [Server thread/INFO] (Minecraft) [STDOUT]: LEN: 4
[00:56:39] [Server thread/INFO] (Minecraft) [STDOUT]: [1.0, 1.0, 1.0, 4.0]
[00:56:39] [Server thread/INFO] (Minecraft) [STDOUT]: Sending Info now
[00:56:39] [Server thread/INFO] (Minecraft) [STDOUT]: LEN: 4
[00:56:39] [Server thread/INFO] (Minecraft) [STDOUT]: [1.0, 1.0, 1.0, 4.0]
[00:56:39] [Server thread/INFO] (Minecraft) [STDOUT]: Sending Info now
[00:56:39] [Server thread/INFO] (Minecraft) [STDOUT]: LEN: 4
[00:56:39] [Server thread/INFO] (Minecraft) [STDOUT]: [1.0, 1.0, 1.0, 4.0]
[00:56:39] [Server thread/INFO] (Minecraft) [STDOUT]: Sending Info now
[00:56:39] [Server thread/INFO] (Minecraft) [STDOUT]: LEN: 4
[00:56:39] [Server thread/INFO] (Minecraft) [STDOUT]: [1.0, 1.0, 1.0, 4.0]
[00:56:39] [Server thread/INFO] (Minecraft) [STDOUT]: Sending Info now
[00:56:39] [Server thread/INFO] (Minecraft) [STDOUT]: LEN: 4
[00:56:39] [Server thread/INFO] (Minecraft) [STDOUT]: [1.0, 1.0, 1.0, 4.0]
[00:56:39] [Server thread/INFO] (Minecraft) [STDOUT]: Sending Info now
[00:56:39] [Server thread/INFO] (Minecraft) [STDOUT]: LEN: 4
[00:56:39] [Server thread/INFO] (Minecraft) [STDOUT]: [1.0, 1.0, 1.0, 4.0]
[00:56:39] [Server thread/INFO] (Minecraft) [STDOUT]: Sending Info now
[00:56:39] [Server thread/INFO] (Minecraft) [STDOUT]: LEN: 4
[00:56:39] [Server thread/INFO] (Minecraft) [STDOUT]: [1.0, 1.0, 1.0, 4.0]
[00:56:39] [Server thread/INFO] (Minecraft) [STDOUT]: Sending Info now
[00:56:39] [Server thread/INFO] (Minecraft) [STDOUT]: LEN: 4
[00:56:39] [Server thread/INFO] (Minecraft) [STDOUT]: [1.0, 1.0, 1.0, 4.0]
[00:56:39] [Server thread/INFO] (Minecraft) [STDOUT]: Sending Info now
[00:56:39] [Server thread/INFO] (Minecraft) [STDOUT]: LEN: 4
[00:56:39] [Server thread/INFO] (Minecraft) [STDOUT]: [1.0, 1.0, 1.0, 4.0]
[00:56:40] [Server thread/INFO] (Minecraft) [STDOUT]: Sending Info now
[00:56:40] [Server thread/INFO] (Minecraft) [STDOUT]: LEN: 4
[00:56:40] [Server thread/INFO] (Minecraft) [STDOUT]: [1.0, 1.0, 1.0, 4.0]
[00:56:40] [Server thread/INFO] (Minecraft) [STDOUT]: Sending Info now
[00:56:40] [Server thread/INFO] (Minecraft) [STDOUT]: LEN: 4
[00:56:40] [Server thread/INFO] (Minecraft) [STDOUT]: [1.0, 1.0, 1.0, 4.0]
[00:56:40] [Server thread/INFO] (Minecraft) [STDOUT]: Sending Info now
[00:56:40] [Server thread/INFO] (Minecraft) [STDOUT]: LEN: 4
[00:56:40] [Server thread/INFO] (Minecraft) [STDOUT]: [1.0, 1.0, 1.0, 4.0]
[00:56:40] [Server thread/INFO] (Minecraft) [STDOUT]: Sending Info now
[00:56:40] [Server thread/INFO] (Minecraft) [STDOUT]: LEN: 4
[00:56:40] [Server thread/INFO] (Minecraft) [STDOUT]: [1.0, 1.0, 1.0, 4.0]
[00:56:40] [Server thread/INFO] (Minecraft) [STDOUT]: Sending Info now
[00:56:40] [Server thread/INFO] (Minecraft) [STDOUT]: LEN: 4
[00:56:40] [Server thread/INFO] (Minecraft) [STDOUT]: [1.0, 1.0, 1.0, 4.0]
[00:56:40] [Server thread/INFO] (Minecraft) [STDOUT]: Sending Info now
[00:56:40] [Server thread/INFO] (Minecraft) [STDOUT]: LEN: 4
[00:56:40] [Server thread/INFO] (Minecraft) [STDOUT]: [1.0, 1.0, 1.0, 4.0]
[00:56:40] [Server thread/INFO] (Minecraft) [STDOUT]: Sending Info now
[00:56:40] [Server thread/INFO] (Minecraft) [STDOUT]: LEN: 4
[00:56:40] [Server thread/INFO] (Minecraft) [STDOUT]: [1.0, 1.0, 1.0, 4.0]
[00:56:40] [Server thread/INFO] (Minecraft) [STDOUT]: Sending Info now
[00:56:40] [Server thread/INFO] (Minecraft) [STDOUT]: LEN: 4
[00:56:40] [Server thread/INFO] (Minecraft) [STDOUT]: [1.0, 1.0, 1.0, 4.0]
[00:56:40] [Server thread/INFO] (Minecraft) [STDOUT]: Sending Info now
[00:56:40] [Server thread/INFO] (Minecraft) [STDOUT]: LEN: 4
[00:56:40] [Server thread/INFO] (Minecraft) [STDOUT]: [1.0, 1.0, 1.0, 4.0]
[00:56:40] [Server thread/INFO] (Minecraft) [STDOUT]: Sending Info now
[00:56:40] [Server thread/INFO] (Minecraft) [STDOUT]: LEN: 4
[00:56:40] [Server thread/INFO] (Minecraft) [STDOUT]: [1.0, 1.0, 1.0, 4.0]
[00:56:41] [Server thread/INFO] (Minecraft) [STDOUT]: Sending Info now
[00:56:41] [Server thread/INFO] (Minecraft) [STDOUT]: LEN: 4
[00:56:41] [Server thread/INFO] (Minecraft) [STDOUT]: [1.0, 1.0, 1.0, 4.0]
[00:56:41] [Server thread/INFO] (Minecraft) [STDOUT]: Sending Info now
[00:56:41] [Server thread/INFO] (Minecraft) [STDOUT]: LEN: 4
[00:56:41] [Server thread/INFO] (Minecraft) [STDOUT]: [1.0, 1.0, 1.0, 4.0]
[00:56:41] [Server thread/INFO] (Minecraft) [STDOUT]: Sending Info now
[00:56:41] [Server thread/INFO] (Minecraft) [STDOUT]: LEN: 4
[00:56:41] [Server thread/INFO] (Minecraft) [STDOUT]: [1.0, 1.0, 1.0, 4.0]
[00:56:41] [Server thread/INFO] (Minecraft) [STDOUT]: Sending Info now
[00:56:41] [Server thread/INFO] (Minecraft) [STDOUT]: LEN: 4
[00:56:41] [Server thread/INFO] (Minecraft) [STDOUT]: [1.0, 1.0, 1.0, 4.0]
[00:56:41] [Server thread/INFO] (Minecraft) [STDOUT]: Sending Info now
[00:56:41] [Server thread/INFO] (Minecraft) [STDOUT]: LEN: 4
[00:56:41] [Server thread/INFO] (Minecraft) [STDOUT]: [1.0, 1.0, 1.0, 4.0]
[00:56:41] [Render thread/INFO] (Minecraft) Loaded 71 advancements
[00:56:41] [Server thread/INFO] (Minecraft) [STDOUT]: Sending Info now
[00:56:41] [Server thread/INFO] (Minecraft) [STDOUT]: LEN: 4
[00:56:41] [Server thread/INFO] (Minecraft) [STDOUT]: [1.0, 1.0, 1.0, 4.0]
[00:56:41] [Server thread/INFO] (Minecraft) [STDOUT]: Sending Info now
[00:56:41] [Server thread/INFO] (Minecraft) [STDOUT]: LEN: 4
[00:56:41] [Server thread/INFO] (Minecraft) [STDOUT]: [1.0, 1.0, 1.0, 4.0]
[00:56:41] [Server thread/INFO] (Minecraft) [STDOUT]: Sending Info now
[00:56:41] [Server thread/INFO] (Minecraft) [STDOUT]: LEN: 4
[00:56:41] [Server thread/INFO] (Minecraft) [STDOUT]: [1.0, 1.0, 1.0, 4.0]
[00:56:41] [Server thread/INFO] (Minecraft) [STDOUT]: Sending Info now
[00:56:41] [Server thread/INFO] (Minecraft) [STDOUT]: LEN: 4
[00:56:41] [Server thread/INFO] (Minecraft) [STDOUT]: [1.0, 1.0, 1.0, 4.0]
[00:56:41] [Server thread/INFO] (Minecraft) [STDOUT]: Sending Info now
[00:56:41] [Server thread/INFO] (Minecraft) [STDOUT]: LEN: 4
[00:56:41] [Server thread/INFO] (Minecraft) [STDOUT]: [1.0, 1.0, 1.0, 4.0]
[00:56:42] [Server thread/INFO] (Minecraft) [STDOUT]: Sending Info now
[00:56:42] [Server thread/INFO] (Minecraft) [STDOUT]: LEN: 4
[00:56:42] [Server thread/INFO] (Minecraft) [STDOUT]: [1.0, 1.0, 1.0, 4.0]
[00:56:42] [Server thread/INFO] (Minecraft) [STDOUT]: Sending Info now
[00:56:42] [Server thread/INFO] (Minecraft) [STDOUT]: LEN: 4
[00:56:42] [Server thread/INFO] (Minecraft) [STDOUT]: [1.0, 1.0, 1.0, 4.0]
[00:56:42] [Server thread/INFO] (Minecraft) [STDOUT]: Sending Info now
[00:56:42] [Server thread/INFO] (Minecraft) [STDOUT]: LEN: 4
[00:56:42] [Server thread/INFO] (Minecraft) [STDOUT]: [1.0, 1.0, 1.0, 4.0]
[00:56:42] [Server thread/INFO] (Minecraft) [STDOUT]: Sending Info now
[00:56:42] [Server thread/INFO] (Minecraft) [STDOUT]: LEN: 4
[00:56:42] [Server thread/INFO] (Minecraft) [STDOUT]: [1.0, 1.0, 1.0, 4.0]
[00:56:42] [Server thread/INFO] (Minecraft) [STDOUT]: Sending Info now
[00:56:42] [Server thread/INFO] (Minecraft) [STDOUT]: LEN: 4
[00:56:42] [Server thread/INFO] (Minecraft) [STDOUT]: [1.0, 1.0, 1.0, 4.0]
[00:56:42] [Render thread/INFO] (Minecraft) Loaded 71 advancements
[00:56:42] [Server thread/INFO] (Minecraft) [STDOUT]: Sending Info now
[00:56:42] [Server thread/INFO] (Minecraft) [STDOUT]: LEN: 4
[00:56:42] [Server thread/INFO] (Minecraft) [STDOUT]: [1.0, 1.0, 1.0, 4.0]
[00:56:42] [Server thread/INFO] (Minecraft) [STDOUT]: Sending Info now
[00:56:42] [Server thread/INFO] (Minecraft) [STDOUT]: LEN: 4
[00:56:42] [Server thread/INFO] (Minecraft) [STDOUT]: [1.0, 1.0, 1.0, 4.0]
[00:56:42] [Server thread/INFO] (Minecraft) [STDOUT]: Sending Info now
[00:56:42] [Server thread/INFO] (Minecraft) [STDOUT]: LEN: 4
[00:56:42] [Server thread/INFO] (Minecraft) [STDOUT]: [1.0, 1.0, 1.0, 4.0]
[00:56:42] [Server thread/INFO] (Minecraft) [STDOUT]: Sending Info now
[00:56:42] [Server thread/INFO] (Minecraft) [STDOUT]: LEN: 4
[00:56:42] [Server thread/INFO] (Minecraft) [STDOUT]: [1.0, 1.0, 1.0, 4.0]
[00:56:42] [Server thread/INFO] (Minecraft) [STDOUT]: Sending Info now
[00:56:43] [Server thread/INFO] (Minecraft) [STDOUT]: LEN: 4
[00:56:43] [Server thread/INFO] (Minecraft) [STDOUT]: [1.0, 1.0, 1.0, 4.0]
[00:56:43] [Server thread/INFO] (Minecraft) [STDOUT]: Sending Info now
[00:56:43] [Server thread/INFO] (Minecraft) [STDOUT]: LEN: 4
[00:56:43] [Server thread/INFO] (Minecraft) [STDOUT]: [1.0, 1.0, 1.0, 4.0]
[00:56:43] [Server thread/INFO] (Minecraft) [STDOUT]: Sending Info now
[00:56:43] [Server thread/INFO] (Minecraft) [STDOUT]: LEN: 4
[00:56:43] [Server thread/INFO] (Minecraft) [STDOUT]: [1.0, 1.0, 1.0, 4.0]
[00:56:43] [Server thread/INFO] (Minecraft) [STDOUT]: Sending Info now
[00:56:43] [Server thread/INFO] (Minecraft) [STDOUT]: LEN: 4
[00:56:43] [Server thread/INFO] (Minecraft) [STDOUT]: [1.0, 1.0, 1.0, 4.0]
[00:56:43] [Server thread/INFO] (Minecraft) [STDOUT]: Sending Info now
[00:56:43] [Server thread/INFO] (Minecraft) [STDOUT]: LEN: 4
[00:56:43] [Server thread/INFO] (Minecraft) [STDOUT]: [1.0, 1.0, 1.0, 4.0]
[00:56:43] [Server thread/INFO] (Minecraft) [STDOUT]: Sending Info now
[00:56:43] [Server thread/INFO] (Minecraft) [STDOUT]: LEN: 4
[00:56:43] [Server thread/INFO] (Minecraft) [STDOUT]: [1.0, 1.0, 1.0, 4.0]
[00:56:43] [Server thread/INFO] (Minecraft) [STDOUT]: Sending Info now
[00:56:43] [Server thread/INFO] (Minecraft) [STDOUT]: LEN: 4
[00:56:43] [Server thread/INFO] (Minecraft) [STDOUT]: [1.0, 1.0, 1.0, 4.0]
[00:56:43] [Server thread/INFO] (Minecraft) [STDOUT]: Sending Info now
[00:56:43] [Server thread/INFO] (Minecraft) [STDOUT]: LEN: 4
[00:56:43] [Server thread/INFO] (Minecraft) [STDOUT]: [1.0, 1.0, 1.0, 4.0]
[00:56:43] [Server thread/INFO] (Minecraft) [STDOUT]: Sending Info now
[00:56:43] [Server thread/INFO] (Minecraft) [STDOUT]: LEN: 4
[00:56:43] [Server thread/INFO] (Minecraft) [STDOUT]: [1.0, 1.0, 1.0, 4.0]
[00:56:43] [Server thread/INFO] (Minecraft) [STDOUT]: Sending Info now
[00:56:43] [Server thread/INFO] (Minecraft) [STDOUT]: LEN: 4
[00:56:43] [Server thread/INFO] (Minecraft) [STDOUT]: [1.0, 1.0, 1.0, 4.0]
[00:56:43] [Server thread/INFO] (Minecraft) [STDOUT]: Sending Info now
[00:56:43] [Server thread/INFO] (Minecraft) [STDOUT]: LEN: 4
[00:56:43] [Server thread/INFO] (Minecraft) [STDOUT]: [1.0, 1.0, 1.0, 4.0]
[00:56:44] [Server thread/INFO] (Minecraft) [STDOUT]: Sending Info now
[00:56:44] [Server thread/INFO] (Minecraft) [STDOUT]: LEN: 4
[00:56:44] [Server thread/INFO] (Minecraft) [STDOUT]: [1.0, 1.0, 1.0, 4.0]
[00:56:44] [Server thread/INFO] (Minecraft) [STDOUT]: Sending Info now
[00:56:44] [Server thread/INFO] (Minecraft) [STDOUT]: LEN: 4
[00:56:44] [Server thread/INFO] (Minecraft) [STDOUT]: [1.0, 1.0, 1.0, 4.0]
[00:56:44] [Server thread/INFO] (Minecraft) [STDOUT]: Sending Info now
[00:56:44] [Server thread/INFO] (Minecraft) [STDOUT]: LEN: 4
[00:56:44] [Server thread/INFO] (Minecraft) [STDOUT]: [1.0, 1.0, 1.0, 4.0]
[00:56:44] [Server thread/INFO] (Minecraft) [STDOUT]: Sending Info now
[00:56:44] [Server thread/INFO] (Minecraft) [STDOUT]: LEN: 4
[00:56:44] [Server thread/INFO] (Minecraft) [STDOUT]: [1.0, 1.0, 1.0, 4.0]
[00:56:44] [Server thread/INFO] (Minecraft) [STDOUT]: Sending Info now
[00:56:44] [Server thread/INFO] (Minecraft) [STDOUT]: LEN: 4
[00:56:44] [Server thread/INFO] (Minecraft) [STDOUT]: [1.0, 1.0, 1.0, 4.0]
[00:56:44] [Server thread/INFO] (Minecraft) [STDOUT]: Sending Info now
[00:56:44] [Server thread/INFO] (Minecraft) [STDOUT]: LEN: 4
[00:56:44] [Server thread/INFO] (Minecraft) [STDOUT]: [1.0, 1.0, 1.0, 4.0]
[00:56:44] [Server thread/INFO] (Minecraft) [STDOUT]: Sending Info now
[00:56:44] [Server thread/INFO] (Minecraft) [STDOUT]: LEN: 4
[00:56:44] [Server thread/INFO] (Minecraft) [STDOUT]: [1.0, 1.0, 1.0, 4.0]
[00:56:44] [Server thread/INFO] (Minecraft) [STDOUT]: Sending Info now
[00:56:44] [Server thread/INFO] (Minecraft) [STDOUT]: LEN: 4
[00:56:44] [Server thread/INFO] (Minecraft) [STDOUT]: [1.0, 1.0, 1.0, 4.0]
[00:56:44] [Server thread/INFO] (Minecraft) [STDOUT]: Sending Info now
[00:56:44] [Server thread/INFO] (Minecraft) [STDOUT]: LEN: 4
[00:56:44] [Server thread/INFO] (Minecraft) [STDOUT]: [1.0, 1.0, 1.0, 4.0]
[00:56:44] [Server thread/INFO] (Minecraft) [STDOUT]: Sending Info now
[00:56:44] [Server thread/INFO] (Minecraft) [STDOUT]: LEN: 4
[00:56:44] [Server thread/INFO] (Minecraft) [STDOUT]: [1.0, 1.0, 1.0, 4.0]
[00:56:45] [Server thread/INFO] (Minecraft) [STDOUT]: Sending Info now
[00:56:45] [Server thread/INFO] (Minecraft) [STDOUT]: LEN: 4
[00:56:45] [Server thread/INFO] (Minecraft) [STDOUT]: [1.0, 1.0, 1.0, 4.0]
[00:56:45] [Server thread/INFO] (Minecraft) [STDOUT]: Sending Info now
[00:56:45] [Server thread/INFO] (Minecraft) [STDOUT]: LEN: 4
[00:56:45] [Server thread/INFO] (Minecraft) [STDOUT]: [1.0, 1.0, 1.0, 4.0]
[00:56:45] [Server thread/INFO] (Minecraft) [STDOUT]: Sending Info now
[00:56:45] [Server thread/INFO] (Minecraft) [STDOUT]: LEN: 4
[00:56:45] [Server thread/INFO] (Minecraft) [STDOUT]: [1.0, 1.0, 1.0, 4.0]
[00:56:45] [Server thread/INFO] (Minecraft) [STDOUT]: Sending Info now
[00:56:45] [Server thread/INFO] (Minecraft) [STDOUT]: LEN: 4
[00:56:45] [Server thread/INFO] (Minecraft) [STDOUT]: [1.0, 1.0, 1.0, 4.0]
[00:56:45] [Server thread/INFO] (Minecraft) [STDOUT]: Sending Info now
[00:56:45] [Server thread/INFO] (Minecraft) [STDOUT]: LEN: 4
[00:56:45] [Server thread/INFO] (Minecraft) [STDOUT]: [1.0, 1.0, 1.0, 4.0]
[00:56:45] [Server thread/INFO] (Minecraft) [STDOUT]: Sending Info now
[00:56:45] [Server thread/INFO] (Minecraft) [STDOUT]: LEN: 4
[00:56:45] [Server thread/INFO] (Minecraft) [STDOUT]: [1.0, 1.0, 1.0, 4.0]
[00:56:45] [Server thread/INFO] (Minecraft) [STDOUT]: Sending Info now
[00:56:45] [Server thread/INFO] (Minecraft) [STDOUT]: LEN: 4
[00:56:45] [Server thread/INFO] (Minecraft) [STDOUT]: [1.0, 1.0, 1.0, 4.0]
[00:56:45] [Server thread/INFO] (Minecraft) [STDOUT]: Sending Info now
[00:56:45] [Server thread/INFO] (Minecraft) [STDOUT]: LEN: 4
[00:56:45] [Server thread/INFO] (Minecraft) [STDOUT]: [1.0, 1.0, 1.0, 4.0]
[00:56:45] [Server thread/INFO] (Minecraft) [STDOUT]: Sending Info now
[00:56:45] [Server thread/INFO] (Minecraft) [STDOUT]: LEN: 4
[00:56:45] [Server thread/INFO] (Minecraft) [STDOUT]: [1.0, 1.0, 1.0, 4.0]
[00:56:45] [Server thread/INFO] (Minecraft) [STDOUT]: Sending Info now
[00:56:45] [Server thread/INFO] (Minecraft) [STDOUT]: LEN: 4
[00:56:45] [Server thread/INFO] (Minecraft) [STDOUT]: [1.0, 1.0, 1.0, 4.0]
[00:56:46] [Server thread/INFO] (Minecraft) [STDOUT]: Sending Info now
[00:56:46] [Server thread/INFO] (Minecraft) [STDOUT]: LEN: 4
[00:56:46] [Server thread/INFO] (Minecraft) [STDOUT]: [1.0, 1.0, 1.0, 4.0]
[00:56:46] [Server thread/INFO] (Minecraft) [STDOUT]: Sending Info now
[00:56:46] [Server thread/INFO] (Minecraft) [STDOUT]: LEN: 4
[00:56:46] [Server thread/INFO] (Minecraft) [STDOUT]: [1.0, 1.0, 1.0, 4.0]
[00:56:46] [Server thread/INFO] (Minecraft) [STDOUT]: Sending Info now
[00:56:46] [Server thread/INFO] (Minecraft) [STDOUT]: LEN: 4
[00:56:46] [Server thread/INFO] (Minecraft) [STDOUT]: [1.0, 1.0, 1.0, 4.0]
[00:56:46] [Server thread/INFO] (Minecraft) [STDOUT]: Sending Info now
[00:56:46] [Server thread/INFO] (Minecraft) [STDOUT]: LEN: 4
[00:56:46] [Server thread/INFO] (Minecraft) [STDOUT]: [1.0, 1.0, 1.0, 4.0]
[00:56:46] [Server thread/INFO] (Minecraft) [STDOUT]: Sending Info now
[00:56:46] [Server thread/INFO] (Minecraft) [STDOUT]: LEN: 4
[00:56:46] [Server thread/INFO] (Minecraft) [STDOUT]: [1.0, 1.0, 1.0, 4.0]
[00:56:46] [Server thread/INFO] (Minecraft) [STDOUT]: Sending Info now
[00:56:46] [Server thread/INFO] (Minecraft) [STDOUT]: LEN: 4
[00:56:46] [Server thread/INFO] (Minecraft) [STDOUT]: [1.0, 1.0, 1.0, 4.0]
[00:56:46] [Server thread/INFO] (Minecraft) [STDOUT]: Sending Info now
[00:56:46] [Server thread/INFO] (Minecraft) [STDOUT]: LEN: 4
[00:56:46] [Server thread/INFO] (Minecraft) [STDOUT]: [1.0, 1.0, 1.0, 4.0]
[00:56:46] [Server thread/INFO] (Minecraft) [STDOUT]: Sending Info now
[00:56:46] [Server thread/INFO] (Minecraft) [STDOUT]: LEN: 4
[00:56:46] [Server thread/INFO] (Minecraft) [STDOUT]: [1.0, 1.0, 1.0, 4.0]
[00:56:46] [Server thread/INFO] (Minecraft) [STDOUT]: Sending Info now
[00:56:46] [Server thread/INFO] (Minecraft) [STDOUT]: LEN: 4
[00:56:46] [Server thread/INFO] (Minecraft) [STDOUT]: [1.0, 1.0, 1.0, 4.0]
[00:56:46] [Server thread/INFO] (Minecraft) [STDOUT]: Sending Info now
[00:56:46] [Server thread/INFO] (Minecraft) [STDOUT]: LEN: 4
[00:56:46] [Server thread/INFO] (Minecraft) [STDOUT]: [1.0, 1.0, 1.0, 4.0]
[00:56:47] [Server thread/INFO] (Minecraft) [STDOUT]: Sending Info now
[00:56:47] [Server thread/INFO] (Minecraft) [STDOUT]: LEN: 4
[00:56:47] [Server thread/INFO] (Minecraft) [STDOUT]: [1.0, 1.0, 1.0, 4.0]
[00:56:47] [Server thread/INFO] (Minecraft) [STDOUT]: Sending Info now
[00:56:47] [Server thread/INFO] (Minecraft) [STDOUT]: LEN: 4
[00:56:47] [Server thread/INFO] (Minecraft) [STDOUT]: [1.0, 1.0, 1.0, 4.0]
[00:56:47] [Server thread/INFO] (Minecraft) [STDOUT]: Sending Info now
[00:56:47] [Server thread/INFO] (Minecraft) [STDOUT]: LEN: 4
[00:56:47] [Server thread/INFO] (Minecraft) [STDOUT]: [1.0, 1.0, 1.0, 4.0]
[00:56:47] [Server thread/INFO] (Minecraft) [STDOUT]: Sending Info now
[00:56:47] [Server thread/INFO] (Minecraft) [STDOUT]: LEN: 4
[00:56:47] [Server thread/INFO] (Minecraft) [STDOUT]: [1.0, 1.0, 1.0, 4.0]
[00:56:47] [Server thread/INFO] (Minecraft) [STDOUT]: Sending Info now
[00:56:47] [Server thread/INFO] (Minecraft) [STDOUT]: LEN: 4
[00:56:47] [Server thread/INFO] (Minecraft) [STDOUT]: [1.0, 1.0, 1.0, 4.0]
[00:56:47] [Server thread/INFO] (Minecraft) [STDOUT]: Sending Info now
[00:56:47] [Server thread/INFO] (Minecraft) [STDOUT]: LEN: 4
[00:56:47] [Server thread/INFO] (Minecraft) [STDOUT]: [1.0, 1.0, 1.0, 4.0]
[00:56:47] [Server thread/INFO] (Minecraft) [STDOUT]: Sending Info now
[00:56:47] [Server thread/INFO] (Minecraft) [STDOUT]: LEN: 4
[00:56:47] [Server thread/INFO] (Minecraft) [STDOUT]: [1.0, 1.0, 1.0, 4.0]
[00:56:47] [Server thread/INFO] (Minecraft) [STDOUT]: Sending Info now
[00:56:47] [Server thread/INFO] (Minecraft) [STDOUT]: LEN: 4
[00:56:47] [Server thread/INFO] (Minecraft) [STDOUT]: [1.0, 1.0, 1.0, 4.0]
[00:56:47] [Server thread/INFO] (Minecraft) [STDOUT]: Sending Info now
[00:56:47] [Server thread/INFO] (Minecraft) [STDOUT]: LEN: 4
[00:56:47] [Server thread/INFO] (Minecraft) [STDOUT]: [1.0, 1.0, 1.0, 4.0]
[00:56:47] [Server thread/INFO] (Minecraft) [STDOUT]: Sending Info now
[00:56:47] [Server thread/INFO] (Minecraft) [STDOUT]: LEN: 4
[00:56:47] [Server thread/INFO] (Minecraft) [STDOUT]: [1.0, 1.0, 1.0, 4.0]
[00:56:48] [Server thread/INFO] (Minecraft) [STDOUT]: Sending Info now
[00:56:48] [Server thread/INFO] (Minecraft) [STDOUT]: LEN: 4
[00:56:48] [Server thread/INFO] (Minecraft) [STDOUT]: [1.0, 1.0, 1.0, 4.0]
[00:56:48] [Server thread/INFO] (Minecraft) [STDOUT]: Sending Info now
[00:56:48] [Server thread/INFO] (Minecraft) [STDOUT]: LEN: 4
[00:56:48] [Server thread/INFO] (Minecraft) [STDOUT]: [1.0, 1.0, 1.0, 4.0]
[00:56:48] [Server thread/INFO] (Minecraft) [STDOUT]: Sending Info now
[00:56:48] [Server thread/INFO] (Minecraft) [STDOUT]: LEN: 4
[00:56:48] [Server thread/INFO] (Minecraft) [STDOUT]: [1.0, 1.0, 1.0, 4.0]
[00:56:48] [Server thread/INFO] (Minecraft) [STDOUT]: Sending Info now
[00:56:48] [Server thread/INFO] (Minecraft) [STDOUT]: LEN: 4
[00:56:48] [Server thread/INFO] (Minecraft) [STDOUT]: [1.0, 1.0, 1.0, 4.0]
[00:56:48] [Server thread/INFO] (Minecraft) [STDOUT]: Sending Info now
[00:56:48] [Server thread/INFO] (Minecraft) [STDOUT]: LEN: 4
[00:56:48] [Server thread/INFO] (Minecraft) [STDOUT]: [1.0, 1.0, 1.0, 4.0]
[00:56:48] [Server thread/INFO] (Minecraft) [STDOUT]: Sending Info now
[00:56:48] [Server thread/INFO] (Minecraft) [STDOUT]: LEN: 4
[00:56:48] [Server thread/INFO] (Minecraft) [STDOUT]: [1.0, 1.0, 1.0, 4.0]
[00:56:48] [Server thread/INFO] (Minecraft) [STDOUT]: Sending Info now
[00:56:48] [Server thread/INFO] (Minecraft) [STDOUT]: LEN: 4
[00:56:48] [Server thread/INFO] (Minecraft) [STDOUT]: [1.0, 1.0, 1.0, 4.0]
[00:56:48] [Server thread/INFO] (Minecraft) [STDOUT]: Sending Info now
[00:56:48] [Server thread/INFO] (Minecraft) [STDOUT]: LEN: 4
[00:56:48] [Server thread/INFO] (Minecraft) [STDOUT]: [1.0, 1.0, 1.0, 4.0]
[00:56:48] [Server thread/INFO] (Minecraft) [STDOUT]: Sending Info now
[00:56:48] [Server thread/INFO] (Minecraft) [STDOUT]: LEN: 4
[00:56:48] [Server thread/INFO] (Minecraft) [STDOUT]: [1.0, 1.0, 1.0, 4.0]
[00:56:48] [Server thread/INFO] (Minecraft) [STDOUT]: Sending Info now
[00:56:48] [Server thread/INFO] (Minecraft) [STDOUT]: LEN: 4
[00:56:48] [Server thread/INFO] (Minecraft) [STDOUT]: [1.0, 1.0, 1.0, 4.0]
[00:56:49] [Server thread/INFO] (Minecraft) [STDOUT]: Sending Info now
[00:56:49] [Server thread/INFO] (Minecraft) [STDOUT]: LEN: 4
[00:56:49] [Server thread/INFO] (Minecraft) [STDOUT]: [1.0, 1.0, 1.0, 4.0]
[00:56:49] [Server thread/INFO] (Minecraft) [STDOUT]: Sending Info now
[00:56:49] [Server thread/INFO] (Minecraft) [STDOUT]: LEN: 4
[00:56:49] [Server thread/INFO] (Minecraft) [STDOUT]: [1.0, 1.0, 1.0, 4.0]
[00:56:49] [Server thread/INFO] (Minecraft) [STDOUT]: Sending Info now
[00:56:49] [Server thread/INFO] (Minecraft) [STDOUT]: LEN: 4
[00:56:49] [Server thread/INFO] (Minecraft) [STDOUT]: [1.0, 1.0, 1.0, 4.0]
[00:56:49] [Server thread/INFO] (Minecraft) [STDOUT]: Sending Info now
[00:56:49] [Server thread/INFO] (Minecraft) [STDOUT]: LEN: 4
[00:56:49] [Server thread/INFO] (Minecraft) [STDOUT]: [1.0, 1.0, 1.0, 4.0]
[00:56:49] [Server thread/INFO] (Minecraft) [STDOUT]: Sending Info now
[00:56:49] [Server thread/INFO] (Minecraft) [STDOUT]: LEN: 4
[00:56:49] [Server thread/INFO] (Minecraft) [STDOUT]: [1.0, 1.0, 1.0, 4.0]
[00:56:49] [Server thread/INFO] (Minecraft) [STDOUT]: Sending Info now
[00:56:49] [Server thread/INFO] (Minecraft) [STDOUT]: LEN: 4
[00:56:49] [Server thread/INFO] (Minecraft) [STDOUT]: [1.0, 1.0, 1.0, 4.0]
[00:56:49] [Server thread/INFO] (Minecraft) [STDOUT]: Sending Info now
[00:56:49] [Server thread/INFO] (Minecraft) [STDOUT]: LEN: 4
[00:56:49] [Server thread/INFO] (Minecraft) [STDOUT]: [1.0, 1.0, 1.0, 4.0]
[00:56:49] [Server thread/INFO] (Minecraft) [STDOUT]: Sending Info now
[00:56:49] [Server thread/INFO] (Minecraft) [STDOUT]: LEN: 4
[00:56:49] [Server thread/INFO] (Minecraft) [STDOUT]: [1.0, 1.0, 1.0, 4.0]
[00:56:49] [Server thread/INFO] (Minecraft) [STDOUT]: Sending Info now
[00:56:49] [Server thread/INFO] (Minecraft) [STDOUT]: LEN: 4
[00:56:49] [Server thread/INFO] (Minecraft) [STDOUT]: [1.0, 1.0, 1.0, 4.0]
[00:56:49] [Server thread/INFO] (Minecraft) [STDOUT]: Sending Info now
[00:56:49] [Server thread/INFO] (Minecraft) [STDOUT]: LEN: 4
[00:56:49] [Server thread/INFO] (Minecraft) [STDOUT]: [1.0, 1.0, 1.0, 4.0]
[00:56:50] [Server thread/INFO] (Minecraft) [STDOUT]: Sending Info now
[00:56:50] [Server thread/INFO] (Minecraft) [STDOUT]: LEN: 4
[00:56:50] [Server thread/INFO] (Minecraft) [STDOUT]: [1.0, 1.0, 1.0, 4.0]
[00:56:50] [Server thread/INFO] (Minecraft) [STDOUT]: Sending Info now
[00:56:50] [Server thread/INFO] (Minecraft) [STDOUT]: LEN: 4
[00:56:50] [Server thread/INFO] (Minecraft) [STDOUT]: [1.0, 1.0, 1.0, 4.0]
[00:56:50] [Server thread/INFO] (Minecraft) [STDOUT]: Sending Info now
[00:56:50] [Server thread/INFO] (Minecraft) [STDOUT]: LEN: 4
[00:56:50] [Server thread/INFO] (Minecraft) [STDOUT]: [1.0, 1.0, 1.0, 4.0]
[00:56:50] [Server thread/INFO] (Minecraft) [STDOUT]: Sending Info now
[00:56:50] [Server thread/INFO] (Minecraft) [STDOUT]: LEN: 4
[00:56:50] [Server thread/INFO] (Minecraft) [STDOUT]: [1.0, 1.0, 1.0, 4.0]
[00:56:50] [Server thread/INFO] (Minecraft) [STDOUT]: Sending Info now
[00:56:50] [Server thread/INFO] (Minecraft) [STDOUT]: LEN: 4
[00:56:50] [Server thread/INFO] (Minecraft) [STDOUT]: [1.0, 1.0, 1.0, 4.0]
[00:56:50] [Server thread/INFO] (Minecraft) [STDOUT]: Sending Info now
[00:56:50] [Server thread/INFO] (Minecraft) [STDOUT]: LEN: 4
[00:56:50] [Server thread/INFO] (Minecraft) [STDOUT]: [1.0, 1.0, 1.0, 4.0]
[00:56:50] [Server thread/INFO] (Minecraft) [STDOUT]: Sending Info now
[00:56:50] [Server thread/INFO] (Minecraft) [STDOUT]: LEN: 4
[00:56:50] [Server thread/INFO] (Minecraft) [STDOUT]: [1.0, 1.0, 1.0, 4.0]
[00:56:50] [Server thread/INFO] (Minecraft) [STDOUT]: Sending Info now
[00:56:50] [Server thread/INFO] (Minecraft) [STDOUT]: LEN: 4
[00:56:50] [Server thread/INFO] (Minecraft) [STDOUT]: [1.0, 1.0, 1.0, 4.0]
[00:56:50] [Server thread/INFO] (Minecraft) [STDOUT]: Sending Info now
[00:56:50] [Server thread/INFO] (Minecraft) [STDOUT]: LEN: 4
[00:56:50] [Server thread/INFO] (Minecraft) [STDOUT]: [1.0, 1.0, 1.0, 4.0]
[00:56:50] [Server thread/INFO] (Minecraft) [STDOUT]: Sending Info now
[00:56:50] [Server thread/INFO] (Minecraft) [STDOUT]: LEN: 4
[00:56:50] [Server thread/INFO] (Minecraft) [STDOUT]: [1.0, 1.0, 1.0, 4.0]
[00:56:51] [Server thread/INFO] (Minecraft) [STDOUT]: Sending Info now
[00:56:51] [Server thread/INFO] (Minecraft) [STDOUT]: LEN: 4
[00:56:51] [Server thread/INFO] (Minecraft) [STDOUT]: [1.0, 1.0, 1.0, 4.0]
[00:56:51] [Server thread/INFO] (Minecraft) [STDOUT]: Sending Info now
[00:56:51] [Server thread/INFO] (Minecraft) [STDOUT]: LEN: 4
[00:56:51] [Server thread/INFO] (Minecraft) [STDOUT]: [1.0, 1.0, 1.0, 4.0]
[00:56:51] [Server thread/INFO] (Minecraft) [STDOUT]: Sending Info now
[00:56:51] [Server thread/INFO] (Minecraft) [STDOUT]: LEN: 4
[00:56:51] [Server thread/INFO] (Minecraft) [STDOUT]: [1.0, 1.0, 1.0, 4.0]
[00:56:51] [Server thread/INFO] (Minecraft) [STDOUT]: Sending Info now
[00:56:51] [Server thread/INFO] (Minecraft) [STDOUT]: LEN: 4
[00:56:51] [Server thread/INFO] (Minecraft) [STDOUT]: [1.0, 1.0, 1.0, 4.0]
[00:56:51] [Server thread/INFO] (Minecraft) [STDOUT]: Sending Info now
[00:56:51] [Server thread/INFO] (Minecraft) [STDOUT]: LEN: 4
[00:56:51] [Server thread/INFO] (Minecraft) [STDOUT]: [1.0, 1.0, 1.0, 4.0]
[00:56:51] [Server thread/INFO] (Minecraft) [STDOUT]: Sending Info now
[00:56:51] [Server thread/INFO] (Minecraft) [STDOUT]: LEN: 4
[00:56:51] [Server thread/INFO] (Minecraft) [STDOUT]: [1.0, 1.0, 1.0, 4.0]
[00:56:51] [Server thread/INFO] (Minecraft) [STDOUT]: Sending Info now
[00:56:51] [Server thread/INFO] (Minecraft) [STDOUT]: LEN: 4
[00:56:51] [Server thread/INFO] (Minecraft) [STDOUT]: [1.0, 1.0, 1.0, 4.0]
[00:56:51] [Server thread/INFO] (Minecraft) [STDOUT]: Sending Info now
[00:56:51] [Server thread/INFO] (Minecraft) [STDOUT]: LEN: 4
[00:56:51] [Server thread/INFO] (Minecraft) [STDOUT]: [1.0, 1.0, 1.0, 4.0]
[00:56:51] [Server thread/INFO] (Minecraft) [STDOUT]: Sending Info now
[00:56:51] [Server thread/INFO] (Minecraft) [STDOUT]: LEN: 4
[00:56:51] [Server thread/INFO] (Minecraft) [STDOUT]: [1.0, 1.0, 1.0, 4.0]
[00:56:51] [Server thread/INFO] (Minecraft) [STDOUT]: Sending Info now
[00:56:52] [Server thread/INFO] (Minecraft) [STDOUT]: LEN: 4
[00:56:52] [Server thread/INFO] (Minecraft) [STDOUT]: [1.0, 1.0, 1.0, 4.0]
[00:56:52] [Server thread/INFO] (Minecraft) [STDOUT]: Sending Info now
[00:56:52] [Server thread/INFO] (Minecraft) [STDOUT]: LEN: 4
[00:56:52] [Server thread/INFO] (Minecraft) [STDOUT]: [1.0, 1.0, 1.0, 4.0]
[00:56:52] [Server thread/INFO] (Minecraft) [STDOUT]: Sending Info now
[00:56:52] [Server thread/INFO] (Minecraft) [STDOUT]: LEN: 4
[00:56:52] [Server thread/INFO] (Minecraft) [STDOUT]: [1.0, 1.0, 1.0, 4.0]
[00:56:52] [Server thread/INFO] (Minecraft) [STDOUT]: Sending Info now
[00:56:52] [Server thread/INFO] (Minecraft) [STDOUT]: LEN: 4
[00:56:52] [Server thread/INFO] (Minecraft) [STDOUT]: [1.0, 1.0, 1.0, 4.0]
[00:56:52] [Server thread/INFO] (Minecraft) [STDOUT]: Sending Info now
[00:56:52] [Server thread/INFO] (Minecraft) [STDOUT]: LEN: 4
[00:56:52] [Server thread/INFO] (Minecraft) [STDOUT]: [1.0, 1.0, 1.0, 4.0]
[00:56:52] [Server thread/INFO] (Minecraft) [STDOUT]: Sending Info now
[00:56:52] [Server thread/INFO] (Minecraft) [STDOUT]: LEN: 4
[00:56:52] [Server thread/INFO] (Minecraft) [STDOUT]: [1.0, 1.0, 1.0, 4.0]
[00:56:52] [Server thread/INFO] (Minecraft) [STDOUT]: Sending Info now
[00:56:52] [Server thread/INFO] (Minecraft) [STDOUT]: LEN: 4
[00:56:52] [Server thread/INFO] (Minecraft) [STDOUT]: [1.0, 1.0, 1.0, 4.0]
[00:56:52] [Server thread/INFO] (Minecraft) [STDOUT]: Sending Info now
[00:56:52] [Server thread/INFO] (Minecraft) [STDOUT]: LEN: 4
[00:56:52] [Server thread/INFO] (Minecraft) [STDOUT]: [1.0, 1.0, 1.0, 4.0]
[00:56:52] [Server thread/INFO] (Minecraft) [STDOUT]: Sending Info now
[00:56:52] [Server thread/INFO] (Minecraft) [STDOUT]: LEN: 4
[00:56:52] [Server thread/INFO] (Minecraft) [STDOUT]: [1.0, 1.0, 1.0, 4.0]
[00:56:52] [Server thread/INFO] (Minecraft) [STDOUT]: Sending Info now
[00:56:52] [Server thread/INFO] (Minecraft) [STDOUT]: LEN: 4
[00:56:52] [Server thread/INFO] (Minecraft) [STDOUT]: [1.0, 1.0, 1.0, 4.0]
[00:56:52] [Server thread/INFO] (Minecraft) [STDOUT]: Sending Info now
[00:56:52] [Server thread/INFO] (Minecraft) [STDOUT]: LEN: 4
[00:56:52] [Server thread/INFO] (Minecraft) [STDOUT]: [1.0, 1.0, 1.0, 4.0]
[00:56:53] [Server thread/INFO] (Minecraft) [STDOUT]: Sending Info now
[00:56:53] [Server thread/INFO] (Minecraft) [STDOUT]: LEN: 4
[00:56:53] [Server thread/INFO] (Minecraft) [STDOUT]: [1.0, 1.0, 1.0, 4.0]
[00:56:53] [Server thread/INFO] (Minecraft) [STDOUT]: Sending Info now
[00:56:53] [Server thread/INFO] (Minecraft) [STDOUT]: LEN: 4
[00:56:53] [Server thread/INFO] (Minecraft) [STDOUT]: [1.0, 1.0, 1.0, 4.0]
[00:56:53] [Server thread/INFO] (Minecraft) [STDOUT]: Sending Info now
[00:56:53] [Server thread/INFO] (Minecraft) [STDOUT]: LEN: 4
[00:56:53] [Server thread/INFO] (Minecraft) [STDOUT]: [1.0, 1.0, 1.0, 4.0]
[00:56:53] [Server thread/INFO] (Minecraft) [STDOUT]: Sending Info now
[00:56:53] [Server thread/INFO] (Minecraft) [STDOUT]: LEN: 4
[00:56:53] [Server thread/INFO] (Minecraft) [STDOUT]: [1.0, 1.0, 1.0, 4.0]
[00:56:53] [Server thread/INFO] (Minecraft) [STDOUT]: Sending Info now
[00:56:53] [Server thread/INFO] (Minecraft) [STDOUT]: LEN: 4
[00:56:53] [Server thread/INFO] (Minecraft) [STDOUT]: [1.0, 1.0, 1.0, 4.0]
[00:56:53] [Server thread/INFO] (Minecraft) [STDOUT]: Sending Info now
[00:56:53] [Server thread/INFO] (Minecraft) [STDOUT]: LEN: 4
[00:56:53] [Server thread/INFO] (Minecraft) [STDOUT]: [1.0, 1.0, 1.0, 4.0]
[00:56:53] [Server thread/INFO] (Minecraft) [STDOUT]: Sending Info now
[00:56:53] [Server thread/INFO] (Minecraft) [STDOUT]: LEN: 4
[00:56:53] [Server thread/INFO] (Minecraft) [STDOUT]: [1.0, 1.0, 1.0, 4.0]
[00:56:53] [Server thread/INFO] (Minecraft) [STDOUT]: Sending Info now
[00:56:53] [Server thread/INFO] (Minecraft) [STDOUT]: LEN: 4
[00:56:53] [Server thread/INFO] (Minecraft) [STDOUT]: [1.0, 1.0, 1.0, 4.0]
[00:56:53] [Server thread/INFO] (Minecraft) [STDOUT]: Sending Info now
[00:56:53] [Server thread/INFO] (Minecraft) [STDOUT]: LEN: 4
[00:56:53] [Server thread/INFO] (Minecraft) [STDOUT]: [1.0, 1.0, 1.0, 4.0]
[00:56:53] [Server thread/INFO] (Minecraft) [STDOUT]: Sending Info now
[00:56:53] [Server thread/INFO] (Minecraft) [STDOUT]: LEN: 4
[00:56:53] [Server thread/INFO] (Minecraft) [STDOUT]: [1.0, 1.0, 1.0, 4.0]
[00:56:54] [Server thread/INFO] (Minecraft) [STDOUT]: Sending Info now
[00:56:54] [Server thread/INFO] (Minecraft) [STDOUT]: LEN: 4
[00:56:54] [Server thread/INFO] (Minecraft) [STDOUT]: [1.0, 1.0, 1.0, 4.0]
[00:56:54] [Server thread/INFO] (Minecraft) [STDOUT]: Sending Info now
[00:56:54] [Server thread/INFO] (Minecraft) [STDOUT]: LEN: 4
[00:56:54] [Server thread/INFO] (Minecraft) [STDOUT]: [1.0, 1.0, 1.0, 4.0]
[00:56:54] [Server thread/INFO] (Minecraft) [STDOUT]: Sending Info now
[00:56:54] [Server thread/INFO] (Minecraft) [STDOUT]: LEN: 4
[00:56:54] [Server thread/INFO] (Minecraft) [STDOUT]: [1.0, 1.0, 1.0, 4.0]
[00:56:54] [Server thread/INFO] (Minecraft) [STDOUT]: Sending Info now
[00:56:54] [Server thread/INFO] (Minecraft) [STDOUT]: LEN: 4
[00:56:54] [Server thread/INFO] (Minecraft) [STDOUT]: [1.0, 1.0, 1.0, 4.0]
[00:56:54] [Server thread/INFO] (Minecraft) [STDOUT]: Sending Info now
[00:56:54] [Server thread/INFO] (Minecraft) [STDOUT]: LEN: 4
[00:56:54] [Server thread/INFO] (Minecraft) [STDOUT]: [1.0, 1.0, 1.0, 4.0]
[00:56:54] [Server thread/INFO] (Minecraft) [STDOUT]: Sending Info now
[00:56:54] [Server thread/INFO] (Minecraft) [STDOUT]: LEN: 4
[00:56:54] [Server thread/INFO] (Minecraft) [STDOUT]: [1.0, 1.0, 1.0, 4.0]
[00:56:54] [Server thread/INFO] (Minecraft) [STDOUT]: Sending Info now
[00:56:54] [Server thread/INFO] (Minecraft) [STDOUT]: LEN: 4
[00:56:54] [Server thread/INFO] (Minecraft) [STDOUT]: [1.0, 1.0, 1.0, 4.0]
[00:56:54] [Server thread/INFO] (Minecraft) [STDOUT]: Sending Info now
[00:56:54] [Server thread/INFO] (Minecraft) [STDOUT]: LEN: 4
[00:56:54] [Server thread/INFO] (Minecraft) [STDOUT]: [1.0, 1.0, 1.0, 4.0]
[00:56:54] [Server thread/INFO] (Minecraft) [STDOUT]: Sending Info now
[00:56:54] [Server thread/INFO] (Minecraft) [STDOUT]: LEN: 4
[00:56:54] [Server thread/INFO] (Minecraft) [STDOUT]: [1.0, 1.0, 1.0, 4.0]
[00:56:54] [Server thread/INFO] (Minecraft) [STDOUT]: Sending Info now
[00:56:54] [Server thread/INFO] (Minecraft) [STDOUT]: LEN: 4
[00:56:54] [Server thread/INFO] (Minecraft) [STDOUT]: [1.0, 1.0, 1.0, 4.0]
[00:56:55] [Server thread/INFO] (Minecraft) [STDOUT]: Sending Info now
[00:56:55] [Server thread/INFO] (Minecraft) [STDOUT]: LEN: 4
[00:56:55] [Server thread/INFO] (Minecraft) [STDOUT]: [1.0, 1.0, 1.0, 4.0]
[00:56:55] [Server thread/INFO] (Minecraft) [STDOUT]: Sending Info now
[00:56:55] [Server thread/INFO] (Minecraft) [STDOUT]: LEN: 4
[00:56:55] [Server thread/INFO] (Minecraft) [STDOUT]: [1.0, 1.0, 1.0, 4.0]
[00:56:55] [Server thread/INFO] (Minecraft) [STDOUT]: Sending Info now
[00:56:55] [Server thread/INFO] (Minecraft) [STDOUT]: LEN: 4
[00:56:55] [Server thread/INFO] (Minecraft) [STDOUT]: [1.0, 1.0, 1.0, 4.0]
[00:56:55] [Server thread/INFO] (Minecraft) [STDOUT]: Sending Info now
[00:56:55] [Server thread/INFO] (Minecraft) [STDOUT]: LEN: 4
[00:56:55] [Server thread/INFO] (Minecraft) [STDOUT]: [1.0, 1.0, 1.0, 4.0]
[00:56:55] [Server thread/INFO] (Minecraft) [STDOUT]: Sending Info now
[00:56:55] [Server thread/INFO] (Minecraft) [STDOUT]: LEN: 4
[00:56:55] [Server thread/INFO] (Minecraft) [STDOUT]: [1.0, 1.0, 1.0, 4.0]
[00:56:55] [Server thread/INFO] (Minecraft) [STDOUT]: Sending Info now
[00:56:55] [Server thread/INFO] (Minecraft) [STDOUT]: LEN: 4
[00:56:55] [Server thread/INFO] (Minecraft) [STDOUT]: [1.0, 1.0, 1.0, 4.0]
[00:56:55] [Server thread/INFO] (Minecraft) [STDOUT]: Sending Info now
[00:56:55] [Server thread/INFO] (Minecraft) [STDOUT]: LEN: 4
[00:56:55] [Server thread/INFO] (Minecraft) [STDOUT]: [1.0, 1.0, 1.0, 4.0]
[00:56:55] [Server thread/INFO] (Minecraft) [STDOUT]: Sending Info now
[00:56:55] [Server thread/INFO] (Minecraft) [STDOUT]: LEN: 4
[00:56:55] [Server thread/INFO] (Minecraft) [STDOUT]: [1.0, 1.0, 1.0, 4.0]
[00:56:55] [Server thread/INFO] (Minecraft) [STDOUT]: Sending Info now
[00:56:55] [Server thread/INFO] (Minecraft) [STDOUT]: LEN: 4
[00:56:55] [Server thread/INFO] (Minecraft) [STDOUT]: [1.0, 1.0, 1.0, 4.0]
[00:56:55] [Server thread/INFO] (Minecraft) [STDOUT]: Sending Info now
[00:56:55] [Server thread/INFO] (Minecraft) [STDOUT]: LEN: 4
[00:56:55] [Server thread/INFO] (Minecraft) [STDOUT]: [1.0, 1.0, 1.0, 4.0]
[00:56:56] [Server thread/INFO] (Minecraft) [STDOUT]: Sending Info now
[00:56:56] [Server thread/INFO] (Minecraft) [STDOUT]: LEN: 4
[00:56:56] [Server thread/INFO] (Minecraft) [STDOUT]: [1.0, 1.0, 1.0, 4.0]
[00:56:56] [Server thread/INFO] (Minecraft) [STDOUT]: Sending Info now
[00:56:56] [Server thread/INFO] (Minecraft) [STDOUT]: LEN: 4
[00:56:56] [Server thread/INFO] (Minecraft) [STDOUT]: [1.0, 1.0, 1.0, 4.0]
[00:56:56] [Server thread/INFO] (Minecraft) [STDOUT]: Sending Info now
[00:56:56] [Server thread/INFO] (Minecraft) [STDOUT]: LEN: 4
[00:56:56] [Server thread/INFO] (Minecraft) [STDOUT]: [1.0, 1.0, 1.0, 4.0]
[00:56:56] [Server thread/INFO] (Minecraft) [STDOUT]: Sending Info now
[00:56:56] [Server thread/INFO] (Minecraft) [STDOUT]: LEN: 4
[00:56:56] [Server thread/INFO] (Minecraft) [STDOUT]: [1.0, 1.0, 1.0, 4.0]
[00:56:56] [Server thread/INFO] (Minecraft) [STDOUT]: Sending Info now
[00:56:56] [Server thread/INFO] (Minecraft) [STDOUT]: LEN: 4
[00:56:56] [Server thread/INFO] (Minecraft) [STDOUT]: [1.0, 1.0, 1.0, 4.0]
[00:56:56] [Server thread/INFO] (Minecraft) [STDOUT]: Sending Info now
[00:56:56] [Server thread/INFO] (Minecraft) [STDOUT]: LEN: 4
[00:56:56] [Server thread/INFO] (Minecraft) [STDOUT]: [1.0, 1.0, 1.0, 4.0]
[00:56:56] [Server thread/INFO] (Minecraft) [STDOUT]: Sending Info now
[00:56:56] [Server thread/INFO] (Minecraft) [STDOUT]: LEN: 4
[00:56:56] [Server thread/INFO] (Minecraft) [STDOUT]: [1.0, 1.0, 1.0, 4.0]
[00:56:56] [Server thread/INFO] (Minecraft) [STDOUT]: Sending Info now
[00:56:56] [Server thread/INFO] (Minecraft) [STDOUT]: LEN: 4
[00:56:56] [Server thread/INFO] (Minecraft) [STDOUT]: [1.0, 1.0, 1.0, 4.0]
[00:56:56] [Server thread/INFO] (Minecraft) [STDOUT]: Sending Info now
[00:56:56] [Server thread/INFO] (Minecraft) [STDOUT]: LEN: 4
[00:56:56] [Server thread/INFO] (Minecraft) [STDOUT]: [1.0, 1.0, 1.0, 4.0]
[00:56:56] [Server thread/INFO] (Minecraft) [STDOUT]: Sending Info now
[00:56:56] [Server thread/INFO] (Minecraft) [STDOUT]: LEN: 4
[00:56:56] [Server thread/INFO] (Minecraft) [STDOUT]: [1.0, 1.0, 1.0, 4.0]
[00:56:57] [Server thread/INFO] (Minecraft) [STDOUT]: Sending Info now
[00:56:57] [Server thread/INFO] (Minecraft) [STDOUT]: LEN: 4
[00:56:57] [Server thread/INFO] (Minecraft) [STDOUT]: [1.0, 1.0, 1.0, 4.0]
[00:56:57] [Server thread/INFO] (Minecraft) [STDOUT]: Sending Info now
[00:56:57] [Server thread/INFO] (Minecraft) [STDOUT]: LEN: 4
[00:56:57] [Server thread/INFO] (Minecraft) [STDOUT]: [1.0, 1.0, 1.0, 4.0]
[00:56:57] [Server thread/INFO] (Minecraft) [STDOUT]: Sending Info now
[00:56:57] [Server thread/INFO] (Minecraft) [STDOUT]: LEN: 4
[00:56:57] [Server thread/INFO] (Minecraft) [STDOUT]: [1.0, 1.0, 1.0, 4.0]
[00:56:57] [Server thread/INFO] (Minecraft) [STDOUT]: Sending Info now
[00:56:57] [Server thread/INFO] (Minecraft) [STDOUT]: LEN: 4
[00:56:57] [Server thread/INFO] (Minecraft) [STDOUT]: [1.0, 1.0, 1.0, 4.0]
[00:56:57] [Server thread/INFO] (Minecraft) [STDOUT]: Sending Info now
[00:56:57] [Render thread/INFO] (Minecraft) Loaded 71 advancements
[00:56:57] [Server thread/INFO] (Minecraft) [STDOUT]: LEN: 4
[00:56:57] [Server thread/INFO] (Minecraft) [STDOUT]: [1.0, 1.0, 1.0, 4.0]
[00:56:57] [Server thread/INFO] (Minecraft) [STDOUT]: Sending Info now
[00:56:57] [Server thread/INFO] (Minecraft) [STDOUT]: LEN: 4
[00:56:57] [Server thread/INFO] (Minecraft) [STDOUT]: [1.0, 1.0, 1.0, 4.0]
[00:56:57] [Server thread/INFO] (Minecraft) [STDOUT]: Sending Info now
[00:56:57] [Server thread/INFO] (Minecraft) [STDOUT]: LEN: 4
[00:56:57] [Server thread/INFO] (Minecraft) [STDOUT]: [1.0, 1.0, 1.0, 4.0]
[00:56:57] [Server thread/INFO] (Minecraft) [STDOUT]: Sending Info now
[00:56:57] [Server thread/INFO] (Minecraft) [STDOUT]: LEN: 4
[00:56:57] [Server thread/INFO] (Minecraft) [STDOUT]: [1.0, 1.0, 1.0, 4.0]
[00:56:57] [Server thread/INFO] (Minecraft) [STDOUT]: Sending Info now
[00:56:57] [Server thread/INFO] (Minecraft) [STDOUT]: LEN: 4
[00:56:57] [Server thread/INFO] (Minecraft) [STDOUT]: [1.0, 1.0, 1.0, 4.0]
[00:56:57] [Server thread/INFO] (Minecraft) [STDOUT]: Sending Info now
[00:56:57] [Server thread/INFO] (Minecraft) [STDOUT]: LEN: 4
[00:56:57] [Server thread/INFO] (Minecraft) [STDOUT]: [1.0, 1.0, 1.0, 4.0]
[00:56:58] [Server thread/INFO] (Minecraft) [STDOUT]: Sending Info now
[00:56:58] [Server thread/INFO] (Minecraft) [STDOUT]: LEN: 4
[00:56:58] [Server thread/INFO] (Minecraft) [STDOUT]: [1.0, 1.0, 1.0, 4.0]
[00:56:58] [Server thread/INFO] (Minecraft) [STDOUT]: Sending Info now
[00:56:58] [Server thread/INFO] (Minecraft) [STDOUT]: LEN: 4
[00:56:58] [Server thread/INFO] (Minecraft) [STDOUT]: [1.0, 1.0, 1.0, 4.0]
[00:56:58] [Server thread/INFO] (Minecraft) [STDOUT]: Sending Info now
[00:56:58] [Server thread/INFO] (Minecraft) [STDOUT]: LEN: 4
[00:56:58] [Server thread/INFO] (Minecraft) [STDOUT]: [1.0, 1.0, 1.0, 4.0]
[00:56:58] [Server thread/INFO] (Minecraft) [STDOUT]: Sending Info now
[00:56:58] [Server thread/INFO] (Minecraft) [STDOUT]: LEN: 4
[00:56:58] [Server thread/INFO] (Minecraft) [STDOUT]: [1.0, 1.0, 1.0, 4.0]
[00:56:58] [Server thread/INFO] (Minecraft) [STDOUT]: Sending Info now
[00:56:58] [Server thread/INFO] (Minecraft) [STDOUT]: LEN: 4
[00:56:58] [Server thread/INFO] (Minecraft) [STDOUT]: [1.0, 1.0, 1.0, 4.0]
[00:56:58] [Server thread/INFO] (Minecraft) [STDOUT]: Sending Info now
[00:56:58] [Server thread/INFO] (Minecraft) [STDOUT]: LEN: 4
[00:56:58] [Server thread/INFO] (Minecraft) [STDOUT]: [1.0, 1.0, 1.0, 4.0]
[00:56:58] [Server thread/INFO] (Minecraft) [STDOUT]: Sending Info now
[00:56:58] [Server thread/INFO] (Minecraft) [STDOUT]: LEN: 4
[00:56:58] [Server thread/INFO] (Minecraft) [STDOUT]: [1.0, 1.0, 1.0, 4.0]
[00:56:58] [Server thread/INFO] (Minecraft) [STDOUT]: Sending Info now
[00:56:58] [Server thread/INFO] (Minecraft) [STDOUT]: LEN: 4
[00:56:58] [Server thread/INFO] (Minecraft) [STDOUT]: [1.0, 1.0, 1.0, 4.0]
[00:56:58] [Server thread/INFO] (Minecraft) [STDOUT]: Sending Info now
[00:56:58] [Server thread/INFO] (Minecraft) [STDOUT]: LEN: 4
[00:56:58] [Server thread/INFO] (Minecraft) [STDOUT]: [1.0, 1.0, 1.0, 4.0]
[00:56:58] [Server thread/INFO] (Minecraft) [STDOUT]: Sending Info now
[00:56:59] [Server thread/INFO] (Minecraft) [STDOUT]: LEN: 4
[00:56:59] [Server thread/INFO] (Minecraft) [STDOUT]: [1.0, 1.0, 1.0, 4.0]
[00:56:59] [Server thread/INFO] (Minecraft) [STDOUT]: Sending Info now
[00:56:59] [Server thread/INFO] (Minecraft) [STDOUT]: LEN: 4
[00:56:59] [Server thread/INFO] (Minecraft) [STDOUT]: [1.0, 1.0, 1.0, 4.0]
[00:56:59] [Server thread/INFO] (Minecraft) [STDOUT]: Sending Info now
[00:56:59] [Server thread/INFO] (Minecraft) [STDOUT]: LEN: 4
[00:56:59] [Server thread/INFO] (Minecraft) [STDOUT]: [1.0, 1.0, 1.0, 4.0]
[00:56:59] [Server thread/INFO] (Minecraft) [STDOUT]: Sending Info now
[00:56:59] [Server thread/INFO] (Minecraft) [STDOUT]: LEN: 4
[00:56:59] [Server thread/INFO] (Minecraft) [STDOUT]: [1.0, 1.0, 1.0, 4.0]
[00:56:59] [Server thread/INFO] (Minecraft) [STDOUT]: Sending Info now
[00:56:59] [Server thread/INFO] (Minecraft) [STDOUT]: LEN: 4
[00:56:59] [Server thread/INFO] (Minecraft) [STDOUT]: [1.0, 1.0, 1.0, 4.0]
[00:56:59] [Server thread/INFO] (Minecraft) [STDOUT]: Sending Info now
[00:56:59] [Server thread/INFO] (Minecraft) [STDOUT]: LEN: 4
[00:56:59] [Server thread/INFO] (Minecraft) [STDOUT]: [1.0, 1.0, 1.0, 4.0]
[00:56:59] [Server thread/INFO] (Minecraft) [STDOUT]: Sending Info now
[00:56:59] [Server thread/INFO] (Minecraft) [STDOUT]: LEN: 4
[00:56:59] [Server thread/INFO] (Minecraft) [STDOUT]: [1.0, 1.0, 1.0, 4.0]
[00:56:59] [Server thread/INFO] (Minecraft) [STDOUT]: Sending Info now
[00:56:59] [Server thread/INFO] (Minecraft) [STDOUT]: LEN: 4
[00:56:59] [Server thread/INFO] (Minecraft) [STDOUT]: [1.0, 1.0, 1.0, 4.0]
[00:56:59] [Server thread/INFO] (Minecraft) [STDOUT]: Sending Info now
[00:56:59] [Server thread/INFO] (Minecraft) [STDOUT]: LEN: 4
[00:56:59] [Server thread/INFO] (Minecraft) [STDOUT]: [1.0, 1.0, 1.0, 4.0]
[00:56:59] [Render thread/INFO] (Minecraft) Loaded 74 advancements
[00:56:59] [Server thread/INFO] (Minecraft) [STDOUT]: Sending Info now
[00:56:59] [Server thread/INFO] (Minecraft) [STDOUT]: LEN: 4
[00:56:59] [Server thread/INFO] (Minecraft) [STDOUT]: [1.0, 1.0, 1.0, 4.0]
[00:56:59] [Server thread/INFO] (Minecraft) [STDOUT]: Sending Info now
[00:57:00] [Server thread/INFO] (Minecraft) [STDOUT]: LEN: 4
[00:57:00] [Server thread/INFO] (Minecraft) [STDOUT]: [1.0, 1.0, 1.0, 4.0]
[00:57:00] [Server thread/INFO] (Minecraft) [STDOUT]: Sending Info now
[00:57:00] [Server thread/INFO] (Minecraft) [STDOUT]: LEN: 4
[00:57:00] [Server thread/INFO] (Minecraft) [STDOUT]: [1.0, 1.0, 1.0, 4.0]
[00:57:00] [Server thread/INFO] (Minecraft) [STDOUT]: Sending Info now
[00:57:00] [Server thread/INFO] (Minecraft) [STDOUT]: LEN: 4
[00:57:00] [Server thread/INFO] (Minecraft) [STDOUT]: [1.0, 1.0, 1.0, 4.0]
[00:57:00] [Server thread/INFO] (Minecraft) [STDOUT]: Sending Info now
[00:57:00] [Server thread/INFO] (Minecraft) [STDOUT]: LEN: 4
[00:57:00] [Server thread/INFO] (Minecraft) [STDOUT]: [1.0, 1.0, 1.0, 4.0]
[00:57:00] [Server thread/INFO] (Minecraft) [STDOUT]: Sending Info now
[00:57:00] [Server thread/INFO] (Minecraft) [STDOUT]: LEN: 4
[00:57:00] [Server thread/INFO] (Minecraft) [STDOUT]: [1.0, 1.0, 1.0, 4.0]
[00:57:00] [Server thread/INFO] (Minecraft) [STDOUT]: Sending Info now
[00:57:00] [Server thread/INFO] (Minecraft) [STDOUT]: LEN: 4
[00:57:00] [Server thread/INFO] (Minecraft) [STDOUT]: [1.0, 1.0, 1.0, 4.0]
[00:57:00] [Server thread/INFO] (Minecraft) [STDOUT]: Sending Info now
[00:57:00] [Server thread/INFO] (Minecraft) [STDOUT]: LEN: 4
[00:57:00] [Server thread/INFO] (Minecraft) [STDOUT]: [1.0, 1.0, 1.0, 4.0]
[00:57:00] [Server thread/INFO] (Minecraft) [STDOUT]: Sending Info now
[00:57:00] [Server thread/INFO] (Minecraft) [STDOUT]: LEN: 4
[00:57:00] [Server thread/INFO] (Minecraft) [STDOUT]: [1.0, 1.0, 1.0, 4.0]
[00:57:00] [Server thread/INFO] (Minecraft) [STDOUT]: Sending Info now
[00:57:00] [Server thread/INFO] (Minecraft) [STDOUT]: LEN: 4
[00:57:00] [Server thread/INFO] (Minecraft) [STDOUT]: [1.0, 1.0, 1.0, 4.0]
[00:57:00] [Server thread/INFO] (Minecraft) [STDOUT]: Sending Info now
[00:57:00] [Server thread/INFO] (Minecraft) [STDOUT]: LEN: 4
[00:57:00] [Server thread/INFO] (Minecraft) [STDOUT]: [1.0, 1.0, 1.0, 4.0]
[00:57:00] [Server thread/INFO] (Minecraft) [STDOUT]: Sending Info now
[00:57:00] [Server thread/INFO] (Minecraft) [STDOUT]: LEN: 4
[00:57:00] [Server thread/INFO] (Minecraft) [STDOUT]: [1.0, 1.0, 1.0, 4.0]
[00:57:01] [Server thread/INFO] (Minecraft) [STDOUT]: Sending Info now
[00:57:01] [Server thread/INFO] (Minecraft) [STDOUT]: LEN: 4
[00:57:01] [Server thread/INFO] (Minecraft) [STDOUT]: [1.0, 1.0, 1.0, 4.0]
[00:57:01] [Server thread/INFO] (Minecraft) [STDOUT]: Sending Info now
[00:57:01] [Server thread/INFO] (Minecraft) [STDOUT]: LEN: 4
[00:57:01] [Server thread/INFO] (Minecraft) [STDOUT]: [1.0, 1.0, 1.0, 4.0]
[00:57:01] [Server thread/INFO] (Minecraft) [STDOUT]: Sending Info now
[00:57:01] [Server thread/INFO] (Minecraft) [STDOUT]: LEN: 4
[00:57:01] [Server thread/INFO] (Minecraft) [STDOUT]: [1.0, 1.0, 1.0, 4.0]
[00:57:01] [Server thread/INFO] (Minecraft) [STDOUT]: Sending Info now
[00:57:01] [Server thread/INFO] (Minecraft) [STDOUT]: LEN: 4
[00:57:01] [Server thread/INFO] (Minecraft) [STDOUT]: [1.0, 1.0, 1.0, 4.0]
[00:57:01] [Server thread/INFO] (Minecraft) [STDOUT]: Sending Info now
[00:57:01] [Server thread/INFO] (Minecraft) [STDOUT]: LEN: 4
[00:57:01] [Server thread/INFO] (Minecraft) [STDOUT]: [1.0, 1.0, 1.0, 4.0]
[00:57:01] [Server thread/INFO] (Minecraft) [STDOUT]: Sending Info now
[00:57:01] [Server thread/INFO] (Minecraft) [STDOUT]: LEN: 4
[00:57:01] [Server thread/INFO] (Minecraft) [STDOUT]: [1.0, 1.0, 1.0, 4.0]
[00:57:01] [Server thread/INFO] (Minecraft) [STDOUT]: Sending Info now
[00:57:01] [Server thread/INFO] (Minecraft) [STDOUT]: LEN: 4
[00:57:01] [Server thread/INFO] (Minecraft) [STDOUT]: [1.0, 1.0, 1.0, 4.0]
[00:57:01] [Server thread/INFO] (Minecraft) [STDOUT]: Sending Info now
[00:57:01] [Server thread/INFO] (Minecraft) [STDOUT]: LEN: 4
[00:57:01] [Server thread/INFO] (Minecraft) [STDOUT]: [1.0, 1.0, 1.0, 4.0]
[00:57:01] [Server thread/INFO] (Minecraft) [STDOUT]: Sending Info now
[00:57:01] [Server thread/INFO] (Minecraft) [STDOUT]: LEN: 4
[00:57:01] [Server thread/INFO] (Minecraft) [STDOUT]: [1.0, 1.0, 1.0, 4.0]
[00:57:01] [Server thread/INFO] (Minecraft) [STDOUT]: Sending Info now
[00:57:01] [Server thread/INFO] (Minecraft) [STDOUT]: LEN: 4
[00:57:01] [Server thread/INFO] (Minecraft) [STDOUT]: [1.0, 1.0, 1.0, 4.0]
[00:57:02] [Server thread/INFO] (Minecraft) [STDOUT]: Sending Info now
[00:57:02] [Server thread/INFO] (Minecraft) [STDOUT]: LEN: 4
[00:57:02] [Server thread/INFO] (Minecraft) [STDOUT]: [1.0, 1.0, 1.0, 4.0]
[00:57:02] [Server thread/INFO] (Minecraft) [STDOUT]: Sending Info now
[00:57:02] [Server thread/INFO] (Minecraft) [STDOUT]: LEN: 4
[00:57:02] [Server thread/INFO] (Minecraft) [STDOUT]: [1.0, 1.0, 1.0, 4.0]
[00:57:02] [Server thread/INFO] (Minecraft) [STDOUT]: Sending Info now
[00:57:02] [Server thread/INFO] (Minecraft) [STDOUT]: LEN: 4
[00:57:02] [Server thread/INFO] (Minecraft) [STDOUT]: [1.0, 1.0, 1.0, 4.0]
[00:57:02] [Server thread/INFO] (Minecraft) [STDOUT]: Sending Info now
[00:57:02] [Server thread/INFO] (Minecraft) [STDOUT]: LEN: 4
[00:57:02] [Server thread/INFO] (Minecraft) [STDOUT]: [1.0, 1.0, 1.0, 4.0]
[00:57:02] [Server thread/INFO] (Minecraft) [STDOUT]: Sending Info now
[00:57:02] [Server thread/INFO] (Minecraft) [STDOUT]: LEN: 4
[00:57:02] [Server thread/INFO] (Minecraft) [STDOUT]: [1.0, 1.0, 1.0, 4.0]
[00:57:02] [Server thread/INFO] (Minecraft) [STDOUT]: Sending Info now
[00:57:02] [Server thread/INFO] (Minecraft) [STDOUT]: LEN: 4
[00:57:02] [Server thread/INFO] (Minecraft) [STDOUT]: [1.0, 1.0, 1.0, 4.0]
[00:57:02] [Server thread/INFO] (Minecraft) [STDOUT]: Sending Info now
[00:57:02] [Server thread/INFO] (Minecraft) [STDOUT]: LEN: 4
[00:57:02] [Server thread/INFO] (Minecraft) [STDOUT]: [1.0, 1.0, 1.0, 4.0]
[00:57:02] [Server thread/INFO] (Minecraft) [STDOUT]: Sending Info now
[00:57:02] [Server thread/INFO] (Minecraft) [STDOUT]: LEN: 4
[00:57:02] [Server thread/INFO] (Minecraft) [STDOUT]: [1.0, 1.0, 1.0, 4.0]
[00:57:02] [Server thread/INFO] (Minecraft) [STDOUT]: Sending Info now
[00:57:02] [Server thread/INFO] (Minecraft) [STDOUT]: LEN: 4
[00:57:02] [Server thread/INFO] (Minecraft) [STDOUT]: [1.0, 1.0, 1.0, 4.0]
[00:57:02] [Server thread/INFO] (Minecraft) [STDOUT]: Sending Info now
[00:57:02] [Server thread/INFO] (Minecraft) [STDOUT]: LEN: 4
[00:57:02] [Server thread/INFO] (Minecraft) [STDOUT]: [1.0, 1.0, 1.0, 4.0]
[00:57:03] [Server thread/INFO] (Minecraft) [STDOUT]: Sending Info now
[00:57:03] [Server thread/INFO] (Minecraft) [STDOUT]: LEN: 4
[00:57:03] [Server thread/INFO] (Minecraft) [STDOUT]: [1.0, 1.0, 1.0, 4.0]
[00:57:03] [Server thread/INFO] (Minecraft) [STDOUT]: Sending Info now
[00:57:03] [Server thread/INFO] (Minecraft) [STDOUT]: LEN: 4
[00:57:03] [Server thread/INFO] (Minecraft) [STDOUT]: [1.0, 1.0, 1.0, 4.0]
[00:57:03] [Server thread/INFO] (Minecraft) [STDOUT]: Sending Info now
[00:57:03] [Server thread/INFO] (Minecraft) [STDOUT]: LEN: 4
[00:57:03] [Server thread/INFO] (Minecraft) [STDOUT]: [1.0, 1.0, 1.0, 4.0]
[00:57:03] [Server thread/INFO] (Minecraft) [STDOUT]: Sending Info now
[00:57:03] [Server thread/INFO] (Minecraft) [STDOUT]: LEN: 4
[00:57:03] [Server thread/INFO] (Minecraft) [STDOUT]: [1.0, 1.0, 1.0, 4.0]
[00:57:03] [Server thread/INFO] (Minecraft) [STDOUT]: Sending Info now
[00:57:03] [Server thread/INFO] (Minecraft) [STDOUT]: LEN: 4
[00:57:03] [Server thread/INFO] (Minecraft) [STDOUT]: [1.0, 1.0, 1.0, 4.0]
[00:57:03] [Server thread/INFO] (Minecraft) [STDOUT]: Sending Info now
[00:57:03] [Server thread/INFO] (Minecraft) [STDOUT]: LEN: 4
[00:57:03] [Server thread/INFO] (Minecraft) [STDOUT]: [1.0, 1.0, 1.0, 4.0]
[00:57:03] [Server thread/INFO] (Minecraft) [STDOUT]: Sending Info now
[00:57:03] [Server thread/INFO] (Minecraft) [STDOUT]: LEN: 4
[00:57:03] [Server thread/INFO] (Minecraft) [STDOUT]: [1.0, 1.0, 1.0, 4.0]
[00:57:03] [Server thread/INFO] (Minecraft) [STDOUT]: Sending Info now
[00:57:03] [Server thread/INFO] (Minecraft) [STDOUT]: LEN: 4
[00:57:03] [Server thread/INFO] (Minecraft) [STDOUT]: [1.0, 1.0, 1.0, 4.0]
[00:57:03] [Server thread/INFO] (Minecraft) [STDOUT]: Sending Info now
[00:57:03] [Server thread/INFO] (Minecraft) [STDOUT]: LEN: 4
[00:57:03] [Server thread/INFO] (Minecraft) [STDOUT]: [1.0, 1.0, 1.0, 4.0]
[00:57:03] [Server thread/INFO] (Minecraft) [STDOUT]: Sending Info now
[00:57:03] [Server thread/INFO] (Minecraft) [STDOUT]: LEN: 4
[00:57:03] [Server thread/INFO] (Minecraft) [STDOUT]: [1.0, 1.0, 1.0, 4.0]
[00:57:04] [Server thread/INFO] (Minecraft) [STDOUT]: Sending Info now
[00:57:04] [Server thread/INFO] (Minecraft) [STDOUT]: LEN: 4
[00:57:04] [Server thread/INFO] (Minecraft) [STDOUT]: [1.0, 1.0, 1.0, 4.0]
[00:57:04] [Server thread/INFO] (Minecraft) [STDOUT]: Sending Info now
[00:57:04] [Server thread/INFO] (Minecraft) [STDOUT]: LEN: 4
[00:57:04] [Server thread/INFO] (Minecraft) [STDOUT]: [1.0, 1.0, 1.0, 4.0]
[00:57:04] [Server thread/INFO] (Minecraft) [STDOUT]: Sending Info now
[00:57:04] [Server thread/INFO] (Minecraft) [STDOUT]: LEN: 4
[00:57:04] [Server thread/INFO] (Minecraft) [STDOUT]: [1.0, 1.0, 1.0, 4.0]
[00:57:04] [Server thread/INFO] (Minecraft) [STDOUT]: Sending Info now
[00:57:04] [Server thread/INFO] (Minecraft) [STDOUT]: LEN: 4
[00:57:04] [Server thread/INFO] (Minecraft) [STDOUT]: [1.0, 1.0, 1.0, 4.0]
[00:57:04] [Server thread/INFO] (Minecraft) [STDOUT]: Sending Info now
[00:57:04] [Server thread/INFO] (Minecraft) [STDOUT]: LEN: 4
[00:57:04] [Server thread/INFO] (Minecraft) [STDOUT]: [1.0, 1.0, 1.0, 4.0]
[00:57:04] [Server thread/INFO] (Minecraft) [STDOUT]: Sending Info now
[00:57:04] [Server thread/INFO] (Minecraft) [STDOUT]: LEN: 4
[00:57:04] [Server thread/INFO] (Minecraft) [STDOUT]: [1.0, 1.0, 1.0, 4.0]
[00:57:04] [Server thread/INFO] (Minecraft) [STDOUT]: Sending Info now
[00:57:04] [Server thread/INFO] (Minecraft) [STDOUT]: LEN: 4
[00:57:04] [Server thread/INFO] (Minecraft) [STDOUT]: [1.0, 1.0, 1.0, 4.0]
[00:57:04] [Server thread/INFO] (Minecraft) [STDOUT]: Sending Info now
[00:57:04] [Server thread/INFO] (Minecraft) [STDOUT]: LEN: 4
[00:57:04] [Server thread/INFO] (Minecraft) [STDOUT]: [1.0, 1.0, 1.0, 4.0]
[00:57:04] [Server thread/INFO] (Minecraft) [STDOUT]: Sending Info now
[00:57:04] [Server thread/INFO] (Minecraft) [STDOUT]: LEN: 4
[00:57:04] [Server thread/INFO] (Minecraft) [STDOUT]: [1.0, 1.0, 1.0, 4.0]
[00:57:04] [Server thread/INFO] (Minecraft) [STDOUT]: Sending Info now
[00:57:04] [Server thread/INFO] (Minecraft) [STDOUT]: LEN: 4
[00:57:04] [Server thread/INFO] (Minecraft) [STDOUT]: [1.0, 1.0, 1.0, 4.0]
[00:57:05] [Server thread/INFO] (Minecraft) [STDOUT]: Sending Info now
[00:57:05] [Server thread/INFO] (Minecraft) [STDOUT]: LEN: 4
[00:57:05] [Server thread/INFO] (Minecraft) [STDOUT]: [1.0, 1.0, 1.0, 4.0]
[00:57:05] [Server thread/INFO] (Minecraft) [STDOUT]: Sending Info now
[00:57:05] [Server thread/INFO] (Minecraft) [STDOUT]: LEN: 4
[00:57:05] [Server thread/INFO] (Minecraft) [STDOUT]: [1.0, 1.0, 1.0, 4.0]
[00:57:05] [Server thread/INFO] (Minecraft) [STDOUT]: Sending Info now
[00:57:05] [Server thread/INFO] (Minecraft) [STDOUT]: LEN: 4
[00:57:05] [Server thread/INFO] (Minecraft) [STDOUT]: [1.0, 1.0, 1.0, 4.0]
[00:57:05] [Server thread/INFO] (Minecraft) [STDOUT]: Sending Info now
[00:57:05] [Server thread/INFO] (Minecraft) [STDOUT]: LEN: 4
[00:57:05] [Server thread/INFO] (Minecraft) [STDOUT]: [1.0, 1.0, 1.0, 4.0]
[00:57:05] [Server thread/INFO] (Minecraft) [STDOUT]: Sending Info now
[00:57:05] [Server thread/INFO] (Minecraft) [STDOUT]: LEN: 4
[00:57:05] [Server thread/INFO] (Minecraft) [STDOUT]: [1.0, 1.0, 1.0, 4.0]
[00:57:05] [Server thread/INFO] (Minecraft) [STDOUT]: Sending Info now
[00:57:05] [Server thread/INFO] (Minecraft) [STDOUT]: LEN: 4
[00:57:05] [Server thread/INFO] (Minecraft) [STDOUT]: [1.0, 1.0, 1.0, 4.0]
[00:57:05] [Server thread/INFO] (Minecraft) [STDOUT]: Sending Info now
[00:57:05] [Server thread/INFO] (Minecraft) [STDOUT]: LEN: 4
[00:57:05] [Server thread/INFO] (Minecraft) [STDOUT]: [1.0, 1.0, 1.0, 4.0]
[00:57:05] [Server thread/INFO] (Minecraft) [STDOUT]: Sending Info now
[00:57:05] [Server thread/INFO] (Minecraft) [STDOUT]: LEN: 4
[00:57:05] [Server thread/INFO] (Minecraft) [STDOUT]: [1.0, 1.0, 1.0, 4.0]
[00:57:05] [Server thread/INFO] (Minecraft) [STDOUT]: Sending Info now
[00:57:05] [Server thread/INFO] (Minecraft) [STDOUT]: LEN: 4
[00:57:05] [Server thread/INFO] (Minecraft) [STDOUT]: [1.0, 1.0, 1.0, 4.0]
[00:57:05] [Server thread/INFO] (Minecraft) [STDOUT]: Sending Info now
[00:57:05] [Server thread/INFO] (Minecraft) [STDOUT]: LEN: 4
[00:57:05] [Server thread/INFO] (Minecraft) [STDOUT]: [1.0, 1.0, 1.0, 4.0]
[00:57:06] [Server thread/INFO] (Minecraft) [STDOUT]: Sending Info now
[00:57:06] [Server thread/INFO] (Minecraft) [STDOUT]: LEN: 4
[00:57:06] [Server thread/INFO] (Minecraft) [STDOUT]: [1.0, 1.0, 1.0, 4.0]
[00:57:06] [Server thread/INFO] (Minecraft) [STDOUT]: Sending Info now
[00:57:06] [Server thread/INFO] (Minecraft) [STDOUT]: LEN: 4
[00:57:06] [Server thread/INFO] (Minecraft) [STDOUT]: [1.0, 1.0, 1.0, 4.0]
[00:57:06] [Server thread/INFO] (Minecraft) [STDOUT]: Sending Info now
[00:57:06] [Server thread/INFO] (Minecraft) [STDOUT]: LEN: 4
[00:57:06] [Server thread/INFO] (Minecraft) [STDOUT]: [1.0, 1.0, 1.0, 4.0]
[00:57:06] [Server thread/INFO] (Minecraft) [STDOUT]: Sending Info now
[00:57:06] [Server thread/INFO] (Minecraft) [STDOUT]: LEN: 4
[00:57:06] [Server thread/INFO] (Minecraft) [STDOUT]: [1.0, 1.0, 1.0, 4.0]
[00:57:06] [Server thread/INFO] (Minecraft) [STDOUT]: Sending Info now
[00:57:06] [Server thread/INFO] (Minecraft) [STDOUT]: LEN: 4
[00:57:06] [Server thread/INFO] (Minecraft) [STDOUT]: [1.0, 1.0, 1.0, 4.0]
[00:57:06] [Server thread/INFO] (Minecraft) [STDOUT]: Sending Info now
[00:57:06] [Server thread/INFO] (Minecraft) [STDOUT]: LEN: 4
[00:57:06] [Server thread/INFO] (Minecraft) [STDOUT]: [1.0, 1.0, 1.0, 4.0]
[00:57:06] [Server thread/INFO] (Minecraft) [STDOUT]: Sending Info now
[00:57:06] [Server thread/INFO] (Minecraft) [STDOUT]: LEN: 4
[00:57:06] [Server thread/INFO] (Minecraft) [STDOUT]: [1.0, 1.0, 1.0, 4.0]
[00:57:06] [Server thread/INFO] (Minecraft) [STDOUT]: Sending Info now
[00:57:06] [Server thread/INFO] (Minecraft) [STDOUT]: LEN: 4
[00:57:06] [Server thread/INFO] (Minecraft) [STDOUT]: [1.0, 1.0, 1.0, 4.0]
[00:57:06] [Server thread/INFO] (Minecraft) [STDOUT]: Sending Info now
[00:57:06] [Server thread/INFO] (Minecraft) [STDOUT]: LEN: 4
[00:57:06] [Server thread/INFO] (Minecraft) [STDOUT]: [1.0, 1.0, 1.0, 4.0]
[00:57:06] [Server thread/INFO] (Minecraft) [STDOUT]: Sending Info now
[00:57:06] [Server thread/INFO] (Minecraft) [STDOUT]: LEN: 4
[00:57:06] [Server thread/INFO] (Minecraft) [STDOUT]: [1.0, 1.0, 1.0, 4.0]
[00:57:07] [Server thread/INFO] (Minecraft) [STDOUT]: Sending Info now
[00:57:07] [Server thread/INFO] (Minecraft) [STDOUT]: LEN: 4
[00:57:07] [Server thread/INFO] (Minecraft) [STDOUT]: [1.0, 1.0, 1.0, 4.0]
[00:57:07] [Server thread/INFO] (Minecraft) [STDOUT]: Sending Info now
[00:57:07] [Server thread/INFO] (Minecraft) [STDOUT]: LEN: 4
[00:57:07] [Server thread/INFO] (Minecraft) [STDOUT]: [1.0, 1.0, 1.0, 4.0]
[00:57:07] [Server thread/INFO] (Minecraft) [STDOUT]: Sending Info now
[00:57:07] [Server thread/INFO] (Minecraft) [STDOUT]: LEN: 4
[00:57:07] [Server thread/INFO] (Minecraft) [STDOUT]: [1.0, 1.0, 1.0, 4.0]
[00:57:07] [Server thread/INFO] (Minecraft) [STDOUT]: Sending Info now
[00:57:07] [Server thread/INFO] (Minecraft) [STDOUT]: LEN: 4
[00:57:07] [Server thread/INFO] (Minecraft) [STDOUT]: [1.0, 1.0, 1.0, 4.0]
[00:57:07] [Server thread/INFO] (Minecraft) [STDOUT]: Sending Info now
[00:57:07] [Server thread/INFO] (Minecraft) [STDOUT]: LEN: 4
[00:57:07] [Server thread/INFO] (Minecraft) [STDOUT]: [1.0, 1.0, 1.0, 4.0]
[00:57:07] [Server thread/INFO] (Minecraft) [STDOUT]: Sending Info now
[00:57:07] [Server thread/INFO] (Minecraft) [STDOUT]: LEN: 4
[00:57:07] [Server thread/INFO] (Minecraft) [STDOUT]: [1.0, 1.0, 1.0, 4.0]
[00:57:07] [Server thread/INFO] (Minecraft) [STDOUT]: Sending Info now
[00:57:07] [Server thread/INFO] (Minecraft) [STDOUT]: LEN: 4
[00:57:07] [Server thread/INFO] (Minecraft) [STDOUT]: [1.0, 1.0, 1.0, 4.0]
[00:57:07] [Server thread/INFO] (Minecraft) [STDOUT]: Sending Info now
[00:57:07] [Server thread/INFO] (Minecraft) [STDOUT]: LEN: 4
[00:57:07] [Server thread/INFO] (Minecraft) [STDOUT]: [1.0, 1.0, 1.0, 4.0]
[00:57:07] [Server thread/INFO] (Minecraft) [STDOUT]: Sending Info now
[00:57:07] [Server thread/INFO] (Minecraft) [STDOUT]: LEN: 4
[00:57:07] [Server thread/INFO] (Minecraft) [STDOUT]: [1.0, 1.0, 1.0, 4.0]
[00:57:07] [Server thread/INFO] (Minecraft) [STDOUT]: Sending Info now
[00:57:07] [Server thread/INFO] (Minecraft) [STDOUT]: LEN: 4
[00:57:07] [Server thread/INFO] (Minecraft) [STDOUT]: [1.0, 1.0, 1.0, 4.0]
[00:57:08] [Server thread/INFO] (Minecraft) [STDOUT]: Sending Info now
[00:57:08] [Server thread/INFO] (Minecraft) [STDOUT]: LEN: 4
[00:57:08] [Server thread/INFO] (Minecraft) [STDOUT]: [1.0, 1.0, 1.0, 4.0]
[00:57:08] [Server thread/INFO] (Minecraft) [STDOUT]: Sending Info now
[00:57:08] [Server thread/INFO] (Minecraft) [STDOUT]: LEN: 4
[00:57:08] [Server thread/INFO] (Minecraft) [STDOUT]: [1.0, 1.0, 1.0, 4.0]
[00:57:08] [Server thread/INFO] (Minecraft) [STDOUT]: Sending Info now
[00:57:08] [Server thread/INFO] (Minecraft) [STDOUT]: LEN: 4
[00:57:08] [Server thread/INFO] (Minecraft) [STDOUT]: [1.0, 1.0, 1.0, 4.0]
[00:57:08] [Server thread/INFO] (Minecraft) [STDOUT]: Sending Info now
[00:57:08] [Server thread/INFO] (Minecraft) [STDOUT]: LEN: 4
[00:57:08] [Server thread/INFO] (Minecraft) [STDOUT]: [1.0, 1.0, 1.0, 4.0]
[00:57:08] [Server thread/INFO] (Minecraft) [STDOUT]: Sending Info now
[00:57:08] [Server thread/INFO] (Minecraft) [STDOUT]: LEN: 4
[00:57:08] [Server thread/INFO] (Minecraft) [STDOUT]: [1.0, 1.0, 1.0, 4.0]
[00:57:08] [Server thread/INFO] (Minecraft) [STDOUT]: Sending Info now
[00:57:08] [Server thread/INFO] (Minecraft) [STDOUT]: LEN: 4
[00:57:08] [Server thread/INFO] (Minecraft) [STDOUT]: [1.0, 1.0, 1.0, 4.0]
[00:57:08] [Server thread/INFO] (Minecraft) [STDOUT]: Sending Info now
[00:57:08] [Server thread/INFO] (Minecraft) [STDOUT]: LEN: 4
[00:57:08] [Server thread/INFO] (Minecraft) [STDOUT]: [1.0, 1.0, 1.0, 4.0]
[00:57:08] [Server thread/INFO] (Minecraft) [STDOUT]: Sending Info now
[00:57:08] [Server thread/INFO] (Minecraft) [STDOUT]: LEN: 4
[00:57:08] [Server thread/INFO] (Minecraft) [STDOUT]: [1.0, 1.0, 1.0, 4.0]
[00:57:08] [Server thread/INFO] (Minecraft) [STDOUT]: Sending Info now
[00:57:08] [Server thread/INFO] (Minecraft) [STDOUT]: LEN: 4
[00:57:08] [Server thread/INFO] (Minecraft) [STDOUT]: [1.0, 1.0, 1.0, 4.0]
[00:57:08] [Server thread/INFO] (Minecraft) [STDOUT]: Sending Info now
[00:57:09] [Server thread/INFO] (Minecraft) [STDOUT]: LEN: 4
[00:57:09] [Server thread/INFO] (Minecraft) [STDOUT]: [1.0, 1.0, 1.0, 4.0]
[00:57:09] [Server thread/INFO] (Minecraft) [STDOUT]: Sending Info now
[00:57:09] [Server thread/INFO] (Minecraft) [STDOUT]: LEN: 4
[00:57:09] [Server thread/INFO] (Minecraft) [STDOUT]: [1.0, 1.0, 1.0, 4.0]
[00:57:09] [Server thread/INFO] (Minecraft) [STDOUT]: Sending Info now
[00:57:09] [Server thread/INFO] (Minecraft) [STDOUT]: LEN: 4
[00:57:09] [Server thread/INFO] (Minecraft) [STDOUT]: [1.0, 1.0, 1.0, 4.0]
[00:57:09] [Server thread/INFO] (Minecraft) [STDOUT]: Sending Info now
[00:57:09] [Server thread/INFO] (Minecraft) [STDOUT]: LEN: 4
[00:57:09] [Server thread/INFO] (Minecraft) [STDOUT]: [1.0, 1.0, 1.0, 4.0]
[00:57:09] [Server thread/INFO] (Minecraft) [STDOUT]: Sending Info now
[00:57:09] [Server thread/INFO] (Minecraft) [STDOUT]: LEN: 4
[00:57:09] [Server thread/INFO] (Minecraft) [STDOUT]: [1.0, 1.0, 1.0, 4.0]
[00:57:09] [Server thread/INFO] (Minecraft) [STDOUT]: Sending Info now
[00:57:09] [Server thread/INFO] (Minecraft) [STDOUT]: LEN: 4
[00:57:09] [Server thread/INFO] (Minecraft) [STDOUT]: [1.0, 1.0, 1.0, 4.0]
[00:57:09] [Server thread/INFO] (Minecraft) [STDOUT]: Sending Info now
[00:57:09] [Server thread/INFO] (Minecraft) [STDOUT]: LEN: 4
[00:57:09] [Server thread/INFO] (Minecraft) [STDOUT]: [1.0, 1.0, 1.0, 4.0]
[00:57:09] [Server thread/INFO] (Minecraft) [STDOUT]: Sending Info now
[00:57:09] [Server thread/INFO] (Minecraft) [STDOUT]: LEN: 4
[00:57:09] [Server thread/INFO] (Minecraft) [STDOUT]: [1.0, 1.0, 1.0, 4.0]
[00:57:09] [Server thread/INFO] (Minecraft) [STDOUT]: Sending Info now
[00:57:09] [Server thread/INFO] (Minecraft) [STDOUT]: LEN: 4
[00:57:09] [Server thread/INFO] (Minecraft) [STDOUT]: [1.0, 1.0, 1.0, 4.0]
[00:57:09] [Server thread/INFO] (Minecraft) [STDOUT]: Sending Info now
[00:57:09] [Server thread/INFO] (Minecraft) [STDOUT]: LEN: 4
[00:57:09] [Server thread/INFO] (Minecraft) [STDOUT]: [1.0, 1.0, 1.0, 4.0]
[00:57:09] [Server thread/INFO] (Minecraft) [STDOUT]: Sending Info now
[00:57:09] [Server thread/INFO] (Minecraft) [STDOUT]: LEN: 4
[00:57:09] [Server thread/INFO] (Minecraft) [STDOUT]: [1.0, 1.0, 1.0, 4.0]
[00:57:10] [Server thread/INFO] (Minecraft) [STDOUT]: Sending Info now
[00:57:10] [Server thread/INFO] (Minecraft) [STDOUT]: LEN: 4
[00:57:10] [Server thread/INFO] (Minecraft) [STDOUT]: [1.0, 1.0, 1.0, 4.0]
[00:57:10] [Server thread/INFO] (Minecraft) [STDOUT]: Sending Info now
[00:57:10] [Server thread/INFO] (Minecraft) [STDOUT]: LEN: 4
[00:57:10] [Server thread/INFO] (Minecraft) [STDOUT]: [1.0, 1.0, 1.0, 4.0]
[00:57:10] [Server thread/INFO] (Minecraft) [STDOUT]: Sending Info now
[00:57:10] [Server thread/INFO] (Minecraft) [STDOUT]: LEN: 4
[00:57:10] [Server thread/INFO] (Minecraft) [STDOUT]: [1.0, 1.0, 1.0, 4.0]
[00:57:10] [Server thread/INFO] (Minecraft) [STDOUT]: Sending Info now
[00:57:10] [Server thread/INFO] (Minecraft) [STDOUT]: LEN: 4
[00:57:10] [Server thread/INFO] (Minecraft) [STDOUT]: [1.0, 1.0, 1.0, 4.0]
[00:57:10] [Server thread/INFO] (Minecraft) [STDOUT]: Sending Info now
[00:57:10] [Server thread/INFO] (Minecraft) [STDOUT]: LEN: 4
[00:57:10] [Server thread/INFO] (Minecraft) [STDOUT]: [1.0, 1.0, 1.0, 4.0]
[00:57:10] [Server thread/INFO] (Minecraft) [STDOUT]: Sending Info now
[00:57:10] [Server thread/INFO] (Minecraft) [STDOUT]: LEN: 4
[00:57:10] [Server thread/INFO] (Minecraft) [STDOUT]: [1.0, 1.0, 1.0, 4.0]
[00:57:10] [Server thread/INFO] (Minecraft) [STDOUT]: Sending Info now
[00:57:10] [Server thread/INFO] (Minecraft) [STDOUT]: LEN: 4
[00:57:10] [Server thread/INFO] (Minecraft) [STDOUT]: [1.0, 1.0, 1.0, 4.0]
[00:57:10] [Server thread/INFO] (Minecraft) [STDOUT]: Sending Info now
[00:57:10] [Server thread/INFO] (Minecraft) [STDOUT]: LEN: 4
[00:57:10] [Server thread/INFO] (Minecraft) [STDOUT]: [1.0, 1.0, 1.0, 4.0]
[00:57:10] [Server thread/INFO] (Minecraft) [STDOUT]: Sending Info now
[00:57:10] [Server thread/INFO] (Minecraft) [STDOUT]: LEN: 4
[00:57:10] [Server thread/INFO] (Minecraft) [STDOUT]: [1.0, 1.0, 1.0, 4.0]
[00:57:10] [Server thread/INFO] (Minecraft) [STDOUT]: Sending Info now
[00:57:10] [Server thread/INFO] (Minecraft) [STDOUT]: LEN: 4
[00:57:10] [Server thread/INFO] (Minecraft) [STDOUT]: [1.0, 1.0, 1.0, 4.0]
[00:57:11] [Server thread/INFO] (Minecraft) [STDOUT]: Sending Info now
[00:57:11] [Server thread/INFO] (Minecraft) [STDOUT]: LEN: 4
[00:57:11] [Server thread/INFO] (Minecraft) [STDOUT]: [1.0, 1.0, 1.0, 4.0]
[00:57:11] [Server thread/INFO] (Minecraft) [STDOUT]: Sending Info now
[00:57:11] [Server thread/INFO] (Minecraft) [STDOUT]: LEN: 4
[00:57:11] [Server thread/INFO] (Minecraft) [STDOUT]: [1.0, 1.0, 1.0, 4.0]
[00:57:11] [Server thread/INFO] (Minecraft) [STDOUT]: Sending Info now
[00:57:11] [Server thread/INFO] (Minecraft) [STDOUT]: LEN: 4
[00:57:11] [Server thread/INFO] (Minecraft) [STDOUT]: [1.0, 1.0, 1.0, 4.0]
[00:57:11] [Server thread/INFO] (Minecraft) [STDOUT]: Sending Info now
[00:57:11] [Server thread/INFO] (Minecraft) [STDOUT]: LEN: 4
[00:57:11] [Server thread/INFO] (Minecraft) [STDOUT]: [1.0, 1.0, 1.0, 4.0]
[00:57:11] [Server thread/INFO] (Minecraft) [STDOUT]: Sending Info now
[00:57:11] [Server thread/INFO] (Minecraft) [STDOUT]: LEN: 4
[00:57:11] [Server thread/INFO] (Minecraft) [STDOUT]: [1.0, 1.0, 1.0, 4.0]
[00:57:11] [Server thread/INFO] (Minecraft) [STDOUT]: Sending Info now
[00:57:11] [Server thread/INFO] (Minecraft) [STDOUT]: LEN: 4
[00:57:11] [Server thread/INFO] (Minecraft) [STDOUT]: [1.0, 1.0, 1.0, 4.0]
[00:57:11] [Server thread/INFO] (Minecraft) [STDOUT]: Sending Info now
[00:57:11] [Server thread/INFO] (Minecraft) [STDOUT]: LEN: 4
[00:57:11] [Server thread/INFO] (Minecraft) [STDOUT]: [1.0, 1.0, 1.0, 4.0]
[00:57:11] [Server thread/INFO] (Minecraft) [STDOUT]: Sending Info now
[00:57:11] [Server thread/INFO] (Minecraft) [STDOUT]: LEN: 4
[00:57:11] [Server thread/INFO] (Minecraft) [STDOUT]: [1.0, 1.0, 1.0, 4.0]
[00:57:11] [Server thread/INFO] (Minecraft) [STDOUT]: Sending Info now
[00:57:11] [Server thread/INFO] (Minecraft) [STDOUT]: LEN: 4
[00:57:11] [Server thread/INFO] (Minecraft) [STDOUT]: [1.0, 1.0, 1.0, 4.0]
[00:57:11] [Server thread/INFO] (Minecraft) [STDOUT]: Sending Info now
[00:57:11] [Server thread/INFO] (Minecraft) [STDOUT]: LEN: 4
[00:57:11] [Server thread/INFO] (Minecraft) [STDOUT]: [1.0, 1.0, 1.0, 4.0]
[00:57:12] [Server thread/INFO] (Minecraft) [STDOUT]: Sending Info now
[00:57:12] [Server thread/INFO] (Minecraft) [STDOUT]: LEN: 4
[00:57:12] [Server thread/INFO] (Minecraft) [STDOUT]: [1.0, 1.0, 1.0, 4.0]
[00:57:12] [Server thread/INFO] (Minecraft) [STDOUT]: Sending Info now
[00:57:12] [Server thread/INFO] (Minecraft) [STDOUT]: LEN: 4
[00:57:12] [Server thread/INFO] (Minecraft) [STDOUT]: [1.0, 1.0, 1.0, 4.0]
[00:57:12] [Server thread/INFO] (Minecraft) [STDOUT]: Sending Info now
[00:57:12] [Server thread/INFO] (Minecraft) [STDOUT]: LEN: 4
[00:57:12] [Server thread/INFO] (Minecraft) [STDOUT]: [1.0, 1.0, 1.0, 4.0]
[00:57:12] [Server thread/INFO] (Minecraft) [STDOUT]: Sending Info now
[00:57:12] [Server thread/INFO] (Minecraft) [STDOUT]: LEN: 4
[00:57:12] [Server thread/INFO] (Minecraft) [STDOUT]: [1.0, 1.0, 1.0, 4.0]
[00:57:12] [Server thread/INFO] (Minecraft) [STDOUT]: Sending Info now
[00:57:12] [Server thread/INFO] (Minecraft) [STDOUT]: LEN: 4
[00:57:12] [Server thread/INFO] (Minecraft) [STDOUT]: [1.0, 1.0, 1.0, 4.0]
[00:57:12] [Server thread/INFO] (Minecraft) [STDOUT]: Sending Info now
[00:57:12] [Server thread/INFO] (Minecraft) [STDOUT]: LEN: 4
[00:57:12] [Server thread/INFO] (Minecraft) [STDOUT]: [1.0, 1.0, 1.0, 4.0]
[00:57:12] [Server thread/INFO] (Minecraft) [STDOUT]: Sending Info now
[00:57:12] [Server thread/INFO] (Minecraft) [STDOUT]: LEN: 4
[00:57:12] [Server thread/INFO] (Minecraft) [STDOUT]: [1.0, 1.0, 1.0, 4.0]
[00:57:12] [Server thread/INFO] (Minecraft) [STDOUT]: Sending Info now
[00:57:12] [Server thread/INFO] (Minecraft) [STDOUT]: LEN: 4
[00:57:12] [Server thread/INFO] (Minecraft) [STDOUT]: [1.0, 1.0, 1.0, 4.0]
[00:57:12] [Server thread/INFO] (Minecraft) [STDOUT]: Sending Info now
[00:57:12] [Server thread/INFO] (Minecraft) [STDOUT]: LEN: 4
[00:57:12] [Server thread/INFO] (Minecraft) [STDOUT]: [1.0, 1.0, 1.0, 4.0]
[00:57:12] [Server thread/INFO] (Minecraft) [STDOUT]: Sending Info now
[00:57:12] [Server thread/INFO] (Minecraft) [STDOUT]: LEN: 4
[00:57:12] [Server thread/INFO] (Minecraft) [STDOUT]: [1.0, 1.0, 1.0, 4.0]
[00:57:13] [Server thread/INFO] (Minecraft) [STDOUT]: Sending Info now
[00:57:13] [Server thread/INFO] (Minecraft) [STDOUT]: LEN: 4
[00:57:13] [Server thread/INFO] (Minecraft) [STDOUT]: [1.0, 1.0, 1.0, 4.0]
[00:57:13] [Server thread/INFO] (Minecraft) [STDOUT]: Sending Info now
[00:57:13] [Server thread/INFO] (Minecraft) [STDOUT]: LEN: 4
[00:57:13] [Server thread/INFO] (Minecraft) [STDOUT]: [1.0, 1.0, 1.0, 4.0]
[00:57:13] [Server thread/INFO] (Minecraft) [STDOUT]: Sending Info now
[00:57:13] [Server thread/INFO] (Minecraft) [STDOUT]: LEN: 4
[00:57:13] [Server thread/INFO] (Minecraft) [STDOUT]: [1.0, 1.0, 1.0, 4.0]
[00:57:13] [Server thread/INFO] (Minecraft) [STDOUT]: Sending Info now
[00:57:13] [Server thread/INFO] (Minecraft) [STDOUT]: LEN: 4
[00:57:13] [Server thread/INFO] (Minecraft) [STDOUT]: [1.0, 1.0, 1.0, 4.0]
[00:57:13] [Server thread/INFO] (Minecraft) [STDOUT]: Sending Info now
[00:57:13] [Server thread/INFO] (Minecraft) [STDOUT]: LEN: 4
[00:57:13] [Server thread/INFO] (Minecraft) [STDOUT]: [1.0, 1.0, 1.0, 4.0]
[00:57:13] [Server thread/INFO] (Minecraft) [STDOUT]: Sending Info now
[00:57:13] [Server thread/INFO] (Minecraft) [STDOUT]: LEN: 4
[00:57:13] [Server thread/INFO] (Minecraft) [STDOUT]: [1.0, 1.0, 1.0, 4.0]
[00:57:13] [Server thread/INFO] (Minecraft) [STDOUT]: Sending Info now
[00:57:13] [Server thread/INFO] (Minecraft) [STDOUT]: LEN: 4
[00:57:13] [Server thread/INFO] (Minecraft) [STDOUT]: [1.0, 1.0, 1.0, 4.0]
[00:57:13] [Server thread/INFO] (Minecraft) [STDOUT]: Sending Info now
[00:57:13] [Server thread/INFO] (Minecraft) [STDOUT]: LEN: 4
[00:57:13] [Server thread/INFO] (Minecraft) [STDOUT]: [1.0, 1.0, 1.0, 4.0]
[00:57:13] [Server thread/INFO] (Minecraft) [STDOUT]: Sending Info now
[00:57:13] [Server thread/INFO] (Minecraft) [STDOUT]: LEN: 4
[00:57:13] [Server thread/INFO] (Minecraft) [STDOUT]: [1.0, 1.0, 1.0, 4.0]
[00:57:13] [Server thread/INFO] (Minecraft) [STDOUT]: Sending Info now
[00:57:13] [Server thread/INFO] (Minecraft) [STDOUT]: LEN: 4
[00:57:13] [Server thread/INFO] (Minecraft) [STDOUT]: [1.0, 1.0, 1.0, 4.0]
[00:57:14] [Server thread/INFO] (Minecraft) [STDOUT]: Sending Info now
[00:57:14] [Server thread/INFO] (Minecraft) [STDOUT]: LEN: 4
[00:57:14] [Server thread/INFO] (Minecraft) [STDOUT]: [1.0, 1.0, 1.0, 4.0]
[00:57:14] [Server thread/INFO] (Minecraft) [STDOUT]: Sending Info now
[00:57:14] [Server thread/INFO] (Minecraft) [STDOUT]: LEN: 4
[00:57:14] [Server thread/INFO] (Minecraft) [STDOUT]: [1.0, 1.0, 1.0, 4.0]
[00:57:14] [Server thread/INFO] (Minecraft) [STDOUT]: Sending Info now
[00:57:14] [Server thread/INFO] (Minecraft) [STDOUT]: LEN: 4
[00:57:14] [Server thread/INFO] (Minecraft) [STDOUT]: [1.0, 1.0, 1.0, 4.0]
[00:57:14] [Server thread/INFO] (Minecraft) [STDOUT]: Sending Info now
[00:57:14] [Server thread/INFO] (Minecraft) [STDOUT]: LEN: 4
[00:57:14] [Server thread/INFO] (Minecraft) [STDOUT]: [1.0, 1.0, 1.0, 4.0]
[00:57:14] [Server thread/INFO] (Minecraft) [STDOUT]: Sending Info now
[00:57:14] [Server thread/INFO] (Minecraft) [STDOUT]: LEN: 4
[00:57:14] [Server thread/INFO] (Minecraft) [STDOUT]: [1.0, 1.0, 1.0, 4.0]
[00:57:14] [Server thread/INFO] (Minecraft) [STDOUT]: Sending Info now
[00:57:14] [Server thread/INFO] (Minecraft) [STDOUT]: LEN: 4
[00:57:14] [Server thread/INFO] (Minecraft) [STDOUT]: [1.0, 1.0, 1.0, 4.0]
[00:57:14] [Server thread/INFO] (Minecraft) [STDOUT]: Sending Info now
[00:57:14] [Server thread/INFO] (Minecraft) [STDOUT]: LEN: 4
[00:57:14] [Server thread/INFO] (Minecraft) [STDOUT]: [1.0, 1.0, 1.0, 4.0]
[00:57:14] [Server thread/INFO] (Minecraft) [STDOUT]: Sending Info now
[00:57:14] [Server thread/INFO] (Minecraft) [STDOUT]: LEN: 4
[00:57:14] [Server thread/INFO] (Minecraft) [STDOUT]: [1.0, 1.0, 1.0, 4.0]
[00:57:14] [Server thread/INFO] (Minecraft) [STDOUT]: Sending Info now
[00:57:14] [Server thread/INFO] (Minecraft) [STDOUT]: LEN: 4
[00:57:14] [Server thread/INFO] (Minecraft) [STDOUT]: [1.0, 1.0, 1.0, 4.0]
[00:57:14] [Server thread/INFO] (Minecraft) [STDOUT]: Sending Info now
[00:57:14] [Server thread/INFO] (Minecraft) [STDOUT]: LEN: 4
[00:57:14] [Server thread/INFO] (Minecraft) [STDOUT]: [1.0, 1.0, 1.0, 4.0]
[00:57:15] [Server thread/INFO] (Minecraft) [STDOUT]: Sending Info now
[00:57:15] [Server thread/INFO] (Minecraft) [STDOUT]: LEN: 4
[00:57:15] [Server thread/INFO] (Minecraft) [STDOUT]: [1.0, 1.0, 1.0, 4.0]
[00:57:15] [Server thread/INFO] (Minecraft) [STDOUT]: Sending Info now
[00:57:15] [Server thread/INFO] (Minecraft) [STDOUT]: LEN: 4
[00:57:15] [Server thread/INFO] (Minecraft) [STDOUT]: [1.0, 1.0, 1.0, 4.0]
[00:57:15] [Server thread/INFO] (Minecraft) [STDOUT]: Sending Info now
[00:57:15] [Server thread/INFO] (Minecraft) [STDOUT]: LEN: 4
[00:57:15] [Server thread/INFO] (Minecraft) [STDOUT]: [1.0, 1.0, 1.0, 4.0]
[00:57:15] [Server thread/INFO] (Minecraft) [STDOUT]: Sending Info now
[00:57:15] [Server thread/INFO] (Minecraft) [STDOUT]: LEN: 4
[00:57:15] [Server thread/INFO] (Minecraft) [STDOUT]: [1.0, 1.0, 1.0, 4.0]
[00:57:15] [Server thread/INFO] (Minecraft) [STDOUT]: Sending Info now
[00:57:15] [Server thread/INFO] (Minecraft) [STDOUT]: LEN: 4
[00:57:15] [Server thread/INFO] (Minecraft) [STDOUT]: [1.0, 1.0, 1.0, 4.0]
[00:57:15] [Server thread/INFO] (Minecraft) [STDOUT]: Sending Info now
[00:57:15] [Server thread/INFO] (Minecraft) [STDOUT]: LEN: 4
[00:57:15] [Server thread/INFO] (Minecraft) [STDOUT]: [1.0, 1.0, 1.0, 4.0]
[00:57:15] [Server thread/INFO] (Minecraft) [STDOUT]: Sending Info now
[00:57:15] [Server thread/INFO] (Minecraft) [STDOUT]: LEN: 4
[00:57:15] [Server thread/INFO] (Minecraft) [STDOUT]: [1.0, 1.0, 1.0, 4.0]
[00:57:15] [Server thread/INFO] (Minecraft) [STDOUT]: Sending Info now
[00:57:15] [Server thread/INFO] (Minecraft) [STDOUT]: LEN: 4
[00:57:15] [Server thread/INFO] (Minecraft) [STDOUT]: [1.0, 1.0, 1.0, 4.0]
[00:57:15] [Server thread/INFO] (Minecraft) [STDOUT]: Sending Info now
[00:57:15] [Server thread/INFO] (Minecraft) [STDOUT]: LEN: 4
[00:57:15] [Server thread/INFO] (Minecraft) [STDOUT]: [1.0, 1.0, 1.0, 4.0]
[00:57:15] [Server thread/INFO] (Minecraft) [STDOUT]: Sending Info now
[00:57:15] [Server thread/INFO] (Minecraft) [STDOUT]: LEN: 4
[00:57:15] [Server thread/INFO] (Minecraft) [STDOUT]: [1.0, 1.0, 1.0, 4.0]
[00:57:16] [Server thread/INFO] (Minecraft) [STDOUT]: Sending Info now
[00:57:16] [Server thread/INFO] (Minecraft) [STDOUT]: LEN: 4
[00:57:16] [Server thread/INFO] (Minecraft) [STDOUT]: [1.0, 1.0, 1.0, 4.0]
[00:57:16] [Server thread/INFO] (Minecraft) [STDOUT]: Sending Info now
[00:57:16] [Server thread/INFO] (Minecraft) [STDOUT]: LEN: 4
[00:57:16] [Server thread/INFO] (Minecraft) [STDOUT]: [1.0, 1.0, 1.0, 4.0]
[00:57:16] [Server thread/INFO] (Minecraft) [STDOUT]: Sending Info now
[00:57:16] [Server thread/INFO] (Minecraft) [STDOUT]: LEN: 4
[00:57:16] [Server thread/INFO] (Minecraft) [STDOUT]: [1.0, 1.0, 1.0, 4.0]
[00:57:16] [Server thread/INFO] (Minecraft) [STDOUT]: Sending Info now
[00:57:16] [Server thread/INFO] (Minecraft) [STDOUT]: LEN: 4
[00:57:16] [Server thread/INFO] (Minecraft) [STDOUT]: [1.0, 1.0, 1.0, 4.0]
[00:57:16] [Server thread/INFO] (Minecraft) [STDOUT]: Sending Info now
[00:57:16] [Server thread/INFO] (Minecraft) [STDOUT]: LEN: 4
[00:57:16] [Server thread/INFO] (Minecraft) [STDOUT]: [1.0, 1.0, 1.0, 4.0]
[00:57:16] [Server thread/INFO] (Minecraft) [STDOUT]: Sending Info now
[00:57:16] [Server thread/INFO] (Minecraft) [STDOUT]: LEN: 4
[00:57:16] [Server thread/INFO] (Minecraft) [STDOUT]: [1.0, 1.0, 1.0, 4.0]
[00:57:16] [Server thread/INFO] (Minecraft) [STDOUT]: Sending Info now
[00:57:16] [Server thread/INFO] (Minecraft) [STDOUT]: LEN: 4
[00:57:16] [Server thread/INFO] (Minecraft) [STDOUT]: [1.0, 1.0, 1.0, 4.0]
[00:57:16] [Server thread/INFO] (Minecraft) [STDOUT]: Sending Info now
[00:57:16] [Server thread/INFO] (Minecraft) [STDOUT]: LEN: 4
[00:57:16] [Server thread/INFO] (Minecraft) [STDOUT]: [1.0, 1.0, 1.0, 4.0]
[00:57:16] [Server thread/INFO] (Minecraft) [STDOUT]: Sending Info now
[00:57:16] [Server thread/INFO] (Minecraft) [STDOUT]: LEN: 4
[00:57:16] [Server thread/INFO] (Minecraft) [STDOUT]: [1.0, 1.0, 1.0, 4.0]
[00:57:16] [Server thread/INFO] (Minecraft) [STDOUT]: Sending Info now
[00:57:16] [Server thread/INFO] (Minecraft) [STDOUT]: LEN: 4
[00:57:16] [Server thread/INFO] (Minecraft) [STDOUT]: [1.0, 1.0, 1.0, 4.0]
[00:57:17] [Server thread/INFO] (Minecraft) [STDOUT]: Sending Info now
[00:57:17] [Server thread/INFO] (Minecraft) [STDOUT]: LEN: 4
[00:57:17] [Server thread/INFO] (Minecraft) [STDOUT]: [1.0, 1.0, 1.0, 4.0]
[00:57:17] [Server thread/INFO] (Minecraft) [STDOUT]: Sending Info now
[00:57:17] [Server thread/INFO] (Minecraft) [STDOUT]: LEN: 4
[00:57:17] [Server thread/INFO] (Minecraft) [STDOUT]: [1.0, 1.0, 1.0, 4.0]
[00:57:17] [Server thread/INFO] (Minecraft) [STDOUT]: Sending Info now
[00:57:17] [Server thread/INFO] (Minecraft) [STDOUT]: LEN: 4
[00:57:17] [Server thread/INFO] (Minecraft) [STDOUT]: [1.0, 1.0, 1.0, 4.0]
[00:57:17] [Server thread/INFO] (Minecraft) [STDOUT]: Sending Info now
[00:57:17] [Server thread/INFO] (Minecraft) [STDOUT]: LEN: 4
[00:57:17] [Server thread/INFO] (Minecraft) [STDOUT]: [1.0, 1.0, 1.0, 4.0]
[00:57:17] [Server thread/INFO] (Minecraft) [STDOUT]: Sending Info now
[00:57:17] [Server thread/INFO] (Minecraft) [STDOUT]: LEN: 4
[00:57:17] [Server thread/INFO] (Minecraft) [STDOUT]: [1.0, 1.0, 1.0, 4.0]
[00:57:17] [Server thread/INFO] (Minecraft) [STDOUT]: Sending Info now
[00:57:17] [Server thread/INFO] (Minecraft) [STDOUT]: LEN: 4
[00:57:17] [Server thread/INFO] (Minecraft) [STDOUT]: [1.0, 1.0, 1.0, 4.0]
[00:57:17] [Server thread/INFO] (Minecraft) [STDOUT]: Sending Info now
[00:57:17] [Server thread/INFO] (Minecraft) [STDOUT]: LEN: 4
[00:57:17] [Server thread/INFO] (Minecraft) [STDOUT]: [1.0, 1.0, 1.0, 4.0]
[00:57:17] [Server thread/INFO] (Minecraft) [STDOUT]: Sending Info now
[00:57:17] [Server thread/INFO] (Minecraft) [STDOUT]: LEN: 4
[00:57:17] [Server thread/INFO] (Minecraft) [STDOUT]: [1.0, 1.0, 1.0, 4.0]
[00:57:17] [Server thread/INFO] (Minecraft) [STDOUT]: Sending Info now
[00:57:17] [Server thread/INFO] (Minecraft) [STDOUT]: LEN: 4
[00:57:17] [Server thread/INFO] (Minecraft) [STDOUT]: [1.0, 1.0, 1.0, 4.0]
[00:57:17] [Server thread/INFO] (Minecraft) [STDOUT]: Sending Info now
[00:57:17] [Server thread/INFO] (Minecraft) [STDOUT]: LEN: 4
[00:57:17] [Server thread/INFO] (Minecraft) [STDOUT]: [1.0, 1.0, 1.0, 4.0]
[00:57:18] [Server thread/INFO] (Minecraft) [STDOUT]: Sending Info now
[00:57:18] [Server thread/INFO] (Minecraft) [STDOUT]: LEN: 4
[00:57:18] [Server thread/INFO] (Minecraft) [STDOUT]: [1.0, 1.0, 1.0, 4.0]
[00:57:18] [Server thread/INFO] (Minecraft) [STDOUT]: Sending Info now
[00:57:18] [Server thread/INFO] (Minecraft) [STDOUT]: LEN: 4
[00:57:18] [Server thread/INFO] (Minecraft) [STDOUT]: [1.0, 1.0, 1.0, 4.0]
[00:57:18] [Server thread/INFO] (Minecraft) [STDOUT]: Sending Info now
[00:57:18] [Server thread/INFO] (Minecraft) [STDOUT]: LEN: 4
[00:57:18] [Server thread/INFO] (Minecraft) [STDOUT]: [1.0, 1.0, 1.0, 4.0]
[00:57:18] [Server thread/INFO] (Minecraft) [STDOUT]: Sending Info now
[00:57:18] [Server thread/INFO] (Minecraft) [STDOUT]: LEN: 4
[00:57:18] [Server thread/INFO] (Minecraft) [STDOUT]: [1.0, 1.0, 1.0, 4.0]
[00:57:18] [Server thread/INFO] (Minecraft) [STDOUT]: Sending Info now
[00:57:18] [Render thread/INFO] (Minecraft) Loaded 74 advancements
[00:57:18] [Server thread/INFO] (Minecraft) [STDOUT]: LEN: 4
[00:57:18] [Server thread/INFO] (Minecraft) [STDOUT]: [1.0, 1.0, 1.0, 4.0]
[00:57:18] [Server thread/INFO] (Minecraft) [STDOUT]: Sending Info now
[00:57:18] [Server thread/INFO] (Minecraft) [STDOUT]: LEN: 4
[00:57:18] [Server thread/INFO] (Minecraft) [STDOUT]: [1.0, 1.0, 1.0, 4.0]
[00:57:18] [Server thread/INFO] (Minecraft) [STDOUT]: Sending Info now
[00:57:18] [Server thread/INFO] (Minecraft) [STDOUT]: LEN: 4
[00:57:18] [Server thread/INFO] (Minecraft) [STDOUT]: [1.0, 1.0, 1.0, 4.0]
[00:57:18] [Server thread/INFO] (Minecraft) [STDOUT]: Sending Info now
[00:57:18] [Server thread/INFO] (Minecraft) [STDOUT]: LEN: 4
[00:57:18] [Server thread/INFO] (Minecraft) [STDOUT]: [1.0, 1.0, 1.0, 4.0]
[00:57:18] [Server thread/INFO] (Minecraft) [STDOUT]: Sending Info now
[00:57:18] [Server thread/INFO] (Minecraft) [STDOUT]: LEN: 4
[00:57:18] [Server thread/INFO] (Minecraft) [STDOUT]: [1.0, 1.0, 1.0, 4.0]
[00:57:18] [Server thread/INFO] (Minecraft) [STDOUT]: Sending Info now
[00:57:18] [Server thread/INFO] (Minecraft) [STDOUT]: LEN: 4
[00:57:18] [Server thread/INFO] (Minecraft) [STDOUT]: [1.0, 1.0, 1.0, 4.0]
[00:57:19] [Server thread/INFO] (Minecraft) [STDOUT]: Sending Info now
[00:57:19] [Server thread/INFO] (Minecraft) [STDOUT]: LEN: 4
[00:57:19] [Server thread/INFO] (Minecraft) [STDOUT]: [1.0, 1.0, 1.0, 4.0]
[00:57:19] [Server thread/INFO] (Minecraft) [STDOUT]: Sending Info now
[00:57:19] [Server thread/INFO] (Minecraft) [STDOUT]: LEN: 4
[00:57:19] [Server thread/INFO] (Minecraft) [STDOUT]: [1.0, 1.0, 1.0, 4.0]
[00:57:19] [Server thread/INFO] (Minecraft) [STDOUT]: Sending Info now
[00:57:19] [Server thread/INFO] (Minecraft) [STDOUT]: LEN: 4
[00:57:19] [Server thread/INFO] (Minecraft) [STDOUT]: [1.0, 1.0, 1.0, 4.0]
[00:57:19] [Server thread/INFO] (Minecraft) [STDOUT]: Sending Info now
[00:57:19] [Server thread/INFO] (Minecraft) [STDOUT]: LEN: 4
[00:57:19] [Server thread/INFO] (Minecraft) [STDOUT]: [1.0, 1.0, 1.0, 4.0]
[00:57:19] [Server thread/INFO] (Minecraft) [STDOUT]: Sending Info now
[00:57:19] [Server thread/INFO] (Minecraft) [STDOUT]: LEN: 4
[00:57:19] [Server thread/INFO] (Minecraft) [STDOUT]: [1.0, 1.0, 1.0, 4.0]
[00:57:19] [Server thread/INFO] (Minecraft) [STDOUT]: Sending Info now
[00:57:19] [Server thread/INFO] (Minecraft) [STDOUT]: LEN: 4
[00:57:19] [Server thread/INFO] (Minecraft) [STDOUT]: [1.0, 1.0, 1.0, 4.0]
[00:57:19] [Server thread/INFO] (Minecraft) [STDOUT]: Sending Info now
[00:57:19] [Server thread/INFO] (Minecraft) [STDOUT]: LEN: 4
[00:57:19] [Server thread/INFO] (Minecraft) [STDOUT]: [1.0, 1.0, 1.0, 4.0]
[00:57:19] [Server thread/INFO] (Minecraft) [STDOUT]: Sending Info now
[00:57:19] [Server thread/INFO] (Minecraft) [STDOUT]: LEN: 4
[00:57:19] [Server thread/INFO] (Minecraft) [STDOUT]: [1.0, 1.0, 1.0, 4.0]
[00:57:19] [Server thread/INFO] (Minecraft) [STDOUT]: Sending Info now
[00:57:19] [Server thread/INFO] (Minecraft) [STDOUT]: LEN: 4
[00:57:19] [Server thread/INFO] (Minecraft) [STDOUT]: [1.0, 1.0, 1.0, 4.0]
[00:57:19] [Server thread/INFO] (Minecraft) [STDOUT]: Sending Info now
[00:57:19] [Server thread/INFO] (Minecraft) [STDOUT]: LEN: 4
[00:57:19] [Server thread/INFO] (Minecraft) [STDOUT]: [1.0, 1.0, 1.0, 4.0]
[00:57:20] [Server thread/INFO] (Minecraft) [STDOUT]: Sending Info now
[00:57:20] [Server thread/INFO] (Minecraft) [STDOUT]: LEN: 4
[00:57:20] [Server thread/INFO] (Minecraft) [STDOUT]: [1.0, 1.0, 1.0, 4.0]
[00:57:20] [Server thread/INFO] (Minecraft) [STDOUT]: Sending Info now
[00:57:20] [Server thread/INFO] (Minecraft) [STDOUT]: LEN: 4
[00:57:20] [Server thread/INFO] (Minecraft) [STDOUT]: [1.0, 1.0, 1.0, 4.0]
[00:57:20] [Server thread/INFO] (Minecraft) [STDOUT]: Sending Info now
[00:57:20] [Server thread/INFO] (Minecraft) [STDOUT]: LEN: 4
[00:57:20] [Server thread/INFO] (Minecraft) [STDOUT]: [1.0, 1.0, 1.0, 4.0]
[00:57:20] [Server thread/INFO] (Minecraft) [STDOUT]: Sending Info now
[00:57:20] [Server thread/INFO] (Minecraft) [STDOUT]: LEN: 4
[00:57:20] [Server thread/INFO] (Minecraft) [STDOUT]: [1.0, 1.0, 1.0, 4.0]
[00:57:20] [Server thread/INFO] (Minecraft) [STDOUT]: Sending Info now
[00:57:20] [Server thread/INFO] (Minecraft) [STDOUT]: LEN: 4
[00:57:20] [Server thread/INFO] (Minecraft) [STDOUT]: [1.0, 1.0, 1.0, 4.0]
[00:57:20] [Server thread/INFO] (Minecraft) [STDOUT]: Sending Info now
[00:57:20] [Server thread/INFO] (Minecraft) [STDOUT]: LEN: 4
[00:57:20] [Server thread/INFO] (Minecraft) [STDOUT]: [1.0, 1.0, 1.0, 4.0]
[00:57:20] [Server thread/INFO] (Minecraft) [STDOUT]: Sending Info now
[00:57:20] [Server thread/INFO] (Minecraft) [STDOUT]: LEN: 4
[00:57:20] [Server thread/INFO] (Minecraft) [STDOUT]: [1.0, 1.0, 1.0, 4.0]
[00:57:20] [Server thread/INFO] (Minecraft) [STDOUT]: Sending Info now
[00:57:20] [Server thread/INFO] (Minecraft) [STDOUT]: LEN: 4
[00:57:20] [Server thread/INFO] (Minecraft) [STDOUT]: [1.0, 1.0, 1.0, 4.0]
[00:57:20] [Server thread/INFO] (Minecraft) [STDOUT]: Sending Info now
[00:57:20] [Server thread/INFO] (Minecraft) [STDOUT]: LEN: 4
[00:57:20] [Server thread/INFO] (Minecraft) [STDOUT]: [1.0, 1.0, 1.0, 4.0]
[00:57:20] [Server thread/INFO] (Minecraft) [STDOUT]: Sending Info now
[00:57:20] [Server thread/INFO] (Minecraft) [STDOUT]: LEN: 4
[00:57:20] [Server thread/INFO] (Minecraft) [STDOUT]: [1.0, 1.0, 1.0, 4.0]
[00:57:21] [Server thread/INFO] (Minecraft) [STDOUT]: Sending Info now
[00:57:21] [Server thread/INFO] (Minecraft) [STDOUT]: LEN: 4
[00:57:21] [Server thread/INFO] (Minecraft) [STDOUT]: [1.0, 1.0, 1.0, 4.0]
[00:57:21] [Server thread/INFO] (Minecraft) [STDOUT]: Sending Info now
[00:57:21] [Server thread/INFO] (Minecraft) [STDOUT]: LEN: 4
[00:57:21] [Server thread/INFO] (Minecraft) [STDOUT]: [1.0, 1.0, 1.0, 4.0]
[00:57:21] [Server thread/INFO] (Minecraft) [STDOUT]: Sending Info now
[00:57:21] [Server thread/INFO] (Minecraft) [STDOUT]: LEN: 4
[00:57:21] [Server thread/INFO] (Minecraft) [STDOUT]: [1.0, 1.0, 1.0, 4.0]
[00:57:21] [Server thread/INFO] (Minecraft) [STDOUT]: Sending Info now
[00:57:21] [Server thread/INFO] (Minecraft) [STDOUT]: LEN: 4
[00:57:21] [Server thread/INFO] (Minecraft) [STDOUT]: [1.0, 1.0, 1.0, 4.0]
[00:57:21] [Server thread/INFO] (Minecraft) [STDOUT]: Sending Info now
[00:57:21] [Server thread/INFO] (Minecraft) [STDOUT]: LEN: 4
[00:57:21] [Server thread/INFO] (Minecraft) [STDOUT]: [1.0, 1.0, 1.0, 4.0]
[00:57:21] [Server thread/INFO] (Minecraft) [STDOUT]: Sending Info now
[00:57:21] [Server thread/INFO] (Minecraft) [STDOUT]: LEN: 4
[00:57:21] [Server thread/INFO] (Minecraft) [STDOUT]: [1.0, 1.0, 1.0, 4.0]
[00:57:21] [Server thread/INFO] (Minecraft) [STDOUT]: Sending Info now
[00:57:21] [Server thread/INFO] (Minecraft) [STDOUT]: LEN: 4
[00:57:21] [Server thread/INFO] (Minecraft) [STDOUT]: [1.0, 1.0, 1.0, 4.0]
[00:57:21] [Server thread/INFO] (Minecraft) [STDOUT]: Sending Info now
[00:57:21] [Server thread/INFO] (Minecraft) [STDOUT]: LEN: 4
[00:57:21] [Server thread/INFO] (Minecraft) [STDOUT]: [1.0, 1.0, 1.0, 4.0]
[00:57:21] [Server thread/INFO] (Minecraft) [STDOUT]: Sending Info now
[00:57:21] [Server thread/INFO] (Minecraft) [STDOUT]: LEN: 4
[00:57:21] [Server thread/INFO] (Minecraft) [STDOUT]: [1.0, 1.0, 1.0, 4.0]
[00:57:21] [Server thread/INFO] (Minecraft) [STDOUT]: Sending Info now
[00:57:21] [Server thread/INFO] (Minecraft) [STDOUT]: LEN: 4
[00:57:21] [Server thread/INFO] (Minecraft) [STDOUT]: [1.0, 1.0, 1.0, 4.0]
[00:57:22] [Server thread/INFO] (Minecraft) [STDOUT]: Sending Info now
[00:57:22] [Server thread/INFO] (Minecraft) [STDOUT]: LEN: 4
[00:57:22] [Server thread/INFO] (Minecraft) [STDOUT]: [1.0, 1.0, 1.0, 4.0]
[00:57:22] [Server thread/INFO] (Minecraft) [STDOUT]: Sending Info now
[00:57:22] [Server thread/INFO] (Minecraft) [STDOUT]: LEN: 4
[00:57:22] [Server thread/INFO] (Minecraft) [STDOUT]: [1.0, 1.0, 1.0, 4.0]
[00:57:22] [Server thread/INFO] (Minecraft) [STDOUT]: Sending Info now
[00:57:22] [Server thread/INFO] (Minecraft) [STDOUT]: LEN: 4
[00:57:22] [Server thread/INFO] (Minecraft) [STDOUT]: [1.0, 1.0, 1.0, 4.0]
[00:57:22] [Server thread/INFO] (Minecraft) [STDOUT]: Sending Info now
[00:57:22] [Server thread/INFO] (Minecraft) [STDOUT]: LEN: 4
[00:57:22] [Server thread/INFO] (Minecraft) [STDOUT]: [1.0, 1.0, 1.0, 4.0]
[00:57:22] [Server thread/INFO] (Minecraft) [STDOUT]: Sending Info now
[00:57:22] [Server thread/INFO] (Minecraft) [STDOUT]: LEN: 4
[00:57:22] [Server thread/INFO] (Minecraft) [STDOUT]: [1.0, 1.0, 1.0, 4.0]
[00:57:22] [Server thread/INFO] (Minecraft) [STDOUT]: Sending Info now
[00:57:22] [Server thread/INFO] (Minecraft) [STDOUT]: LEN: 4
[00:57:22] [Server thread/INFO] (Minecraft) [STDOUT]: [1.0, 1.0, 1.0, 4.0]
[00:57:22] [Server thread/INFO] (Minecraft) [STDOUT]: Sending Info now
[00:57:22] [Server thread/INFO] (Minecraft) [STDOUT]: LEN: 4
[00:57:22] [Server thread/INFO] (Minecraft) [STDOUT]: [1.0, 1.0, 1.0, 4.0]
[00:57:22] [Server thread/INFO] (Minecraft) [STDOUT]: Sending Info now
[00:57:22] [Server thread/INFO] (Minecraft) [STDOUT]: LEN: 4
[00:57:22] [Server thread/INFO] (Minecraft) [STDOUT]: [1.0, 1.0, 1.0, 4.0]
[00:57:22] [Server thread/INFO] (Minecraft) [STDOUT]: Sending Info now
[00:57:22] [Server thread/INFO] (Minecraft) [STDOUT]: LEN: 4
[00:57:22] [Server thread/INFO] (Minecraft) [STDOUT]: [1.0, 1.0, 1.0, 4.0]
[00:57:22] [Server thread/INFO] (Minecraft) [STDOUT]: Sending Info now
[00:57:22] [Server thread/INFO] (Minecraft) [STDOUT]: LEN: 4
[00:57:22] [Server thread/INFO] (Minecraft) [STDOUT]: [1.0, 1.0, 1.0, 4.0]
[00:57:23] [Server thread/INFO] (Minecraft) [STDOUT]: Sending Info now
[00:57:23] [Server thread/INFO] (Minecraft) [STDOUT]: LEN: 4
[00:57:23] [Server thread/INFO] (Minecraft) [STDOUT]: [1.0, 1.0, 1.0, 4.0]
[00:57:23] [Server thread/INFO] (Minecraft) [STDOUT]: Sending Info now
[00:57:23] [Server thread/INFO] (Minecraft) [STDOUT]: LEN: 4
[00:57:23] [Server thread/INFO] (Minecraft) [STDOUT]: [1.0, 1.0, 1.0, 4.0]
[00:57:23] [Server thread/INFO] (Minecraft) [STDOUT]: Sending Info now
[00:57:23] [Server thread/INFO] (Minecraft) [STDOUT]: LEN: 4
[00:57:23] [Server thread/INFO] (Minecraft) [STDOUT]: [1.0, 1.0, 1.0, 4.0]
[00:57:23] [Server thread/INFO] (Minecraft) [STDOUT]: Sending Info now
[00:57:23] [Server thread/INFO] (Minecraft) [STDOUT]: LEN: 4
[00:57:23] [Server thread/INFO] (Minecraft) [STDOUT]: [1.0, 1.0, 1.0, 4.0]
[00:57:23] [Server thread/INFO] (Minecraft) [STDOUT]: Sending Info now
[00:57:23] [Server thread/INFO] (Minecraft) [STDOUT]: LEN: 4
[00:57:23] [Server thread/INFO] (Minecraft) [STDOUT]: [1.0, 1.0, 1.0, 4.0]
[00:57:23] [Server thread/INFO] (Minecraft) [STDOUT]: Sending Info now
[00:57:23] [Server thread/INFO] (Minecraft) [STDOUT]: LEN: 4
[00:57:23] [Server thread/INFO] (Minecraft) [STDOUT]: [1.0, 1.0, 1.0, 4.0]
[00:57:23] [Server thread/INFO] (Minecraft) [STDOUT]: Sending Info now
[00:57:23] [Server thread/INFO] (Minecraft) [STDOUT]: LEN: 4
[00:57:23] [Server thread/INFO] (Minecraft) [STDOUT]: [1.0, 1.0, 1.0, 4.0]
[00:57:23] [Server thread/INFO] (Minecraft) [STDOUT]: Sending Info now
[00:57:23] [Server thread/INFO] (Minecraft) [STDOUT]: LEN: 4
[00:57:23] [Server thread/INFO] (Minecraft) [STDOUT]: [1.0, 1.0, 1.0, 4.0]
[00:57:23] [Server thread/INFO] (Minecraft) [STDOUT]: Sending Info now
[00:57:23] [Server thread/INFO] (Minecraft) [STDOUT]: LEN: 4
[00:57:23] [Server thread/INFO] (Minecraft) [STDOUT]: [1.0, 1.0, 1.0, 4.0]
[00:57:23] [Server thread/INFO] (Minecraft) [STDOUT]: Sending Info now
[00:57:23] [Server thread/INFO] (Minecraft) [STDOUT]: LEN: 4
[00:57:23] [Server thread/INFO] (Minecraft) [STDOUT]: [1.0, 1.0, 1.0, 4.0]
[00:57:24] [Server thread/INFO] (Minecraft) [STDOUT]: Sending Info now
[00:57:24] [Server thread/INFO] (Minecraft) [STDOUT]: LEN: 4
[00:57:24] [Server thread/INFO] (Minecraft) [STDOUT]: [1.0, 1.0, 1.0, 4.0]
[00:57:24] [Server thread/INFO] (Minecraft) [STDOUT]: Sending Info now
[00:57:24] [Server thread/INFO] (Minecraft) [STDOUT]: LEN: 4
[00:57:24] [Server thread/INFO] (Minecraft) [STDOUT]: [1.0, 1.0, 1.0, 4.0]
[00:57:24] [Server thread/INFO] (Minecraft) [STDOUT]: Sending Info now
[00:57:24] [Server thread/INFO] (Minecraft) [STDOUT]: LEN: 4
[00:57:24] [Server thread/INFO] (Minecraft) [STDOUT]: [1.0, 1.0, 1.0, 4.0]
[00:57:24] [Server thread/INFO] (Minecraft) [STDOUT]: Sending Info now
[00:57:24] [Server thread/INFO] (Minecraft) [STDOUT]: LEN: 4
[00:57:24] [Server thread/INFO] (Minecraft) [STDOUT]: [1.0, 1.0, 1.0, 4.0]
[00:57:24] [Server thread/INFO] (Minecraft) [STDOUT]: Sending Info now
[00:57:24] [Server thread/INFO] (Minecraft) [STDOUT]: LEN: 4
[00:57:24] [Server thread/INFO] (Minecraft) [STDOUT]: [1.0, 1.0, 1.0, 4.0]
[00:57:24] [Server thread/INFO] (Minecraft) [STDOUT]: Sending Info now
[00:57:24] [Server thread/INFO] (Minecraft) [STDOUT]: LEN: 4
[00:57:24] [Server thread/INFO] (Minecraft) [STDOUT]: [1.0, 1.0, 1.0, 4.0]
[00:57:24] [Server thread/INFO] (Minecraft) [STDOUT]: Sending Info now
[00:57:24] [Server thread/INFO] (Minecraft) [STDOUT]: LEN: 4
[00:57:24] [Server thread/INFO] (Minecraft) [STDOUT]: [1.0, 1.0, 1.0, 4.0]
[00:57:24] [Server thread/INFO] (Minecraft) [STDOUT]: Sending Info now
[00:57:24] [Server thread/INFO] (Minecraft) [STDOUT]: LEN: 4
[00:57:24] [Server thread/INFO] (Minecraft) [STDOUT]: [1.0, 1.0, 1.0, 4.0]
[00:57:24] [Server thread/INFO] (Minecraft) [STDOUT]: Sending Info now
[00:57:24] [Server thread/INFO] (Minecraft) [STDOUT]: LEN: 4
[00:57:24] [Server thread/INFO] (Minecraft) [STDOUT]: [1.0, 1.0, 1.0, 4.0]
[00:57:24] [Server thread/INFO] (Minecraft) [STDOUT]: Sending Info now
[00:57:24] [Server thread/INFO] (Minecraft) [STDOUT]: LEN: 4
[00:57:24] [Server thread/INFO] (Minecraft) [STDOUT]: [1.0, 1.0, 1.0, 4.0]
[00:57:25] [Server thread/INFO] (Minecraft) [STDOUT]: Sending Info now
[00:57:25] [Server thread/INFO] (Minecraft) [STDOUT]: LEN: 4
[00:57:25] [Server thread/INFO] (Minecraft) [STDOUT]: [1.0, 1.0, 1.0, 4.0]
[00:57:25] [Server thread/INFO] (Minecraft) [STDOUT]: Sending Info now
[00:57:25] [Server thread/INFO] (Minecraft) [STDOUT]: LEN: 4
[00:57:25] [Server thread/INFO] (Minecraft) [STDOUT]: [1.0, 1.0, 1.0, 4.0]
[00:57:25] [Server thread/INFO] (Minecraft) [STDOUT]: Sending Info now
[00:57:25] [Server thread/INFO] (Minecraft) [STDOUT]: LEN: 4
[00:57:25] [Server thread/INFO] (Minecraft) [STDOUT]: [1.0, 1.0, 1.0, 4.0]
[00:57:25] [Server thread/INFO] (Minecraft) [STDOUT]: Sending Info now
[00:57:25] [Server thread/INFO] (Minecraft) [STDOUT]: LEN: 4
[00:57:25] [Server thread/INFO] (Minecraft) [STDOUT]: [1.0, 1.0, 1.0, 4.0]
[00:57:25] [Server thread/INFO] (Minecraft) [STDOUT]: Sending Info now
[00:57:25] [Server thread/INFO] (Minecraft) [STDOUT]: LEN: 4
[00:57:25] [Server thread/INFO] (Minecraft) [STDOUT]: [1.0, 1.0, 1.0, 4.0]
[00:57:25] [Server thread/INFO] (Minecraft) [STDOUT]: Sending Info now
[00:57:25] [Server thread/INFO] (Minecraft) [STDOUT]: LEN: 4
[00:57:25] [Server thread/INFO] (Minecraft) [STDOUT]: [1.0, 1.0, 1.0, 4.0]
[00:57:25] [Server thread/INFO] (Minecraft) [STDOUT]: Sending Info now
[00:57:25] [Server thread/INFO] (Minecraft) [STDOUT]: LEN: 4
[00:57:25] [Server thread/INFO] (Minecraft) [STDOUT]: [1.0, 1.0, 1.0, 4.0]
[00:57:25] [Server thread/INFO] (Minecraft) [STDOUT]: Sending Info now
[00:57:25] [Server thread/INFO] (Minecraft) [STDOUT]: LEN: 4
[00:57:25] [Server thread/INFO] (Minecraft) [STDOUT]: [1.0, 1.0, 1.0, 4.0]
[00:57:25] [Server thread/INFO] (Minecraft) [STDOUT]: Sending Info now
[00:57:25] [Server thread/INFO] (Minecraft) [STDOUT]: LEN: 4
[00:57:25] [Server thread/INFO] (Minecraft) [STDOUT]: [1.0, 1.0, 1.0, 4.0]
[00:57:25] [Server thread/INFO] (Minecraft) [STDOUT]: Sending Info now
[00:57:25] [Server thread/INFO] (Minecraft) [STDOUT]: LEN: 4
[00:57:25] [Server thread/INFO] (Minecraft) [STDOUT]: [1.0, 1.0, 1.0, 4.0]
[00:57:26] [Server thread/INFO] (Minecraft) [STDOUT]: Sending Info now
[00:57:26] [Server thread/INFO] (Minecraft) [STDOUT]: LEN: 4
[00:57:26] [Server thread/INFO] (Minecraft) [STDOUT]: [1.0, 1.0, 1.0, 4.0]
[00:57:26] [Server thread/INFO] (Minecraft) [STDOUT]: Sending Info now
[00:57:26] [Server thread/INFO] (Minecraft) [STDOUT]: LEN: 4
[00:57:26] [Server thread/INFO] (Minecraft) [STDOUT]: [1.0, 1.0, 1.0, 4.0]
[00:57:26] [Server thread/INFO] (Minecraft) [STDOUT]: Sending Info now
[00:57:26] [Server thread/INFO] (Minecraft) [STDOUT]: LEN: 4
[00:57:26] [Server thread/INFO] (Minecraft) [STDOUT]: [1.0, 1.0, 1.0, 4.0]
[00:57:26] [Server thread/INFO] (Minecraft) [STDOUT]: Sending Info now
[00:57:26] [Server thread/INFO] (Minecraft) [STDOUT]: LEN: 4
[00:57:26] [Server thread/INFO] (Minecraft) [STDOUT]: [1.0, 1.0, 1.0, 4.0]
[00:57:26] [Server thread/INFO] (Minecraft) [STDOUT]: Sending Info now
[00:57:26] [Server thread/INFO] (Minecraft) [STDOUT]: LEN: 4
[00:57:26] [Server thread/INFO] (Minecraft) [STDOUT]: [1.0, 1.0, 1.0, 4.0]
[00:57:26] [Server thread/INFO] (Minecraft) [STDOUT]: Sending Info now
[00:57:26] [Server thread/INFO] (Minecraft) [STDOUT]: LEN: 4
[00:57:26] [Server thread/INFO] (Minecraft) [STDOUT]: [1.0, 1.0, 1.0, 4.0]
[00:57:26] [Server thread/INFO] (Minecraft) [STDOUT]: Sending Info now
[00:57:26] [Server thread/INFO] (Minecraft) [STDOUT]: LEN: 4
[00:57:26] [Server thread/INFO] (Minecraft) [STDOUT]: [1.0, 1.0, 1.0, 4.0]
[00:57:26] [Server thread/INFO] (Minecraft) [STDOUT]: Sending Info now
[00:57:26] [Server thread/INFO] (Minecraft) [STDOUT]: LEN: 4
[00:57:26] [Server thread/INFO] (Minecraft) [STDOUT]: [1.0, 1.0, 1.0, 4.0]
[00:57:26] [Server thread/INFO] (Minecraft) [STDOUT]: Sending Info now
[00:57:26] [Server thread/INFO] (Minecraft) [STDOUT]: LEN: 4
[00:57:26] [Server thread/INFO] (Minecraft) [STDOUT]: [1.0, 1.0, 1.0, 4.0]
[00:57:26] [Server thread/INFO] (Minecraft) [STDOUT]: Sending Info now
[00:57:26] [Server thread/INFO] (Minecraft) [STDOUT]: LEN: 4
[00:57:26] [Server thread/INFO] (Minecraft) [STDOUT]: [1.0, 1.0, 1.0, 4.0]
[00:57:27] [Server thread/INFO] (Minecraft) [STDOUT]: Sending Info now
[00:57:27] [Server thread/INFO] (Minecraft) [STDOUT]: LEN: 4
[00:57:27] [Server thread/INFO] (Minecraft) [STDOUT]: [1.0, 1.0, 1.0, 4.0]
[00:57:27] [Server thread/INFO] (Minecraft) [STDOUT]: Sending Info now
[00:57:27] [Server thread/INFO] (Minecraft) [STDOUT]: LEN: 4
[00:57:27] [Server thread/INFO] (Minecraft) [STDOUT]: [1.0, 1.0, 1.0, 4.0]
[00:57:27] [Server thread/INFO] (Minecraft) [STDOUT]: Sending Info now
[00:57:27] [Server thread/INFO] (Minecraft) [STDOUT]: LEN: 4
[00:57:27] [Server thread/INFO] (Minecraft) [STDOUT]: [1.0, 1.0, 1.0, 4.0]
[00:57:27] [Server thread/INFO] (Minecraft) [STDOUT]: Sending Info now
[00:57:27] [Server thread/INFO] (Minecraft) [STDOUT]: LEN: 4
[00:57:27] [Server thread/INFO] (Minecraft) [STDOUT]: [1.0, 1.0, 1.0, 4.0]
[00:57:27] [Server thread/INFO] (Minecraft) [STDOUT]: Sending Info now
[00:57:27] [Server thread/INFO] (Minecraft) [STDOUT]: LEN: 4
[00:57:27] [Server thread/INFO] (Minecraft) [STDOUT]: [1.0, 1.0, 1.0, 4.0]
[00:57:27] [Server thread/INFO] (Minecraft) [STDOUT]: Sending Info now
[00:57:27] [Server thread/INFO] (Minecraft) [STDOUT]: LEN: 4
[00:57:27] [Server thread/INFO] (Minecraft) [STDOUT]: [1.0, 1.0, 1.0, 4.0]
[00:57:27] [Server thread/INFO] (Minecraft) [STDOUT]: Sending Info now
[00:57:27] [Server thread/INFO] (Minecraft) [STDOUT]: LEN: 4
[00:57:27] [Server thread/INFO] (Minecraft) [STDOUT]: [1.0, 1.0, 1.0, 4.0]
[00:57:27] [Server thread/INFO] (Minecraft) [STDOUT]: Sending Info now
[00:57:27] [Server thread/INFO] (Minecraft) [STDOUT]: LEN: 4
[00:57:27] [Server thread/INFO] (Minecraft) [STDOUT]: [1.0, 1.0, 1.0, 4.0]
[00:57:27] [Server thread/INFO] (Minecraft) [STDOUT]: Sending Info now
[00:57:27] [Server thread/INFO] (Minecraft) [STDOUT]: LEN: 4
[00:57:27] [Server thread/INFO] (Minecraft) [STDOUT]: [1.0, 1.0, 1.0, 4.0]
[00:57:27] [Server thread/INFO] (Minecraft) [STDOUT]: Sending Info now
[00:57:27] [Server thread/INFO] (Minecraft) [STDOUT]: LEN: 4
[00:57:27] [Server thread/INFO] (Minecraft) [STDOUT]: [1.0, 1.0, 1.0, 4.0]
[00:57:28] [Server thread/INFO] (Minecraft) [STDOUT]: Sending Info now
[00:57:28] [Server thread/INFO] (Minecraft) [STDOUT]: LEN: 4
[00:57:28] [Server thread/INFO] (Minecraft) [STDOUT]: [1.0, 1.0, 1.0, 4.0]
[00:57:28] [Server thread/INFO] (Minecraft) [STDOUT]: Sending Info now
[00:57:28] [Server thread/INFO] (Minecraft) [STDOUT]: LEN: 4
[00:57:28] [Server thread/INFO] (Minecraft) [STDOUT]: [1.0, 1.0, 1.0, 4.0]
[00:57:28] [Server thread/INFO] (Minecraft) [STDOUT]: Sending Info now
[00:57:28] [Server thread/INFO] (Minecraft) [STDOUT]: LEN: 4
[00:57:28] [Server thread/INFO] (Minecraft) [STDOUT]: [1.0, 1.0, 1.0, 4.0]
[00:57:28] [Server thread/INFO] (Minecraft) [STDOUT]: Sending Info now
[00:57:28] [Server thread/INFO] (Minecraft) [STDOUT]: LEN: 4
[00:57:28] [Server thread/INFO] (Minecraft) [STDOUT]: [1.0, 1.0, 1.0, 4.0]
[00:57:28] [Server thread/INFO] (Minecraft) [STDOUT]: Sending Info now
[00:57:28] [Server thread/INFO] (Minecraft) [STDOUT]: LEN: 4
[00:57:28] [Server thread/INFO] (Minecraft) [STDOUT]: [1.0, 1.0, 1.0, 4.0]
[00:57:28] [Server thread/INFO] (Minecraft) [STDOUT]: Sending Info now
[00:57:28] [Server thread/INFO] (Minecraft) [STDOUT]: LEN: 4
[00:57:28] [Server thread/INFO] (Minecraft) [STDOUT]: [1.0, 1.0, 1.0, 4.0]
[00:57:28] [Server thread/INFO] (Minecraft) [STDOUT]: Sending Info now
[00:57:28] [Server thread/INFO] (Minecraft) [STDOUT]: LEN: 4
[00:57:28] [Server thread/INFO] (Minecraft) [STDOUT]: [1.0, 1.0, 1.0, 4.0]
[00:57:28] [Server thread/INFO] (Minecraft) [STDOUT]: Sending Info now
[00:57:28] [Server thread/INFO] (Minecraft) [STDOUT]: LEN: 4
[00:57:28] [Server thread/INFO] (Minecraft) [STDOUT]: [1.0, 1.0, 1.0, 4.0]
[00:57:28] [Server thread/INFO] (Minecraft) [STDOUT]: Sending Info now
[00:57:28] [Server thread/INFO] (Minecraft) [STDOUT]: LEN: 4
[00:57:28] [Server thread/INFO] (Minecraft) [STDOUT]: [1.0, 1.0, 1.0, 4.0]
[00:57:28] [Server thread/INFO] (Minecraft) [STDOUT]: Sending Info now
[00:57:28] [Server thread/INFO] (Minecraft) [STDOUT]: LEN: 4
[00:57:28] [Server thread/INFO] (Minecraft) [STDOUT]: [1.0, 1.0, 1.0, 4.0]
[00:57:29] [Server thread/INFO] (Minecraft) [STDOUT]: Sending Info now
[00:57:29] [Server thread/INFO] (Minecraft) [STDOUT]: LEN: 4
[00:57:29] [Server thread/INFO] (Minecraft) [STDOUT]: [1.0, 1.0, 1.0, 4.0]
[00:57:29] [Server thread/INFO] (Minecraft) [STDOUT]: Sending Info now
[00:57:29] [Server thread/INFO] (Minecraft) [STDOUT]: LEN: 4
[00:57:29] [Server thread/INFO] (Minecraft) [STDOUT]: [1.0, 1.0, 1.0, 4.0]
[00:57:29] [Server thread/INFO] (Minecraft) [STDOUT]: Sending Info now
[00:57:29] [Server thread/INFO] (Minecraft) [STDOUT]: LEN: 4
[00:57:29] [Server thread/INFO] (Minecraft) [STDOUT]: [1.0, 1.0, 1.0, 4.0]
[00:57:29] [Server thread/INFO] (Minecraft) [STDOUT]: Sending Info now
[00:57:29] [Server thread/INFO] (Minecraft) [STDOUT]: LEN: 4
[00:57:29] [Server thread/INFO] (Minecraft) [STDOUT]: [1.0, 1.0, 1.0, 4.0]
[00:57:29] [Server thread/INFO] (Minecraft) [STDOUT]: Sending Info now
[00:57:29] [Server thread/INFO] (Minecraft) [STDOUT]: LEN: 4
[00:57:29] [Server thread/INFO] (Minecraft) [STDOUT]: [1.0, 1.0, 1.0, 4.0]
[00:57:29] [Server thread/INFO] (Minecraft) [STDOUT]: Sending Info now
[00:57:29] [Server thread/INFO] (Minecraft) [STDOUT]: LEN: 4
[00:57:29] [Server thread/INFO] (Minecraft) [STDOUT]: [1.0, 1.0, 1.0, 4.0]
[00:57:29] [Server thread/INFO] (Minecraft) [STDOUT]: Sending Info now
[00:57:29] [Server thread/INFO] (Minecraft) [STDOUT]: LEN: 4
[00:57:29] [Server thread/INFO] (Minecraft) [STDOUT]: [1.0, 1.0, 1.0, 4.0]
[00:57:29] [Server thread/INFO] (Minecraft) [STDOUT]: Sending Info now
[00:57:29] [Server thread/INFO] (Minecraft) [STDOUT]: LEN: 4
[00:57:29] [Server thread/INFO] (Minecraft) [STDOUT]: [1.0, 1.0, 1.0, 4.0]
[00:57:29] [Server thread/INFO] (Minecraft) [STDOUT]: Sending Info now
[00:57:29] [Server thread/INFO] (Minecraft) [STDOUT]: LEN: 4
[00:57:29] [Server thread/INFO] (Minecraft) [STDOUT]: [1.0, 1.0, 1.0, 4.0]
[00:57:29] [Server thread/INFO] (Minecraft) [STDOUT]: Sending Info now
[00:57:30] [Server thread/INFO] (Minecraft) [STDOUT]: LEN: 4
[00:57:30] [Server thread/INFO] (Minecraft) [STDOUT]: [1.0, 1.0, 1.0, 4.0]
[00:57:30] [Server thread/INFO] (Minecraft) [STDOUT]: Sending Info now
[00:57:30] [Server thread/INFO] (Minecraft) [STDOUT]: LEN: 4
[00:57:30] [Server thread/INFO] (Minecraft) [STDOUT]: [1.0, 1.0, 1.0, 4.0]
[00:57:30] [Server thread/INFO] (Minecraft) [STDOUT]: Sending Info now
[00:57:30] [Server thread/INFO] (Minecraft) [STDOUT]: LEN: 4
[00:57:30] [Server thread/INFO] (Minecraft) [STDOUT]: [1.0, 1.0, 1.0, 4.0]
[00:57:30] [Server thread/INFO] (Minecraft) [STDOUT]: Sending Info now
[00:57:30] [Server thread/INFO] (Minecraft) [STDOUT]: LEN: 4
[00:57:30] [Server thread/INFO] (Minecraft) [STDOUT]: [1.0, 1.0, 1.0, 4.0]
[00:57:30] [Server thread/INFO] (Minecraft) [STDOUT]: Sending Info now
[00:57:30] [Server thread/INFO] (Minecraft) [STDOUT]: LEN: 4
[00:57:30] [Server thread/INFO] (Minecraft) [STDOUT]: [1.0, 1.0, 1.0, 4.0]
[00:57:30] [Server thread/INFO] (Minecraft) [STDOUT]: Sending Info now
[00:57:30] [Server thread/INFO] (Minecraft) [STDOUT]: LEN: 4
[00:57:30] [Server thread/INFO] (Minecraft) [STDOUT]: [1.0, 1.0, 1.0, 4.0]
[00:57:30] [Server thread/INFO] (Minecraft) [STDOUT]: Sending Info now
[00:57:30] [Server thread/INFO] (Minecraft) [STDOUT]: LEN: 4
[00:57:30] [Server thread/INFO] (Minecraft) [STDOUT]: [1.0, 1.0, 1.0, 4.0]
[00:57:30] [Server thread/INFO] (Minecraft) [STDOUT]: Sending Info now
[00:57:30] [Server thread/INFO] (Minecraft) [STDOUT]: LEN: 4
[00:57:30] [Server thread/INFO] (Minecraft) [STDOUT]: [1.0, 1.0, 1.0, 4.0]
[00:57:30] [Server thread/INFO] (Minecraft) [STDOUT]: Sending Info now
[00:57:30] [Server thread/INFO] (Minecraft) [STDOUT]: LEN: 4
[00:57:30] [Server thread/INFO] (Minecraft) [STDOUT]: [1.0, 1.0, 1.0, 4.0]
[00:57:30] [Server thread/INFO] (Minecraft) [STDOUT]: Sending Info now
[00:57:30] [Server thread/INFO] (Minecraft) [STDOUT]: LEN: 4
[00:57:30] [Server thread/INFO] (Minecraft) [STDOUT]: [1.0, 1.0, 1.0, 4.0]
[00:57:30] [Server thread/INFO] (Minecraft) [STDOUT]: Sending Info now
[00:57:30] [Server thread/INFO] (Minecraft) [STDOUT]: LEN: 4
[00:57:30] [Server thread/INFO] (Minecraft) [STDOUT]: [1.0, 1.0, 1.0, 4.0]
[00:57:31] [Server thread/INFO] (Minecraft) [STDOUT]: Sending Info now
[00:57:31] [Server thread/INFO] (Minecraft) [STDOUT]: LEN: 4
[00:57:31] [Server thread/INFO] (Minecraft) [STDOUT]: [1.0, 1.0, 1.0, 4.0]
[00:57:31] [Server thread/INFO] (Minecraft) [STDOUT]: Sending Info now
[00:57:31] [Server thread/INFO] (Minecraft) [STDOUT]: LEN: 4
[00:57:31] [Server thread/INFO] (Minecraft) [STDOUT]: [1.0, 1.0, 1.0, 4.0]
[00:57:31] [Server thread/INFO] (Minecraft) [STDOUT]: Sending Info now
[00:57:31] [Server thread/INFO] (Minecraft) [STDOUT]: LEN: 4
[00:57:31] [Server thread/INFO] (Minecraft) [STDOUT]: [1.0, 1.0, 1.0, 4.0]
[00:57:31] [Server thread/INFO] (Minecraft) [STDOUT]: Sending Info now
[00:57:31] [Server thread/INFO] (Minecraft) [STDOUT]: LEN: 4
[00:57:31] [Server thread/INFO] (Minecraft) [STDOUT]: [1.0, 1.0, 1.0, 4.0]
[00:57:31] [Server thread/INFO] (Minecraft) [STDOUT]: Sending Info now
[00:57:31] [Server thread/INFO] (Minecraft) [STDOUT]: LEN: 4
[00:57:31] [Server thread/INFO] (Minecraft) [STDOUT]: [1.0, 1.0, 1.0, 4.0]
[00:57:31] [Server thread/INFO] (Minecraft) [STDOUT]: Sending Info now
[00:57:31] [Server thread/INFO] (Minecraft) [STDOUT]: LEN: 4
[00:57:31] [Server thread/INFO] (Minecraft) [STDOUT]: [1.0, 1.0, 1.0, 4.0]
[00:57:31] [Server thread/INFO] (Minecraft) [STDOUT]: Sending Info now
[00:57:31] [Server thread/INFO] (Minecraft) [STDOUT]: LEN: 4
[00:57:31] [Server thread/INFO] (Minecraft) [STDOUT]: [1.0, 1.0, 1.0, 4.0]
[00:57:31] [Server thread/INFO] (Minecraft) [STDOUT]: Sending Info now
[00:57:31] [Server thread/INFO] (Minecraft) [STDOUT]: LEN: 4
[00:57:31] [Server thread/INFO] (Minecraft) [STDOUT]: [1.0, 1.0, 1.0, 4.0]
[00:57:31] [Server thread/INFO] (Minecraft) [STDOUT]: Sending Info now
[00:57:31] [Server thread/INFO] (Minecraft) [STDOUT]: LEN: 4
[00:57:31] [Server thread/INFO] (Minecraft) [STDOUT]: [1.0, 1.0, 1.0, 4.0]
[00:57:31] [Server thread/INFO] (Minecraft) [STDOUT]: Sending Info now
[00:57:31] [Server thread/INFO] (Minecraft) [STDOUT]: LEN: 4
[00:57:31] [Server thread/INFO] (Minecraft) [STDOUT]: [1.0, 1.0, 1.0, 4.0]
[00:57:32] [Server thread/INFO] (Minecraft) [STDOUT]: Sending Info now
[00:57:32] [Server thread/INFO] (Minecraft) [STDOUT]: LEN: 4
[00:57:32] [Server thread/INFO] (Minecraft) [STDOUT]: [1.0, 1.0, 1.0, 4.0]
[00:57:32] [Server thread/INFO] (Minecraft) [STDOUT]: Sending Info now
[00:57:32] [Server thread/INFO] (Minecraft) [STDOUT]: LEN: 4
[00:57:32] [Server thread/INFO] (Minecraft) [STDOUT]: [1.0, 1.0, 1.0, 4.0]
[00:57:32] [Server thread/INFO] (Minecraft) [STDOUT]: Sending Info now
[00:57:32] [Server thread/INFO] (Minecraft) [STDOUT]: LEN: 4
[00:57:32] [Server thread/INFO] (Minecraft) [STDOUT]: [1.0, 1.0, 1.0, 4.0]
[00:57:32] [Server thread/INFO] (Minecraft) [STDOUT]: Sending Info now
[00:57:32] [Server thread/INFO] (Minecraft) [STDOUT]: LEN: 4
[00:57:32] [Server thread/INFO] (Minecraft) [STDOUT]: [1.0, 1.0, 1.0, 4.0]
[00:57:32] [Server thread/INFO] (Minecraft) [STDOUT]: Sending Info now
[00:57:32] [Server thread/INFO] (Minecraft) [STDOUT]: LEN: 4
[00:57:32] [Server thread/INFO] (Minecraft) [STDOUT]: [1.0, 1.0, 1.0, 4.0]
[00:57:32] [Server thread/INFO] (Minecraft) [STDOUT]: Sending Info now
[00:57:32] [Server thread/INFO] (Minecraft) [STDOUT]: LEN: 4
[00:57:32] [Server thread/INFO] (Minecraft) [STDOUT]: [1.0, 1.0, 1.0, 4.0]
[00:57:32] [Server thread/INFO] (Minecraft) [STDOUT]: Sending Info now
[00:57:32] [Server thread/INFO] (Minecraft) [STDOUT]: LEN: 4
[00:57:32] [Server thread/INFO] (Minecraft) [STDOUT]: [1.0, 1.0, 1.0, 4.0]
[00:57:32] [Server thread/INFO] (Minecraft) [STDOUT]: Sending Info now
[00:57:32] [Server thread/INFO] (Minecraft) [STDOUT]: LEN: 4
[00:57:32] [Server thread/INFO] (Minecraft) [STDOUT]: [1.0, 1.0, 1.0, 4.0]
[00:57:32] [Server thread/INFO] (Minecraft) [STDOUT]: Sending Info now
[00:57:32] [Server thread/INFO] (Minecraft) [STDOUT]: LEN: 4
[00:57:32] [Server thread/INFO] (Minecraft) [STDOUT]: [1.0, 1.0, 1.0, 4.0]
[00:57:32] [Server thread/INFO] (Minecraft) [STDOUT]: Sending Info now
[00:57:32] [Server thread/INFO] (Minecraft) [STDOUT]: LEN: 4
[00:57:32] [Server thread/INFO] (Minecraft) [STDOUT]: [1.0, 1.0, 1.0, 4.0]
[00:57:33] [Server thread/INFO] (Minecraft) [STDOUT]: Sending Info now
[00:57:33] [Server thread/INFO] (Minecraft) [STDOUT]: LEN: 4
[00:57:33] [Server thread/INFO] (Minecraft) [STDOUT]: [1.0, 1.0, 1.0, 4.0]
[00:57:33] [Server thread/INFO] (Minecraft) [STDOUT]: Sending Info now
[00:57:33] [Server thread/INFO] (Minecraft) [STDOUT]: LEN: 4
[00:57:33] [Server thread/INFO] (Minecraft) [STDOUT]: [1.0, 1.0, 1.0, 4.0]
[00:57:33] [Server thread/INFO] (Minecraft) [STDOUT]: Sending Info now
[00:57:33] [Server thread/INFO] (Minecraft) [STDOUT]: LEN: 4
[00:57:33] [Server thread/INFO] (Minecraft) [STDOUT]: [1.0, 1.0, 1.0, 4.0]
[00:57:33] [Server thread/INFO] (Minecraft) [STDOUT]: Sending Info now
[00:57:33] [Server thread/INFO] (Minecraft) [STDOUT]: LEN: 4
[00:57:33] [Server thread/INFO] (Minecraft) [STDOUT]: [1.0, 1.0, 1.0, 4.0]
[00:57:33] [Server thread/INFO] (Minecraft) [STDOUT]: Sending Info now
[00:57:33] [Server thread/INFO] (Minecraft) [STDOUT]: LEN: 4
[00:57:33] [Server thread/INFO] (Minecraft) [STDOUT]: [1.0, 1.0, 1.0, 4.0]
[00:57:33] [Server thread/INFO] (Minecraft) [STDOUT]: Sending Info now
[00:57:33] [Server thread/INFO] (Minecraft) [STDOUT]: LEN: 4
[00:57:33] [Server thread/INFO] (Minecraft) [STDOUT]: [1.0, 1.0, 1.0, 4.0]
[00:57:33] [Server thread/INFO] (Minecraft) [STDOUT]: Sending Info now
[00:57:33] [Server thread/INFO] (Minecraft) [STDOUT]: LEN: 4
[00:57:33] [Server thread/INFO] (Minecraft) [STDOUT]: [1.0, 1.0, 1.0, 4.0]
[00:57:33] [Server thread/INFO] (Minecraft) [STDOUT]: Sending Info now
[00:57:33] [Server thread/INFO] (Minecraft) [STDOUT]: LEN: 4
[00:57:33] [Server thread/INFO] (Minecraft) [STDOUT]: [1.0, 1.0, 1.0, 4.0]
[00:57:33] [Server thread/INFO] (Minecraft) [STDOUT]: Sending Info now
[00:57:33] [Server thread/INFO] (Minecraft) [STDOUT]: LEN: 4
[00:57:33] [Server thread/INFO] (Minecraft) [STDOUT]: [1.0, 1.0, 1.0, 4.0]
[00:57:33] [Server thread/INFO] (Minecraft) [STDOUT]: Sending Info now
[00:57:33] [Server thread/INFO] (Minecraft) [STDOUT]: LEN: 4
[00:57:33] [Server thread/INFO] (Minecraft) [STDOUT]: [1.0, 1.0, 1.0, 4.0]
[00:57:34] [Server thread/INFO] (Minecraft) [STDOUT]: Sending Info now
[00:57:34] [Server thread/INFO] (Minecraft) [STDOUT]: LEN: 4
[00:57:34] [Server thread/INFO] (Minecraft) [STDOUT]: [1.0, 1.0, 1.0, 4.0]
[00:57:34] [Server thread/INFO] (Minecraft) [STDOUT]: Sending Info now
[00:57:34] [Server thread/INFO] (Minecraft) [STDOUT]: LEN: 4
[00:57:34] [Server thread/INFO] (Minecraft) [STDOUT]: [1.0, 1.0, 1.0, 4.0]
[00:57:34] [Server thread/INFO] (Minecraft) [STDOUT]: Sending Info now
[00:57:34] [Server thread/INFO] (Minecraft) [STDOUT]: LEN: 4
[00:57:34] [Server thread/INFO] (Minecraft) [STDOUT]: [1.0, 1.0, 1.0, 4.0]
[00:57:34] [Server thread/INFO] (Minecraft) [STDOUT]: Sending Info now
[00:57:34] [Server thread/INFO] (Minecraft) [STDOUT]: LEN: 4
[00:57:34] [Server thread/INFO] (Minecraft) [STDOUT]: [1.0, 1.0, 1.0, 4.0]
[00:57:34] [Server thread/INFO] (Minecraft) [STDOUT]: Sending Info now
[00:57:34] [Server thread/INFO] (Minecraft) [STDOUT]: LEN: 4
[00:57:34] [Server thread/INFO] (Minecraft) [STDOUT]: [1.0, 1.0, 1.0, 4.0]
[00:57:34] [Server thread/INFO] (Minecraft) [STDOUT]: Sending Info now
[00:57:34] [Server thread/INFO] (Minecraft) [STDOUT]: LEN: 4
[00:57:34] [Server thread/INFO] (Minecraft) [STDOUT]: [1.0, 1.0, 1.0, 4.0]
[00:57:34] [Server thread/INFO] (Minecraft) [STDOUT]: Sending Info now
[00:57:34] [Server thread/INFO] (Minecraft) [STDOUT]: LEN: 4
[00:57:34] [Server thread/INFO] (Minecraft) [STDOUT]: [1.0, 1.0, 1.0, 4.0]
[00:57:34] [Server thread/INFO] (Minecraft) [STDOUT]: Sending Info now
[00:57:34] [Server thread/INFO] (Minecraft) [STDOUT]: LEN: 4
[00:57:34] [Server thread/INFO] (Minecraft) [STDOUT]: [1.0, 1.0, 1.0, 4.0]
[00:57:34] [Server thread/INFO] (Minecraft) [STDOUT]: Sending Info now
[00:57:34] [Server thread/INFO] (Minecraft) [STDOUT]: LEN: 4
[00:57:34] [Server thread/INFO] (Minecraft) [STDOUT]: [1.0, 1.0, 1.0, 4.0]
[00:57:34] [Server thread/INFO] (Minecraft) [STDOUT]: Sending Info now
[00:57:34] [Server thread/INFO] (Minecraft) [STDOUT]: LEN: 4
[00:57:34] [Server thread/INFO] (Minecraft) [STDOUT]: [1.0, 1.0, 1.0, 4.0]
[00:57:35] [Server thread/INFO] (Minecraft) [STDOUT]: Sending Info now
[00:57:35] [Server thread/INFO] (Minecraft) [STDOUT]: LEN: 4
[00:57:35] [Server thread/INFO] (Minecraft) [STDOUT]: [1.0, 1.0, 1.0, 4.0]
[00:57:35] [Server thread/INFO] (Minecraft) [STDOUT]: Sending Info now
[00:57:35] [Server thread/INFO] (Minecraft) [STDOUT]: LEN: 4
[00:57:35] [Server thread/INFO] (Minecraft) [STDOUT]: [1.0, 1.0, 1.0, 4.0]
[00:57:35] [Server thread/INFO] (Minecraft) [STDOUT]: Sending Info now
[00:57:35] [Server thread/INFO] (Minecraft) [STDOUT]: LEN: 4
[00:57:35] [Server thread/INFO] (Minecraft) [STDOUT]: [1.0, 1.0, 1.0, 4.0]
[00:57:35] [Server thread/INFO] (Minecraft) [STDOUT]: Sending Info now
[00:57:35] [Server thread/INFO] (Minecraft) [STDOUT]: LEN: 4
[00:57:35] [Server thread/INFO] (Minecraft) [STDOUT]: [1.0, 1.0, 1.0, 4.0]
[00:57:35] [Server thread/INFO] (Minecraft) [STDOUT]: Sending Info now
[00:57:35] [Server thread/INFO] (Minecraft) [STDOUT]: LEN: 4
[00:57:35] [Server thread/INFO] (Minecraft) [STDOUT]: [1.0, 1.0, 1.0, 4.0]
[00:57:35] [Server thread/INFO] (Minecraft) [STDOUT]: Sending Info now
[00:57:35] [Server thread/INFO] (Minecraft) [STDOUT]: LEN: 4
[00:57:35] [Server thread/INFO] (Minecraft) [STDOUT]: [1.0, 1.0, 1.0, 4.0]
[00:57:35] [Server thread/INFO] (Minecraft) [STDOUT]: Sending Info now
[00:57:35] [Server thread/INFO] (Minecraft) [STDOUT]: LEN: 4
[00:57:35] [Server thread/INFO] (Minecraft) [STDOUT]: [1.0, 1.0, 1.0, 4.0]
[00:57:35] [Server thread/INFO] (Minecraft) [STDOUT]: Sending Info now
[00:57:35] [Server thread/INFO] (Minecraft) [STDOUT]: LEN: 4
[00:57:35] [Server thread/INFO] (Minecraft) [STDOUT]: [1.0, 1.0, 1.0, 4.0]
[00:57:35] [Server thread/INFO] (Minecraft) [STDOUT]: Sending Info now
[00:57:35] [Server thread/INFO] (Minecraft) [STDOUT]: LEN: 4
[00:57:35] [Server thread/INFO] (Minecraft) [STDOUT]: [1.0, 1.0, 1.0, 4.0]
[00:57:35] [Server thread/INFO] (Minecraft) [STDOUT]: Sending Info now
[00:57:35] [Server thread/INFO] (Minecraft) [STDOUT]: LEN: 4
[00:57:35] [Server thread/INFO] (Minecraft) [STDOUT]: [1.0, 1.0, 1.0, 4.0]
[00:57:36] [Server thread/INFO] (Minecraft) [STDOUT]: Sending Info now
[00:57:36] [Server thread/INFO] (Minecraft) [STDOUT]: LEN: 4
[00:57:36] [Server thread/INFO] (Minecraft) [STDOUT]: [1.0, 1.0, 1.0, 4.0]
[00:57:36] [Server thread/INFO] (Minecraft) [STDOUT]: Sending Info now
[00:57:36] [Server thread/INFO] (Minecraft) [STDOUT]: LEN: 4
[00:57:36] [Server thread/INFO] (Minecraft) [STDOUT]: [1.0, 1.0, 1.0, 4.0]
[00:57:36] [Server thread/INFO] (Minecraft) [STDOUT]: Sending Info now
[00:57:36] [Server thread/INFO] (Minecraft) [STDOUT]: LEN: 4
[00:57:36] [Server thread/INFO] (Minecraft) [STDOUT]: [1.0, 1.0, 1.0, 4.0]
[00:57:36] [Server thread/INFO] (Minecraft) [STDOUT]: Sending Info now
[00:57:36] [Server thread/INFO] (Minecraft) [STDOUT]: LEN: 4
[00:57:36] [Server thread/INFO] (Minecraft) [STDOUT]: [1.0, 1.0, 1.0, 4.0]
[00:57:36] [Server thread/INFO] (Minecraft) [STDOUT]: Sending Info now
[00:57:36] [Server thread/INFO] (Minecraft) [STDOUT]: LEN: 4
[00:57:36] [Server thread/INFO] (Minecraft) [STDOUT]: [1.0, 1.0, 1.0, 4.0]
[00:57:36] [Server thread/INFO] (Minecraft) [STDOUT]: Sending Info now
[00:57:36] [Server thread/INFO] (Minecraft) [STDOUT]: LEN: 4
[00:57:36] [Server thread/INFO] (Minecraft) [STDOUT]: [1.0, 1.0, 1.0, 4.0]
[00:57:36] [Server thread/INFO] (Minecraft) [STDOUT]: Sending Info now
[00:57:36] [Server thread/INFO] (Minecraft) [STDOUT]: LEN: 4
[00:57:36] [Server thread/INFO] (Minecraft) [STDOUT]: [1.0, 1.0, 1.0, 4.0]
[00:57:36] [Server thread/INFO] (Minecraft) [STDOUT]: Sending Info now
[00:57:36] [Server thread/INFO] (Minecraft) [STDOUT]: LEN: 4
[00:57:36] [Server thread/INFO] (Minecraft) [STDOUT]: [1.0, 1.0, 1.0, 4.0]
[00:57:36] [Server thread/INFO] (Minecraft) [STDOUT]: Sending Info now
[00:57:36] [Server thread/INFO] (Minecraft) [STDOUT]: LEN: 4
[00:57:36] [Server thread/INFO] (Minecraft) [STDOUT]: [1.0, 1.0, 1.0, 4.0]
[00:57:36] [Server thread/INFO] (Minecraft) [STDOUT]: Sending Info now
[00:57:36] [Server thread/INFO] (Minecraft) [STDOUT]: LEN: 4
[00:57:36] [Server thread/INFO] (Minecraft) [STDOUT]: [1.0, 1.0, 1.0, 4.0]
[00:57:37] [Server thread/INFO] (Minecraft) [STDOUT]: Sending Info now
[00:57:37] [Server thread/INFO] (Minecraft) [STDOUT]: LEN: 4
[00:57:37] [Server thread/INFO] (Minecraft) [STDOUT]: [1.0, 1.0, 1.0, 4.0]
[00:57:37] [Server thread/INFO] (Minecraft) [STDOUT]: Sending Info now
[00:57:37] [Server thread/INFO] (Minecraft) [STDOUT]: LEN: 4
[00:57:37] [Server thread/INFO] (Minecraft) [STDOUT]: [1.0, 1.0, 1.0, 4.0]
[00:57:37] [Server thread/INFO] (Minecraft) [STDOUT]: Sending Info now
[00:57:37] [Server thread/INFO] (Minecraft) [STDOUT]: LEN: 4
[00:57:37] [Server thread/INFO] (Minecraft) [STDOUT]: [1.0, 1.0, 1.0, 4.0]
[00:57:37] [Server thread/INFO] (Minecraft) [STDOUT]: Sending Info now
[00:57:37] [Server thread/INFO] (Minecraft) [STDOUT]: LEN: 4
[00:57:37] [Server thread/INFO] (Minecraft) [STDOUT]: [1.0, 1.0, 1.0, 4.0]
[00:57:37] [Server thread/INFO] (Minecraft) [STDOUT]: Sending Info now
[00:57:37] [Server thread/INFO] (Minecraft) [STDOUT]: LEN: 4
[00:57:37] [Server thread/INFO] (Minecraft) [STDOUT]: [1.0, 1.0, 1.0, 4.0]
[00:57:37] [Server thread/INFO] (Minecraft) [STDOUT]: Sending Info now
[00:57:37] [Server thread/INFO] (Minecraft) [STDOUT]: LEN: 4
[00:57:37] [Server thread/INFO] (Minecraft) [STDOUT]: [1.0, 1.0, 1.0, 4.0]
[00:57:37] [Server thread/INFO] (Minecraft) [STDOUT]: Sending Info now
[00:57:37] [Server thread/INFO] (Minecraft) [STDOUT]: LEN: 4
[00:57:37] [Server thread/INFO] (Minecraft) [STDOUT]: [1.0, 1.0, 1.0, 4.0]
[00:57:37] [Server thread/INFO] (Minecraft) [STDOUT]: Sending Info now
[00:57:37] [Server thread/INFO] (Minecraft) [STDOUT]: LEN: 4
[00:57:37] [Server thread/INFO] (Minecraft) [STDOUT]: [1.0, 1.0, 1.0, 4.0]
[00:57:37] [Server thread/INFO] (Minecraft) [STDOUT]: Sending Info now
[00:57:37] [Server thread/INFO] (Minecraft) [STDOUT]: LEN: 4
[00:57:37] [Server thread/INFO] (Minecraft) [STDOUT]: [1.0, 1.0, 1.0, 4.0]
[00:57:37] [Server thread/INFO] (Minecraft) [STDOUT]: Sending Info now
[00:57:37] [Server thread/INFO] (Minecraft) [STDOUT]: LEN: 4
[00:57:37] [Server thread/INFO] (Minecraft) [STDOUT]: [1.0, 1.0, 1.0, 4.0]
[00:57:38] [Server thread/INFO] (Minecraft) [STDOUT]: Sending Info now
[00:57:38] [Server thread/INFO] (Minecraft) [STDOUT]: LEN: 4
[00:57:38] [Server thread/INFO] (Minecraft) [STDOUT]: [1.0, 1.0, 1.0, 4.0]
[00:57:38] [Server thread/INFO] (Minecraft) [STDOUT]: Sending Info now
[00:57:38] [Server thread/INFO] (Minecraft) [STDOUT]: LEN: 4
[00:57:38] [Server thread/INFO] (Minecraft) [STDOUT]: [1.0, 1.0, 1.0, 4.0]
[00:57:38] [Server thread/INFO] (Minecraft) [STDOUT]: Sending Info now
[00:57:38] [Server thread/INFO] (Minecraft) [STDOUT]: LEN: 4
[00:57:38] [Server thread/INFO] (Minecraft) [STDOUT]: [1.0, 1.0, 1.0, 4.0]
[00:57:38] [Server thread/INFO] (Minecraft) [STDOUT]: Sending Info now
[00:57:38] [Server thread/INFO] (Minecraft) [STDOUT]: LEN: 4
[00:57:38] [Server thread/INFO] (Minecraft) [STDOUT]: [1.0, 1.0, 1.0, 4.0]
[00:57:38] [Server thread/INFO] (Minecraft) [STDOUT]: Sending Info now
[00:57:38] [Server thread/INFO] (Minecraft) [STDOUT]: LEN: 4
[00:57:38] [Server thread/INFO] (Minecraft) [STDOUT]: [1.0, 1.0, 1.0, 4.0]
[00:57:38] [Server thread/INFO] (Minecraft) [STDOUT]: Sending Info now
[00:57:38] [Server thread/INFO] (Minecraft) [STDOUT]: LEN: 4
[00:57:38] [Server thread/INFO] (Minecraft) [STDOUT]: [1.0, 1.0, 1.0, 4.0]
[00:57:38] [Server thread/INFO] (Minecraft) [STDOUT]: Sending Info now
[00:57:38] [Server thread/INFO] (Minecraft) [STDOUT]: LEN: 4
[00:57:38] [Server thread/INFO] (Minecraft) [STDOUT]: [1.0, 1.0, 1.0, 4.0]
[00:57:38] [Server thread/INFO] (Minecraft) [STDOUT]: Sending Info now
[00:57:38] [Server thread/INFO] (Minecraft) [STDOUT]: LEN: 4
[00:57:38] [Server thread/INFO] (Minecraft) [STDOUT]: [1.0, 1.0, 1.0, 4.0]
[00:57:38] [Server thread/INFO] (Minecraft) [STDOUT]: Sending Info now
[00:57:38] [Server thread/INFO] (Minecraft) [STDOUT]: LEN: 4
[00:57:38] [Server thread/INFO] (Minecraft) [STDOUT]: [1.0, 1.0, 1.0, 4.0]
[00:57:38] [Server thread/INFO] (Minecraft) [STDOUT]: Sending Info now
[00:57:38] [Server thread/INFO] (Minecraft) [STDOUT]: LEN: 4
[00:57:38] [Server thread/INFO] (Minecraft) [STDOUT]: [1.0, 1.0, 1.0, 4.0]
[00:57:39] [Server thread/INFO] (Minecraft) [STDOUT]: Sending Info now
[00:57:39] [Server thread/INFO] (Minecraft) [STDOUT]: LEN: 4
[00:57:39] [Server thread/INFO] (Minecraft) [STDOUT]: [1.0, 1.0, 1.0, 4.0]
[00:57:39] [Server thread/INFO] (Minecraft) [STDOUT]: Sending Info now
[00:57:39] [Server thread/INFO] (Minecraft) [STDOUT]: LEN: 4
[00:57:39] [Server thread/INFO] (Minecraft) [STDOUT]: [1.0, 1.0, 1.0, 4.0]
[00:57:39] [Server thread/INFO] (Minecraft) [STDOUT]: Sending Info now
[00:57:39] [Server thread/INFO] (Minecraft) [STDOUT]: LEN: 4
[00:57:39] [Server thread/INFO] (Minecraft) [STDOUT]: [1.0, 1.0, 1.0, 4.0]
[00:57:39] [Server thread/INFO] (Minecraft) [STDOUT]: Sending Info now
[00:57:39] [Server thread/INFO] (Minecraft) [STDOUT]: LEN: 4
[00:57:39] [Server thread/INFO] (Minecraft) [STDOUT]: [1.0, 1.0, 1.0, 4.0]
[00:57:39] [Server thread/INFO] (Minecraft) [STDOUT]: Sending Info now
[00:57:39] [Server thread/INFO] (Minecraft) [STDOUT]: LEN: 4
[00:57:39] [Server thread/INFO] (Minecraft) [STDOUT]: [1.0, 1.0, 1.0, 4.0]
[00:57:39] [Server thread/INFO] (Minecraft) [STDOUT]: Sending Info now
[00:57:39] [Server thread/INFO] (Minecraft) [STDOUT]: LEN: 4
[00:57:39] [Server thread/INFO] (Minecraft) [STDOUT]: [1.0, 1.0, 1.0, 4.0]
[00:57:39] [Server thread/INFO] (Minecraft) [STDOUT]: Sending Info now
[00:57:39] [Server thread/INFO] (Minecraft) [STDOUT]: LEN: 4
[00:57:39] [Server thread/INFO] (Minecraft) [STDOUT]: [1.0, 1.0, 1.0, 4.0]
[00:57:39] [Server thread/INFO] (Minecraft) [STDOUT]: Sending Info now
[00:57:39] [Server thread/INFO] (Minecraft) [STDOUT]: LEN: 4
[00:57:39] [Server thread/INFO] (Minecraft) [STDOUT]: [1.0, 1.0, 1.0, 4.0]
[00:57:39] [Server thread/INFO] (Minecraft) [STDOUT]: Sending Info now
[00:57:39] [Server thread/INFO] (Minecraft) [STDOUT]: LEN: 4
[00:57:39] [Server thread/INFO] (Minecraft) [STDOUT]: [1.0, 1.0, 1.0, 4.0]
[00:57:39] [Server thread/INFO] (Minecraft) [STDOUT]: Sending Info now
[00:57:39] [Server thread/INFO] (Minecraft) [STDOUT]: LEN: 4
[00:57:39] [Server thread/INFO] (Minecraft) [STDOUT]: [1.0, 1.0, 1.0, 4.0]
[00:57:40] [Server thread/INFO] (Minecraft) [STDOUT]: Sending Info now
[00:57:40] [Server thread/INFO] (Minecraft) [STDOUT]: LEN: 4
[00:57:40] [Server thread/INFO] (Minecraft) [STDOUT]: [1.0, 1.0, 1.0, 4.0]
[00:57:40] [Server thread/INFO] (Minecraft) [STDOUT]: Sending Info now
[00:57:40] [Server thread/INFO] (Minecraft) [STDOUT]: LEN: 4
[00:57:40] [Server thread/INFO] (Minecraft) [STDOUT]: [1.0, 1.0, 1.0, 4.0]
[00:57:40] [Server thread/INFO] (Minecraft) [STDOUT]: Sending Info now
[00:57:40] [Server thread/INFO] (Minecraft) [STDOUT]: LEN: 4
[00:57:40] [Server thread/INFO] (Minecraft) [STDOUT]: [1.0, 1.0, 1.0, 4.0]
[00:57:40] [Server thread/INFO] (Minecraft) [STDOUT]: Sending Info now
[00:57:40] [Server thread/INFO] (Minecraft) [STDOUT]: LEN: 4
[00:57:40] [Server thread/INFO] (Minecraft) [STDOUT]: [1.0, 1.0, 1.0, 4.0]
[00:57:40] [Server thread/INFO] (Minecraft) [STDOUT]: Sending Info now
[00:57:40] [Server thread/INFO] (Minecraft) [STDOUT]: LEN: 4
[00:57:40] [Server thread/INFO] (Minecraft) [STDOUT]: [1.0, 1.0, 1.0, 4.0]
[00:57:40] [Server thread/INFO] (Minecraft) [STDOUT]: Sending Info now
[00:57:40] [Server thread/INFO] (Minecraft) [STDOUT]: LEN: 4
[00:57:40] [Server thread/INFO] (Minecraft) [STDOUT]: [1.0, 1.0, 1.0, 4.0]
[00:57:40] [Server thread/INFO] (Minecraft) [STDOUT]: Sending Info now
[00:57:40] [Server thread/INFO] (Minecraft) [STDOUT]: LEN: 4
[00:57:40] [Server thread/INFO] (Minecraft) [STDOUT]: [1.0, 1.0, 1.0, 4.0]
[00:57:40] [Server thread/INFO] (Minecraft) [STDOUT]: Sending Info now
[00:57:40] [Server thread/INFO] (Minecraft) [STDOUT]: LEN: 4
[00:57:40] [Server thread/INFO] (Minecraft) [STDOUT]: [1.0, 1.0, 1.0, 4.0]
[00:57:40] [Server thread/INFO] (Minecraft) [STDOUT]: Sending Info now
[00:57:40] [Server thread/INFO] (Minecraft) [STDOUT]: LEN: 4
[00:57:40] [Server thread/INFO] (Minecraft) [STDOUT]: [1.0, 1.0, 1.0, 4.0]
[00:57:40] [Server thread/INFO] (Minecraft) [STDOUT]: Sending Info now
[00:57:40] [Server thread/INFO] (Minecraft) [STDOUT]: LEN: 4
[00:57:40] [Server thread/INFO] (Minecraft) [STDOUT]: [1.0, 1.0, 1.0, 4.0]
[00:57:41] [Server thread/INFO] (Minecraft) [STDOUT]: Sending Info now
[00:57:41] [Server thread/INFO] (Minecraft) [STDOUT]: LEN: 4
[00:57:41] [Server thread/INFO] (Minecraft) [STDOUT]: [1.0, 1.0, 1.0, 4.0]
[00:57:41] [Server thread/INFO] (Minecraft) [STDOUT]: Sending Info now
[00:57:41] [Server thread/INFO] (Minecraft) [STDOUT]: LEN: 4
[00:57:41] [Server thread/INFO] (Minecraft) [STDOUT]: [1.0, 1.0, 1.0, 4.0]
[00:57:41] [Server thread/INFO] (Minecraft) [STDOUT]: Sending Info now
[00:57:41] [Server thread/INFO] (Minecraft) [STDOUT]: LEN: 4
[00:57:41] [Server thread/INFO] (Minecraft) [STDOUT]: [1.0, 1.0, 1.0, 4.0]
[00:57:41] [Server thread/INFO] (Minecraft) [STDOUT]: Sending Info now
[00:57:41] [Server thread/INFO] (Minecraft) [STDOUT]: LEN: 4
[00:57:41] [Server thread/INFO] (Minecraft) [STDOUT]: [1.0, 1.0, 1.0, 4.0]
[00:57:41] [Server thread/INFO] (Minecraft) [STDOUT]: Sending Info now
[00:57:41] [Server thread/INFO] (Minecraft) [STDOUT]: LEN: 4
[00:57:41] [Server thread/INFO] (Minecraft) [STDOUT]: [1.0, 1.0, 1.0, 4.0]
[00:57:41] [Server thread/INFO] (Minecraft) [STDOUT]: Sending Info now
[00:57:41] [Server thread/INFO] (Minecraft) [STDOUT]: LEN: 4
[00:57:41] [Server thread/INFO] (Minecraft) [STDOUT]: [1.0, 1.0, 1.0, 4.0]
[00:57:41] [Server thread/INFO] (Minecraft) [STDOUT]: Sending Info now
[00:57:41] [Server thread/INFO] (Minecraft) [STDOUT]: LEN: 4
[00:57:41] [Server thread/INFO] (Minecraft) [STDOUT]: [1.0, 1.0, 1.0, 4.0]
[00:57:41] [Server thread/INFO] (Minecraft) [STDOUT]: Sending Info now
[00:57:41] [Server thread/INFO] (Minecraft) [STDOUT]: LEN: 4
[00:57:41] [Server thread/INFO] (Minecraft) [STDOUT]: [1.0, 1.0, 1.0, 4.0]
[00:57:41] [Server thread/INFO] (Minecraft) [STDOUT]: Sending Info now
[00:57:41] [Server thread/INFO] (Minecraft) [STDOUT]: LEN: 4
[00:57:41] [Server thread/INFO] (Minecraft) [STDOUT]: [1.0, 1.0, 1.0, 4.0]
[00:57:41] [Server thread/INFO] (Minecraft) [STDOUT]: Sending Info now
[00:57:41] [Server thread/INFO] (Minecraft) [STDOUT]: LEN: 4
[00:57:41] [Server thread/INFO] (Minecraft) [STDOUT]: [1.0, 1.0, 1.0, 4.0]
[00:57:42] [Server thread/INFO] (Minecraft) [STDOUT]: Sending Info now
[00:57:42] [Server thread/INFO] (Minecraft) [STDOUT]: LEN: 4
[00:57:42] [Server thread/INFO] (Minecraft) [STDOUT]: [1.0, 1.0, 1.0, 4.0]
[00:57:42] [Server thread/INFO] (Minecraft) [STDOUT]: Sending Info now
[00:57:42] [Server thread/INFO] (Minecraft) [STDOUT]: LEN: 4
[00:57:42] [Server thread/INFO] (Minecraft) [STDOUT]: [1.0, 1.0, 1.0, 4.0]
[00:57:42] [Server thread/INFO] (Minecraft) [STDOUT]: Sending Info now
[00:57:42] [Server thread/INFO] (Minecraft) [STDOUT]: LEN: 4
[00:57:42] [Server thread/INFO] (Minecraft) [STDOUT]: [1.0, 1.0, 1.0, 4.0]
[00:57:42] [Server thread/INFO] (Minecraft) [STDOUT]: Sending Info now
[00:57:42] [Server thread/INFO] (Minecraft) [STDOUT]: LEN: 4
[00:57:42] [Server thread/INFO] (Minecraft) [STDOUT]: [1.0, 1.0, 1.0, 4.0]
[00:57:42] [Server thread/INFO] (Minecraft) [STDOUT]: Sending Info now
[00:57:42] [Server thread/INFO] (Minecraft) [STDOUT]: LEN: 4
[00:57:42] [Server thread/INFO] (Minecraft) [STDOUT]: [1.0, 1.0, 1.0, 4.0]
[00:57:42] [Server thread/INFO] (Minecraft) [STDOUT]: Sending Info now
[00:57:42] [Server thread/INFO] (Minecraft) [STDOUT]: LEN: 4
[00:57:42] [Server thread/INFO] (Minecraft) [STDOUT]: [1.0, 1.0, 1.0, 4.0]
[00:57:42] [Server thread/INFO] (Minecraft) [STDOUT]: Sending Info now
[00:57:42] [Server thread/INFO] (Minecraft) [STDOUT]: LEN: 4
[00:57:42] [Server thread/INFO] (Minecraft) [STDOUT]: [1.0, 1.0, 1.0, 4.0]
[00:57:42] [Server thread/INFO] (Minecraft) [STDOUT]: Sending Info now
[00:57:42] [Server thread/INFO] (Minecraft) [STDOUT]: LEN: 4
[00:57:42] [Server thread/INFO] (Minecraft) [STDOUT]: [1.0, 1.0, 1.0, 4.0]
[00:57:42] [Server thread/INFO] (Minecraft) [STDOUT]: Sending Info now
[00:57:42] [Server thread/INFO] (Minecraft) [STDOUT]: LEN: 4
[00:57:42] [Server thread/INFO] (Minecraft) [STDOUT]: [1.0, 1.0, 1.0, 4.0]
[00:57:42] [Server thread/INFO] (Minecraft) [STDOUT]: Sending Info now
[00:57:42] [Server thread/INFO] (Minecraft) [STDOUT]: LEN: 4
[00:57:42] [Server thread/INFO] (Minecraft) [STDOUT]: [1.0, 1.0, 1.0, 4.0]
[00:57:43] [Server thread/INFO] (Minecraft) [STDOUT]: Sending Info now
[00:57:43] [Server thread/INFO] (Minecraft) [STDOUT]: LEN: 4
[00:57:43] [Server thread/INFO] (Minecraft) [STDOUT]: [1.0, 1.0, 1.0, 4.0]
[00:57:43] [Server thread/INFO] (Minecraft) [STDOUT]: Sending Info now
[00:57:43] [Server thread/INFO] (Minecraft) [STDOUT]: LEN: 4
[00:57:43] [Server thread/INFO] (Minecraft) [STDOUT]: [1.0, 1.0, 1.0, 4.0]
[00:57:43] [Server thread/INFO] (Minecraft) [STDOUT]: Sending Info now
[00:57:43] [Server thread/INFO] (Minecraft) [STDOUT]: LEN: 4
[00:57:43] [Server thread/INFO] (Minecraft) [STDOUT]: [1.0, 1.0, 1.0, 4.0]
[00:57:43] [Server thread/INFO] (Minecraft) [STDOUT]: Sending Info now
[00:57:43] [Server thread/INFO] (Minecraft) [STDOUT]: LEN: 4
[00:57:43] [Server thread/INFO] (Minecraft) [STDOUT]: [1.0, 1.0, 1.0, 4.0]
[00:57:43] [Server thread/INFO] (Minecraft) [STDOUT]: Sending Info now
[00:57:43] [Server thread/INFO] (Minecraft) [STDOUT]: LEN: 4
[00:57:43] [Server thread/INFO] (Minecraft) [STDOUT]: [1.0, 1.0, 1.0, 4.0]
[00:57:43] [Server thread/INFO] (Minecraft) [STDOUT]: Sending Info now
[00:57:43] [Server thread/INFO] (Minecraft) [STDOUT]: LEN: 4
[00:57:43] [Server thread/INFO] (Minecraft) [STDOUT]: [1.0, 1.0, 1.0, 4.0]
[00:57:43] [Server thread/INFO] (Minecraft) [STDOUT]: Sending Info now
[00:57:43] [Server thread/INFO] (Minecraft) [STDOUT]: LEN: 4
[00:57:43] [Server thread/INFO] (Minecraft) [STDOUT]: [1.0, 1.0, 1.0, 4.0]
[00:57:43] [Server thread/INFO] (Minecraft) [STDOUT]: Sending Info now
[00:57:43] [Server thread/INFO] (Minecraft) [STDOUT]: LEN: 4
[00:57:43] [Server thread/INFO] (Minecraft) [STDOUT]: [1.0, 1.0, 1.0, 4.0]
[00:57:43] [Server thread/INFO] (Minecraft) [STDOUT]: Sending Info now
[00:57:43] [Server thread/INFO] (Minecraft) [STDOUT]: LEN: 4
[00:57:43] [Server thread/INFO] (Minecraft) [STDOUT]: [1.0, 1.0, 1.0, 4.0]
[00:57:43] [Server thread/INFO] (Minecraft) [STDOUT]: Sending Info now
[00:57:43] [Server thread/INFO] (Minecraft) [STDOUT]: LEN: 4
[00:57:43] [Server thread/INFO] (Minecraft) [STDOUT]: [1.0, 1.0, 1.0, 4.0]
[00:57:44] [Server thread/INFO] (Minecraft) [STDOUT]: Sending Info now
[00:57:44] [Server thread/INFO] (Minecraft) [STDOUT]: LEN: 4
[00:57:44] [Server thread/INFO] (Minecraft) [STDOUT]: [1.0, 1.0, 1.0, 4.0]
[00:57:44] [Server thread/INFO] (Minecraft) [STDOUT]: Sending Info now
[00:57:44] [Server thread/INFO] (Minecraft) [STDOUT]: LEN: 4
[00:57:44] [Server thread/INFO] (Minecraft) [STDOUT]: [1.0, 1.0, 1.0, 4.0]
[00:57:44] [Server thread/INFO] (Minecraft) [STDOUT]: Sending Info now
[00:57:44] [Server thread/INFO] (Minecraft) [STDOUT]: LEN: 4
[00:57:44] [Server thread/INFO] (Minecraft) [STDOUT]: [1.0, 1.0, 1.0, 4.0]
[00:57:44] [Server thread/INFO] (Minecraft) [STDOUT]: Sending Info now
[00:57:44] [Server thread/INFO] (Minecraft) [STDOUT]: LEN: 4
[00:57:44] [Server thread/INFO] (Minecraft) [STDOUT]: [1.0, 1.0, 1.0, 4.0]
[00:57:44] [Server thread/INFO] (Minecraft) [STDOUT]: Sending Info now
[00:57:44] [Server thread/INFO] (Minecraft) [STDOUT]: LEN: 4
[00:57:44] [Server thread/INFO] (Minecraft) [STDOUT]: [1.0, 1.0, 1.0, 4.0]
[00:57:44] [Server thread/INFO] (Minecraft) [STDOUT]: Sending Info now
[00:57:44] [Server thread/INFO] (Minecraft) [STDOUT]: LEN: 4
[00:57:44] [Server thread/INFO] (Minecraft) [STDOUT]: [1.0, 1.0, 1.0, 4.0]
[00:57:44] [Server thread/INFO] (Minecraft) [STDOUT]: Sending Info now
[00:57:44] [Server thread/INFO] (Minecraft) [STDOUT]: LEN: 4
[00:57:44] [Server thread/INFO] (Minecraft) [STDOUT]: [1.0, 1.0, 1.0, 4.0]
[00:57:44] [Server thread/INFO] (Minecraft) [STDOUT]: Sending Info now
[00:57:44] [Server thread/INFO] (Minecraft) [STDOUT]: LEN: 4
[00:57:44] [Server thread/INFO] (Minecraft) [STDOUT]: [1.0, 1.0, 1.0, 4.0]
[00:57:44] [Server thread/INFO] (Minecraft) [STDOUT]: Sending Info now
[00:57:44] [Server thread/INFO] (Minecraft) [STDOUT]: LEN: 4
[00:57:44] [Server thread/INFO] (Minecraft) [STDOUT]: [1.0, 1.0, 1.0, 4.0]
[00:57:44] [Server thread/INFO] (Minecraft) [STDOUT]: Sending Info now
[00:57:44] [Server thread/INFO] (Minecraft) [STDOUT]: LEN: 4
[00:57:44] [Server thread/INFO] (Minecraft) [STDOUT]: [1.0, 1.0, 1.0, 4.0]
[00:57:45] [Server thread/INFO] (Minecraft) [STDOUT]: Sending Info now
[00:57:45] [Server thread/INFO] (Minecraft) [STDOUT]: LEN: 4
[00:57:45] [Server thread/INFO] (Minecraft) [STDOUT]: [1.0, 1.0, 1.0, 4.0]
[00:57:45] [Server thread/INFO] (Minecraft) [STDOUT]: Sending Info now
[00:57:45] [Server thread/INFO] (Minecraft) [STDOUT]: LEN: 4
[00:57:45] [Server thread/INFO] (Minecraft) [STDOUT]: [1.0, 1.0, 1.0, 4.0]
[00:57:45] [Server thread/INFO] (Minecraft) [STDOUT]: Sending Info now
[00:57:45] [Server thread/INFO] (Minecraft) [STDOUT]: LEN: 4
[00:57:45] [Server thread/INFO] (Minecraft) [STDOUT]: [1.0, 1.0, 1.0, 4.0]
[00:57:45] [Server thread/INFO] (Minecraft) [STDOUT]: Sending Info now
[00:57:45] [Server thread/INFO] (Minecraft) [STDOUT]: LEN: 4
[00:57:45] [Server thread/INFO] (Minecraft) [STDOUT]: [1.0, 1.0, 1.0, 4.0]
[00:57:45] [Server thread/INFO] (Minecraft) [STDOUT]: Sending Info now
[00:57:45] [Server thread/INFO] (Minecraft) [STDOUT]: LEN: 4
[00:57:45] [Server thread/INFO] (Minecraft) [STDOUT]: [1.0, 1.0, 1.0, 4.0]
[00:57:45] [Server thread/INFO] (Minecraft) [STDOUT]: Sending Info now
[00:57:45] [Server thread/INFO] (Minecraft) [STDOUT]: LEN: 4
[00:57:45] [Server thread/INFO] (Minecraft) [STDOUT]: [1.0, 1.0, 1.0, 4.0]
[00:57:45] [Server thread/INFO] (Minecraft) [STDOUT]: Sending Info now
[00:57:45] [Server thread/INFO] (Minecraft) [STDOUT]: LEN: 4
[00:57:45] [Server thread/INFO] (Minecraft) [STDOUT]: [1.0, 1.0, 1.0, 4.0]
[00:57:45] [Server thread/INFO] (Minecraft) [STDOUT]: Sending Info now
[00:57:45] [Server thread/INFO] (Minecraft) [STDOUT]: LEN: 4
[00:57:45] [Server thread/INFO] (Minecraft) [STDOUT]: [1.0, 1.0, 1.0, 4.0]
[00:57:45] [Server thread/INFO] (Minecraft) [STDOUT]: Sending Info now
[00:57:45] [Server thread/INFO] (Minecraft) [STDOUT]: LEN: 4
[00:57:45] [Server thread/INFO] (Minecraft) [STDOUT]: [1.0, 1.0, 1.0, 4.0]
[00:57:45] [Server thread/INFO] (Minecraft) [STDOUT]: Sending Info now
[00:57:45] [Server thread/INFO] (Minecraft) [STDOUT]: LEN: 4
[00:57:45] [Server thread/INFO] (Minecraft) [STDOUT]: [1.0, 1.0, 1.0, 4.0]
[00:57:46] [Server thread/INFO] (Minecraft) [STDOUT]: Sending Info now
[00:57:46] [Server thread/INFO] (Minecraft) [STDOUT]: LEN: 4
[00:57:46] [Server thread/INFO] (Minecraft) [STDOUT]: [1.0, 1.0, 1.0, 4.0]
[00:57:46] [Server thread/INFO] (Minecraft) [STDOUT]: Sending Info now
[00:57:46] [Server thread/INFO] (Minecraft) [STDOUT]: LEN: 4
[00:57:46] [Server thread/INFO] (Minecraft) [STDOUT]: [1.0, 1.0, 1.0, 4.0]
[00:57:46] [Server thread/INFO] (Minecraft) [STDOUT]: Sending Info now
[00:57:46] [Server thread/INFO] (Minecraft) [STDOUT]: LEN: 4
[00:57:46] [Server thread/INFO] (Minecraft) [STDOUT]: [1.0, 1.0, 1.0, 4.0]
[00:57:46] [Server thread/INFO] (Minecraft) [STDOUT]: Sending Info now
[00:57:46] [Server thread/INFO] (Minecraft) [STDOUT]: LEN: 4
[00:57:46] [Server thread/INFO] (Minecraft) [STDOUT]: [1.0, 1.0, 1.0, 4.0]
[00:57:46] [Server thread/INFO] (Minecraft) [STDOUT]: Sending Info now
[00:57:46] [Server thread/INFO] (Minecraft) [STDOUT]: LEN: 4
[00:57:46] [Server thread/INFO] (Minecraft) [STDOUT]: [1.0, 1.0, 1.0, 4.0]
[00:57:46] [Server thread/INFO] (Minecraft) [STDOUT]: Sending Info now
[00:57:46] [Server thread/INFO] (Minecraft) [STDOUT]: LEN: 4
[00:57:46] [Server thread/INFO] (Minecraft) [STDOUT]: [1.0, 1.0, 1.0, 4.0]
[00:57:46] [Server thread/INFO] (Minecraft) [STDOUT]: Sending Info now
[00:57:46] [Server thread/INFO] (Minecraft) [STDOUT]: LEN: 4
[00:57:46] [Server thread/INFO] (Minecraft) [STDOUT]: [1.0, 1.0, 1.0, 4.0]
[00:57:46] [Server thread/INFO] (Minecraft) [STDOUT]: Sending Info now
[00:57:46] [Server thread/INFO] (Minecraft) [STDOUT]: LEN: 4
[00:57:46] [Server thread/INFO] (Minecraft) [STDOUT]: [1.0, 1.0, 1.0, 4.0]
[00:57:46] [Server thread/INFO] (Minecraft) [STDOUT]: Sending Info now
[00:57:46] [Server thread/INFO] (Minecraft) [STDOUT]: LEN: 4
[00:57:46] [Server thread/INFO] (Minecraft) [STDOUT]: [1.0, 1.0, 1.0, 4.0]
[00:57:46] [Server thread/INFO] (Minecraft) [STDOUT]: Sending Info now
[00:57:46] [Server thread/INFO] (Minecraft) [STDOUT]: LEN: 4
[00:57:46] [Server thread/INFO] (Minecraft) [STDOUT]: [1.0, 1.0, 1.0, 4.0]
[00:57:47] [Server thread/INFO] (Minecraft) [STDOUT]: Sending Info now
[00:57:47] [Server thread/INFO] (Minecraft) [STDOUT]: LEN: 4
[00:57:47] [Server thread/INFO] (Minecraft) [STDOUT]: [1.0, 1.0, 1.0, 4.0]
[00:57:47] [Server thread/INFO] (Minecraft) [STDOUT]: Sending Info now
[00:57:47] [Server thread/INFO] (Minecraft) [STDOUT]: LEN: 4
[00:57:47] [Server thread/INFO] (Minecraft) [STDOUT]: [1.0, 1.0, 1.0, 4.0]
[00:57:47] [Server thread/INFO] (Minecraft) [STDOUT]: Sending Info now
[00:57:47] [Server thread/INFO] (Minecraft) [STDOUT]: LEN: 4
[00:57:47] [Server thread/INFO] (Minecraft) [STDOUT]: [1.0, 1.0, 1.0, 4.0]
[00:57:47] [Server thread/INFO] (Minecraft) [STDOUT]: Sending Info now
[00:57:47] [Server thread/INFO] (Minecraft) [STDOUT]: LEN: 4
[00:57:47] [Server thread/INFO] (Minecraft) [STDOUT]: [1.0, 1.0, 1.0, 4.0]
[00:57:47] [Server thread/INFO] (Minecraft) [STDOUT]: Sending Info now
[00:57:47] [Server thread/INFO] (Minecraft) [STDOUT]: LEN: 4
[00:57:47] [Server thread/INFO] (Minecraft) [STDOUT]: [1.0, 1.0, 1.0, 4.0]
[00:57:47] [Server thread/INFO] (Minecraft) [STDOUT]: Sending Info now
[00:57:47] [Server thread/INFO] (Minecraft) [STDOUT]: LEN: 4
[00:57:47] [Server thread/INFO] (Minecraft) [STDOUT]: [1.0, 1.0, 1.0, 4.0]
[00:57:47] [Server thread/INFO] (Minecraft) [STDOUT]: Sending Info now
[00:57:47] [Server thread/INFO] (Minecraft) [STDOUT]: LEN: 4
[00:57:47] [Server thread/INFO] (Minecraft) [STDOUT]: [1.0, 1.0, 1.0, 4.0]
[00:57:47] [Server thread/INFO] (Minecraft) [STDOUT]: Sending Info now
[00:57:47] [Server thread/INFO] (Minecraft) [STDOUT]: LEN: 4
[00:57:47] [Server thread/INFO] (Minecraft) [STDOUT]: [1.0, 1.0, 1.0, 4.0]
[00:57:47] [Server thread/INFO] (Minecraft) [STDOUT]: Sending Info now
[00:57:47] [Server thread/INFO] (Minecraft) [STDOUT]: LEN: 4
[00:57:47] [Server thread/INFO] (Minecraft) [STDOUT]: [1.0, 1.0, 1.0, 4.0]
[00:57:47] [Server thread/INFO] (Minecraft) [STDOUT]: Sending Info now
[00:57:48] [Server thread/INFO] (Minecraft) [STDOUT]: LEN: 4
[00:57:48] [Server thread/INFO] (Minecraft) [STDOUT]: [1.0, 1.0, 1.0, 4.0]
[00:57:48] [Server thread/INFO] (Minecraft) [STDOUT]: Sending Info now
[00:57:48] [Server thread/INFO] (Minecraft) [STDOUT]: LEN: 4
[00:57:48] [Server thread/INFO] (Minecraft) [STDOUT]: [1.0, 1.0, 1.0, 4.0]
[00:57:48] [Server thread/INFO] (Minecraft) [STDOUT]: Sending Info now
[00:57:48] [Server thread/INFO] (Minecraft) [STDOUT]: LEN: 4
[00:57:48] [Server thread/INFO] (Minecraft) [STDOUT]: [1.0, 1.0, 1.0, 4.0]
[00:57:48] [Server thread/INFO] (Minecraft) [STDOUT]: Sending Info now
[00:57:48] [Server thread/INFO] (Minecraft) [STDOUT]: LEN: 4
[00:57:48] [Server thread/INFO] (Minecraft) [STDOUT]: [1.0, 1.0, 1.0, 4.0]
[00:57:48] [Server thread/INFO] (Minecraft) [STDOUT]: Sending Info now
[00:57:48] [Server thread/INFO] (Minecraft) [STDOUT]: LEN: 4
[00:57:48] [Server thread/INFO] (Minecraft) [STDOUT]: [1.0, 1.0, 1.0, 4.0]
[00:57:48] [Server thread/INFO] (Minecraft) [STDOUT]: Sending Info now
[00:57:48] [Server thread/INFO] (Minecraft) [STDOUT]: LEN: 4
[00:57:48] [Server thread/INFO] (Minecraft) [STDOUT]: [1.0, 1.0, 1.0, 4.0]
[00:57:48] [Server thread/INFO] (Minecraft) [STDOUT]: Sending Info now
[00:57:48] [Server thread/INFO] (Minecraft) [STDOUT]: LEN: 4
[00:57:48] [Server thread/INFO] (Minecraft) [STDOUT]: [1.0, 1.0, 1.0, 4.0]
[00:57:48] [Server thread/INFO] (Minecraft) [STDOUT]: Sending Info now
[00:57:48] [Server thread/INFO] (Minecraft) [STDOUT]: LEN: 4
[00:57:48] [Server thread/INFO] (Minecraft) [STDOUT]: [1.0, 1.0, 1.0, 4.0]
[00:57:48] [Server thread/INFO] (Minecraft) [STDOUT]: Sending Info now
[00:57:48] [Server thread/INFO] (Minecraft) [STDOUT]: LEN: 4
[00:57:48] [Server thread/INFO] (Minecraft) [STDOUT]: [1.0, 1.0, 1.0, 4.0]
[00:57:48] [Server thread/INFO] (Minecraft) [STDOUT]: Sending Info now
[00:57:48] [Server thread/INFO] (Minecraft) [STDOUT]: LEN: 4
[00:57:48] [Server thread/INFO] (Minecraft) [STDOUT]: [1.0, 1.0, 1.0, 4.0]
[00:57:48] [Server thread/INFO] (Minecraft) [STDOUT]: Sending Info now
[00:57:48] [Server thread/INFO] (Minecraft) [STDOUT]: LEN: 4
[00:57:48] [Server thread/INFO] (Minecraft) [STDOUT]: [1.0, 1.0, 1.0, 4.0]
[00:57:49] [Server thread/INFO] (Minecraft) [STDOUT]: Sending Info now
[00:57:49] [Server thread/INFO] (Minecraft) [STDOUT]: LEN: 4
[00:57:49] [Server thread/INFO] (Minecraft) [STDOUT]: [1.0, 1.0, 1.0, 4.0]
[00:57:49] [Server thread/INFO] (Minecraft) [STDOUT]: Sending Info now
[00:57:49] [Server thread/INFO] (Minecraft) [STDOUT]: LEN: 4
[00:57:49] [Server thread/INFO] (Minecraft) [STDOUT]: [1.0, 1.0, 1.0, 4.0]
[00:57:49] [Server thread/INFO] (Minecraft) [STDOUT]: Sending Info now
[00:57:49] [Server thread/INFO] (Minecraft) [STDOUT]: LEN: 4
[00:57:49] [Server thread/INFO] (Minecraft) [STDOUT]: [1.0, 1.0, 1.0, 4.0]
[00:57:49] [Server thread/INFO] (Minecraft) [STDOUT]: Sending Info now
[00:57:49] [Server thread/INFO] (Minecraft) [STDOUT]: LEN: 4
[00:57:49] [Server thread/INFO] (Minecraft) [STDOUT]: [1.0, 1.0, 1.0, 4.0]
[00:57:49] [Server thread/INFO] (Minecraft) [STDOUT]: Sending Info now
[00:57:49] [Server thread/INFO] (Minecraft) [STDOUT]: LEN: 4
[00:57:49] [Server thread/INFO] (Minecraft) [STDOUT]: [1.0, 1.0, 1.0, 4.0]
[00:57:49] [Server thread/INFO] (Minecraft) [STDOUT]: Sending Info now
[00:57:49] [Server thread/INFO] (Minecraft) [STDOUT]: LEN: 4
[00:57:49] [Server thread/INFO] (Minecraft) [STDOUT]: [1.0, 1.0, 1.0, 4.0]
[00:57:49] [Server thread/INFO] (Minecraft) [STDOUT]: Sending Info now
[00:57:49] [Server thread/INFO] (Minecraft) [STDOUT]: LEN: 4
[00:57:49] [Server thread/INFO] (Minecraft) [STDOUT]: [1.0, 1.0, 1.0, 4.0]
[00:57:49] [Server thread/INFO] (Minecraft) [STDOUT]: Sending Info now
[00:57:49] [Server thread/INFO] (Minecraft) [STDOUT]: LEN: 4
[00:57:49] [Server thread/INFO] (Minecraft) [STDOUT]: [1.0, 1.0, 1.0, 4.0]
[00:57:49] [Server thread/INFO] (Minecraft) [STDOUT]: Sending Info now
[00:57:49] [Server thread/INFO] (Minecraft) [STDOUT]: LEN: 4
[00:57:49] [Server thread/INFO] (Minecraft) [STDOUT]: [1.0, 1.0, 1.0, 4.0]
[00:57:49] [Server thread/INFO] (Minecraft) [STDOUT]: Sending Info now
[00:57:49] [Server thread/INFO] (Minecraft) [STDOUT]: LEN: 4
[00:57:49] [Server thread/INFO] (Minecraft) [STDOUT]: [1.0, 1.0, 1.0, 4.0]
[00:57:50] [Server thread/INFO] (Minecraft) [STDOUT]: Sending Info now
[00:57:50] [Server thread/INFO] (Minecraft) [STDOUT]: LEN: 4
[00:57:50] [Server thread/INFO] (Minecraft) [STDOUT]: [1.0, 1.0, 1.0, 4.0]
[00:57:50] [Server thread/INFO] (Minecraft) [STDOUT]: Sending Info now
[00:57:50] [Server thread/INFO] (Minecraft) [STDOUT]: LEN: 4
[00:57:50] [Server thread/INFO] (Minecraft) [STDOUT]: [1.0, 1.0, 1.0, 4.0]
[00:57:50] [Server thread/INFO] (Minecraft) [STDOUT]: Sending Info now
[00:57:50] [Server thread/INFO] (Minecraft) [STDOUT]: LEN: 4
[00:57:50] [Server thread/INFO] (Minecraft) [STDOUT]: [1.0, 1.0, 1.0, 4.0]
[00:57:50] [Server thread/INFO] (Minecraft) [STDOUT]: Sending Info now
[00:57:50] [Server thread/INFO] (Minecraft) [STDOUT]: LEN: 4
[00:57:50] [Server thread/INFO] (Minecraft) [STDOUT]: [1.0, 1.0, 1.0, 4.0]
[00:57:50] [Server thread/INFO] (Minecraft) [STDOUT]: Sending Info now
[00:57:50] [Server thread/INFO] (Minecraft) [STDOUT]: LEN: 4
[00:57:50] [Server thread/INFO] (Minecraft) [STDOUT]: [1.0, 1.0, 1.0, 4.0]
[00:57:50] [Server thread/INFO] (Minecraft) [STDOUT]: Sending Info now
[00:57:50] [Server thread/INFO] (Minecraft) [STDOUT]: LEN: 4
[00:57:50] [Server thread/INFO] (Minecraft) [STDOUT]: [1.0, 1.0, 1.0, 4.0]
[00:57:50] [Server thread/INFO] (Minecraft) [STDOUT]: Sending Info now
[00:57:50] [Server thread/INFO] (Minecraft) [STDOUT]: LEN: 4
[00:57:50] [Server thread/INFO] (Minecraft) [STDOUT]: [1.0, 1.0, 1.0, 4.0]
[00:57:50] [Server thread/INFO] (Minecraft) [STDOUT]: Sending Info now
[00:57:50] [Server thread/INFO] (Minecraft) [STDOUT]: LEN: 4
[00:57:50] [Server thread/INFO] (Minecraft) [STDOUT]: [1.0, 1.0, 1.0, 4.0]
[00:57:50] [Server thread/INFO] (Minecraft) [STDOUT]: Sending Info now
[00:57:50] [Server thread/INFO] (Minecraft) [STDOUT]: LEN: 4
[00:57:50] [Server thread/INFO] (Minecraft) [STDOUT]: [1.0, 1.0, 1.0, 4.0]
[00:57:50] [Server thread/INFO] (Minecraft) [STDOUT]: Sending Info now
[00:57:50] [Server thread/INFO] (Minecraft) [STDOUT]: LEN: 4
[00:57:50] [Server thread/INFO] (Minecraft) [STDOUT]: [1.0, 1.0, 1.0, 4.0]
[00:57:51] [Server thread/INFO] (Minecraft) [STDOUT]: Sending Info now
[00:57:51] [Server thread/INFO] (Minecraft) [STDOUT]: LEN: 4
[00:57:51] [Server thread/INFO] (Minecraft) [STDOUT]: [1.0, 1.0, 1.0, 4.0]
[00:57:51] [Server thread/INFO] (Minecraft) [STDOUT]: Sending Info now
[00:57:51] [Server thread/INFO] (Minecraft) [STDOUT]: LEN: 4
[00:57:51] [Server thread/INFO] (Minecraft) [STDOUT]: [1.0, 1.0, 1.0, 4.0]
[00:57:51] [Server thread/INFO] (Minecraft) [STDOUT]: Sending Info now
[00:57:51] [Server thread/INFO] (Minecraft) [STDOUT]: LEN: 4
[00:57:51] [Server thread/INFO] (Minecraft) [STDOUT]: [1.0, 1.0, 1.0, 4.0]
[00:57:51] [Server thread/INFO] (Minecraft) [STDOUT]: Sending Info now
[00:57:51] [Server thread/INFO] (Minecraft) [STDOUT]: LEN: 4
[00:57:51] [Server thread/INFO] (Minecraft) [STDOUT]: [1.0, 1.0, 1.0, 4.0]
[00:57:51] [Server thread/INFO] (Minecraft) [STDOUT]: Sending Info now
[00:57:51] [Server thread/INFO] (Minecraft) [STDOUT]: LEN: 4
[00:57:51] [Server thread/INFO] (Minecraft) [STDOUT]: [1.0, 1.0, 1.0, 4.0]
[00:57:51] [Server thread/INFO] (Minecraft) [STDOUT]: Sending Info now
[00:57:51] [Server thread/INFO] (Minecraft) [STDOUT]: LEN: 4
[00:57:51] [Server thread/INFO] (Minecraft) [STDOUT]: [1.0, 1.0, 1.0, 4.0]
[00:57:51] [Server thread/INFO] (Minecraft) [STDOUT]: Sending Info now
[00:57:51] [Server thread/INFO] (Minecraft) [STDOUT]: LEN: 4
[00:57:51] [Server thread/INFO] (Minecraft) [STDOUT]: [1.0, 1.0, 1.0, 4.0]
[00:57:51] [Server thread/INFO] (Minecraft) [STDOUT]: Sending Info now
[00:57:51] [Server thread/INFO] (Minecraft) [STDOUT]: LEN: 4
[00:57:51] [Server thread/INFO] (Minecraft) [STDOUT]: [1.0, 1.0, 1.0, 4.0]
[00:57:51] [Server thread/INFO] (Minecraft) [STDOUT]: Sending Info now
[00:57:51] [Server thread/INFO] (Minecraft) [STDOUT]: LEN: 4
[00:57:51] [Server thread/INFO] (Minecraft) [STDOUT]: [1.0, 1.0, 1.0, 4.0]
[00:57:51] [Server thread/INFO] (Minecraft) [STDOUT]: Sending Info now
[00:57:51] [Server thread/INFO] (Minecraft) [STDOUT]: LEN: 4
[00:57:51] [Server thread/INFO] (Minecraft) [STDOUT]: [1.0, 1.0, 1.0, 4.0]
[00:57:52] [Server thread/INFO] (Minecraft) [STDOUT]: Sending Info now
[00:57:52] [Server thread/INFO] (Minecraft) [STDOUT]: LEN: 4
[00:57:52] [Server thread/INFO] (Minecraft) [STDOUT]: [1.0, 1.0, 1.0, 4.0]
[00:57:52] [Server thread/INFO] (Minecraft) [STDOUT]: Sending Info now
[00:57:52] [Server thread/INFO] (Minecraft) [STDOUT]: LEN: 4
[00:57:52] [Server thread/INFO] (Minecraft) [STDOUT]: [1.0, 1.0, 1.0, 4.0]
[00:57:52] [Server thread/INFO] (Minecraft) [STDOUT]: Sending Info now
[00:57:52] [Server thread/INFO] (Minecraft) [STDOUT]: LEN: 4
[00:57:52] [Server thread/INFO] (Minecraft) [STDOUT]: [1.0, 1.0, 1.0, 4.0]
[00:57:52] [Server thread/INFO] (Minecraft) [STDOUT]: Sending Info now
[00:57:52] [Server thread/INFO] (Minecraft) [STDOUT]: LEN: 4
[00:57:52] [Server thread/INFO] (Minecraft) [STDOUT]: [1.0, 1.0, 1.0, 4.0]
[00:57:52] [Server thread/INFO] (Minecraft) [STDOUT]: Sending Info now
[00:57:52] [Server thread/INFO] (Minecraft) [STDOUT]: LEN: 4
[00:57:52] [Server thread/INFO] (Minecraft) [STDOUT]: [1.0, 1.0, 1.0, 4.0]
[00:57:52] [Server thread/INFO] (Minecraft) [STDOUT]: Sending Info now
[00:57:52] [Server thread/INFO] (Minecraft) [STDOUT]: LEN: 4
[00:57:52] [Server thread/INFO] (Minecraft) [STDOUT]: [1.0, 1.0, 1.0, 4.0]
[00:57:52] [Server thread/INFO] (Minecraft) [STDOUT]: Sending Info now
[00:57:52] [Server thread/INFO] (Minecraft) [STDOUT]: LEN: 4
[00:57:52] [Server thread/INFO] (Minecraft) [STDOUT]: [1.0, 1.0, 1.0, 4.0]
[00:57:52] [Server thread/INFO] (Minecraft) [STDOUT]: Sending Info now
[00:57:52] [Server thread/INFO] (Minecraft) [STDOUT]: LEN: 4
[00:57:52] [Server thread/INFO] (Minecraft) [STDOUT]: [1.0, 1.0, 1.0, 4.0]
[00:57:52] [Server thread/INFO] (Minecraft) [STDOUT]: Sending Info now
[00:57:52] [Server thread/INFO] (Minecraft) [STDOUT]: LEN: 4
[00:57:52] [Server thread/INFO] (Minecraft) [STDOUT]: [1.0, 1.0, 1.0, 4.0]
[00:57:52] [Server thread/INFO] (Minecraft) [STDOUT]: Sending Info now
[00:57:52] [Server thread/INFO] (Minecraft) [STDOUT]: LEN: 4
[00:57:52] [Server thread/INFO] (Minecraft) [STDOUT]: [1.0, 1.0, 1.0, 4.0]
[00:57:53] [Server thread/INFO] (Minecraft) [STDOUT]: Sending Info now
[00:57:53] [Server thread/INFO] (Minecraft) [STDOUT]: LEN: 4
[00:57:53] [Server thread/INFO] (Minecraft) [STDOUT]: [1.0, 1.0, 1.0, 4.0]
[00:57:53] [Server thread/INFO] (Minecraft) [STDOUT]: Sending Info now
[00:57:53] [Server thread/INFO] (Minecraft) [STDOUT]: LEN: 4
[00:57:53] [Server thread/INFO] (Minecraft) [STDOUT]: [1.0, 1.0, 1.0, 4.0]
[00:57:53] [Server thread/INFO] (Minecraft) [STDOUT]: Sending Info now
[00:57:53] [Server thread/INFO] (Minecraft) [STDOUT]: LEN: 4
[00:57:53] [Server thread/INFO] (Minecraft) [STDOUT]: [1.0, 1.0, 1.0, 4.0]
[00:57:53] [Server thread/INFO] (Minecraft) [STDOUT]: Sending Info now
[00:57:53] [Server thread/INFO] (Minecraft) [STDOUT]: LEN: 4
[00:57:53] [Server thread/INFO] (Minecraft) [STDOUT]: [1.0, 1.0, 1.0, 4.0]
[00:57:53] [Server thread/INFO] (Minecraft) [STDOUT]: Sending Info now
[00:57:53] [Server thread/INFO] (Minecraft) [STDOUT]: LEN: 4
[00:57:53] [Server thread/INFO] (Minecraft) [STDOUT]: [1.0, 1.0, 1.0, 4.0]
[00:57:53] [Server thread/INFO] (Minecraft) [STDOUT]: Sending Info now
[00:57:53] [Server thread/INFO] (Minecraft) [STDOUT]: LEN: 4
[00:57:53] [Server thread/INFO] (Minecraft) [STDOUT]: [1.0, 1.0, 1.0, 4.0]
[00:57:53] [Server thread/INFO] (Minecraft) [STDOUT]: Sending Info now
[00:57:53] [Server thread/INFO] (Minecraft) [STDOUT]: LEN: 4
[00:57:53] [Server thread/INFO] (Minecraft) [STDOUT]: [1.0, 1.0, 1.0, 4.0]
[00:57:53] [Server thread/INFO] (Minecraft) [STDOUT]: Sending Info now
[00:57:53] [Server thread/INFO] (Minecraft) [STDOUT]: LEN: 4
[00:57:53] [Server thread/INFO] (Minecraft) [STDOUT]: [1.0, 1.0, 1.0, 4.0]
[00:57:53] [Server thread/INFO] (Minecraft) [STDOUT]: Sending Info now
[00:57:53] [Server thread/INFO] (Minecraft) [STDOUT]: LEN: 4
[00:57:53] [Server thread/INFO] (Minecraft) [STDOUT]: [1.0, 1.0, 1.0, 4.0]
[00:57:53] [Server thread/INFO] (Minecraft) [STDOUT]: Sending Info now
[00:57:53] [Server thread/INFO] (Minecraft) [STDOUT]: LEN: 4
[00:57:53] [Server thread/INFO] (Minecraft) [STDOUT]: [1.0, 1.0, 1.0, 4.0]
[00:57:54] [Server thread/INFO] (Minecraft) [STDOUT]: Sending Info now
[00:57:54] [Server thread/INFO] (Minecraft) [STDOUT]: LEN: 4
[00:57:54] [Server thread/INFO] (Minecraft) [STDOUT]: [1.0, 1.0, 1.0, 4.0]
[00:57:54] [Server thread/INFO] (Minecraft) [STDOUT]: Sending Info now
[00:57:54] [Server thread/INFO] (Minecraft) [STDOUT]: LEN: 4
[00:57:54] [Server thread/INFO] (Minecraft) [STDOUT]: [1.0, 1.0, 1.0, 4.0]
[00:57:54] [Server thread/INFO] (Minecraft) [STDOUT]: Sending Info now
[00:57:54] [Server thread/INFO] (Minecraft) [STDOUT]: LEN: 4
[00:57:54] [Server thread/INFO] (Minecraft) [STDOUT]: [1.0, 1.0, 1.0, 4.0]
[00:57:54] [Server thread/INFO] (Minecraft) [STDOUT]: Sending Info now
[00:57:54] [Server thread/INFO] (Minecraft) [STDOUT]: LEN: 4
[00:57:54] [Server thread/INFO] (Minecraft) [STDOUT]: [1.0, 1.0, 1.0, 4.0]
[00:57:54] [Server thread/INFO] (Minecraft) [STDOUT]: Sending Info now
[00:57:54] [Server thread/INFO] (Minecraft) [STDOUT]: LEN: 4
[00:57:54] [Server thread/INFO] (Minecraft) [STDOUT]: [1.0, 1.0, 1.0, 4.0]
[00:57:54] [Server thread/INFO] (Minecraft) [STDOUT]: Sending Info now
[00:57:54] [Server thread/INFO] (Minecraft) [STDOUT]: LEN: 4
[00:57:54] [Server thread/INFO] (Minecraft) [STDOUT]: [1.0, 1.0, 1.0, 4.0]
[00:57:54] [Server thread/INFO] (Minecraft) [STDOUT]: Sending Info now
[00:57:54] [Server thread/INFO] (Minecraft) [STDOUT]: LEN: 4
[00:57:54] [Server thread/INFO] (Minecraft) [STDOUT]: [1.0, 1.0, 1.0, 4.0]
[00:57:54] [Server thread/INFO] (Minecraft) [STDOUT]: Sending Info now
[00:57:54] [Server thread/INFO] (Minecraft) [STDOUT]: LEN: 4
[00:57:54] [Server thread/INFO] (Minecraft) [STDOUT]: [1.0, 1.0, 1.0, 4.0]
[00:57:54] [Server thread/INFO] (Minecraft) [STDOUT]: Sending Info now
[00:57:54] [Server thread/INFO] (Minecraft) [STDOUT]: LEN: 4
[00:57:54] [Server thread/INFO] (Minecraft) [STDOUT]: [1.0, 1.0, 1.0, 4.0]
[00:57:54] [Server thread/INFO] (Minecraft) [STDOUT]: Sending Info now
[00:57:54] [Server thread/INFO] (Minecraft) [STDOUT]: LEN: 4
[00:57:54] [Server thread/INFO] (Minecraft) [STDOUT]: [1.0, 1.0, 1.0, 4.0]
[00:57:55] [Server thread/INFO] (Minecraft) [STDOUT]: Sending Info now
[00:57:55] [Server thread/INFO] (Minecraft) [STDOUT]: LEN: 4
[00:57:55] [Server thread/INFO] (Minecraft) [STDOUT]: [1.0, 1.0, 1.0, 4.0]
[00:57:55] [Server thread/INFO] (Minecraft) [STDOUT]: Sending Info now
[00:57:55] [Server thread/INFO] (Minecraft) [STDOUT]: LEN: 4
[00:57:55] [Server thread/INFO] (Minecraft) [STDOUT]: [1.0, 1.0, 1.0, 4.0]
[00:57:55] [Server thread/INFO] (Minecraft) [STDOUT]: Sending Info now
[00:57:55] [Server thread/INFO] (Minecraft) [STDOUT]: LEN: 4
[00:57:55] [Server thread/INFO] (Minecraft) [STDOUT]: [1.0, 1.0, 1.0, 4.0]
[00:57:55] [Server thread/INFO] (Minecraft) [STDOUT]: Sending Info now
[00:57:55] [Server thread/INFO] (Minecraft) [STDOUT]: LEN: 4
[00:57:55] [Server thread/INFO] (Minecraft) [STDOUT]: [1.0, 1.0, 1.0, 4.0]
[00:57:55] [Server thread/INFO] (Minecraft) [STDOUT]: Sending Info now
[00:57:55] [Server thread/INFO] (Minecraft) [STDOUT]: LEN: 4
[00:57:55] [Server thread/INFO] (Minecraft) [STDOUT]: [1.0, 1.0, 1.0, 4.0]
[00:57:55] [Server thread/INFO] (Minecraft) [STDOUT]: Sending Info now
[00:57:55] [Server thread/INFO] (Minecraft) [STDOUT]: LEN: 4
[00:57:55] [Server thread/INFO] (Minecraft) [STDOUT]: [1.0, 1.0, 1.0, 4.0]
[00:57:55] [Server thread/INFO] (Minecraft) [STDOUT]: Sending Info now
[00:57:55] [Server thread/INFO] (Minecraft) [STDOUT]: LEN: 4
[00:57:55] [Server thread/INFO] (Minecraft) [STDOUT]: [1.0, 1.0, 1.0, 4.0]
[00:57:55] [Server thread/INFO] (Minecraft) [STDOUT]: Sending Info now
[00:57:55] [Server thread/INFO] (Minecraft) [STDOUT]: LEN: 4
[00:57:55] [Server thread/INFO] (Minecraft) [STDOUT]: [1.0, 1.0, 1.0, 4.0]
[00:57:55] [Server thread/INFO] (Minecraft) [STDOUT]: Sending Info now
[00:57:55] [Server thread/INFO] (Minecraft) [STDOUT]: LEN: 4
[00:57:55] [Server thread/INFO] (Minecraft) [STDOUT]: [1.0, 1.0, 1.0, 4.0]
[00:57:55] [Server thread/INFO] (Minecraft) [STDOUT]: Sending Info now
[00:57:55] [Server thread/INFO] (Minecraft) [STDOUT]: LEN: 4
[00:57:55] [Server thread/INFO] (Minecraft) [STDOUT]: [1.0, 1.0, 1.0, 4.0]
[00:57:56] [Server thread/INFO] (Minecraft) [STDOUT]: Sending Info now
[00:57:56] [Server thread/INFO] (Minecraft) [STDOUT]: LEN: 4
[00:57:56] [Server thread/INFO] (Minecraft) [STDOUT]: [1.0, 1.0, 1.0, 4.0]
[00:57:56] [Server thread/INFO] (Minecraft) [STDOUT]: Sending Info now
[00:57:56] [Server thread/INFO] (Minecraft) [STDOUT]: LEN: 4
[00:57:56] [Server thread/INFO] (Minecraft) [STDOUT]: [1.0, 1.0, 1.0, 4.0]
[00:57:56] [Server thread/INFO] (Minecraft) [STDOUT]: Sending Info now
[00:57:56] [Server thread/INFO] (Minecraft) [STDOUT]: LEN: 4
[00:57:56] [Server thread/INFO] (Minecraft) [STDOUT]: [1.0, 1.0, 1.0, 4.0]
[00:57:56] [Server thread/INFO] (Minecraft) [STDOUT]: Sending Info now
[00:57:56] [Server thread/INFO] (Minecraft) [STDOUT]: LEN: 4
[00:57:56] [Server thread/INFO] (Minecraft) [STDOUT]: [1.0, 1.0, 1.0, 4.0]
[00:57:56] [Server thread/INFO] (Minecraft) [STDOUT]: Sending Info now
[00:57:56] [Server thread/INFO] (Minecraft) [STDOUT]: LEN: 4
[00:57:56] [Server thread/INFO] (Minecraft) [STDOUT]: [1.0, 1.0, 1.0, 4.0]
[00:57:56] [Server thread/INFO] (Minecraft) [STDOUT]: Sending Info now
[00:57:56] [Server thread/INFO] (Minecraft) [STDOUT]: LEN: 4
[00:57:56] [Server thread/INFO] (Minecraft) [STDOUT]: [1.0, 1.0, 1.0, 4.0]
[00:57:56] [Server thread/INFO] (Minecraft) [STDOUT]: Sending Info now
[00:57:56] [Server thread/INFO] (Minecraft) [STDOUT]: LEN: 4
[00:57:56] [Server thread/INFO] (Minecraft) [STDOUT]: [1.0, 1.0, 1.0, 4.0]
[00:57:56] [Server thread/INFO] (Minecraft) [STDOUT]: Sending Info now
[00:57:56] [Server thread/INFO] (Minecraft) [STDOUT]: LEN: 4
[00:57:56] [Server thread/INFO] (Minecraft) [STDOUT]: [1.0, 1.0, 1.0, 4.0]
[00:57:56] [Server thread/INFO] (Minecraft) [STDOUT]: Sending Info now
[00:57:56] [Server thread/INFO] (Minecraft) [STDOUT]: LEN: 4
[00:57:56] [Server thread/INFO] (Minecraft) [STDOUT]: [1.0, 1.0, 1.0, 4.0]
[00:57:56] [Server thread/INFO] (Minecraft) [STDOUT]: Sending Info now
[00:57:56] [Server thread/INFO] (Minecraft) [STDOUT]: LEN: 4
[00:57:56] [Server thread/INFO] (Minecraft) [STDOUT]: [1.0, 1.0, 1.0, 4.0]
[00:57:57] [Server thread/INFO] (Minecraft) [STDOUT]: Sending Info now
[00:57:57] [Server thread/INFO] (Minecraft) [STDOUT]: LEN: 4
[00:57:57] [Server thread/INFO] (Minecraft) [STDOUT]: [1.0, 1.0, 1.0, 4.0]
[00:57:57] [Server thread/INFO] (Minecraft) [STDOUT]: Sending Info now
[00:57:57] [Server thread/INFO] (Minecraft) [STDOUT]: LEN: 4
[00:57:57] [Server thread/INFO] (Minecraft) [STDOUT]: [1.0, 1.0, 1.0, 4.0]
[00:57:57] [Server thread/INFO] (Minecraft) [STDOUT]: Sending Info now
[00:57:57] [Server thread/INFO] (Minecraft) [STDOUT]: LEN: 4
[00:57:57] [Server thread/INFO] (Minecraft) [STDOUT]: [1.0, 1.0, 1.0, 4.0]
[00:57:57] [Server thread/INFO] (Minecraft) [STDOUT]: Sending Info now
[00:57:57] [Server thread/INFO] (Minecraft) [STDOUT]: LEN: 4
[00:57:57] [Server thread/INFO] (Minecraft) [STDOUT]: [1.0, 1.0, 1.0, 4.0]
[00:57:57] [Server thread/INFO] (Minecraft) [STDOUT]: Sending Info now
[00:57:57] [Server thread/INFO] (Minecraft) [STDOUT]: LEN: 4
[00:57:57] [Server thread/INFO] (Minecraft) [STDOUT]: [1.0, 1.0, 1.0, 4.0]
[00:57:57] [Server thread/INFO] (Minecraft) [STDOUT]: Sending Info now
[00:57:57] [Server thread/INFO] (Minecraft) [STDOUT]: LEN: 4
[00:57:57] [Server thread/INFO] (Minecraft) [STDOUT]: [1.0, 1.0, 1.0, 4.0]
[00:57:57] [Server thread/INFO] (Minecraft) [STDOUT]: Sending Info now
[00:57:57] [Server thread/INFO] (Minecraft) [STDOUT]: LEN: 4
[00:57:57] [Server thread/INFO] (Minecraft) [STDOUT]: [1.0, 1.0, 1.0, 4.0]
[00:57:57] [Server thread/INFO] (Minecraft) [STDOUT]: Sending Info now
[00:57:57] [Server thread/INFO] (Minecraft) [STDOUT]: LEN: 4
[00:57:57] [Server thread/INFO] (Minecraft) [STDOUT]: [1.0, 1.0, 1.0, 4.0]
[00:57:57] [Server thread/INFO] (Minecraft) [STDOUT]: Sending Info now
[00:57:57] [Server thread/INFO] (Minecraft) [STDOUT]: LEN: 4
[00:57:57] [Server thread/INFO] (Minecraft) [STDOUT]: [1.0, 1.0, 1.0, 4.0]
[00:57:57] [Server thread/INFO] (Minecraft) [STDOUT]: Sending Info now
[00:57:57] [Server thread/INFO] (Minecraft) [STDOUT]: LEN: 4
[00:57:57] [Server thread/INFO] (Minecraft) [STDOUT]: [1.0, 1.0, 1.0, 4.0]
[00:57:58] [Server thread/INFO] (Minecraft) [STDOUT]: Sending Info now
[00:57:58] [Server thread/INFO] (Minecraft) [STDOUT]: LEN: 4
[00:57:58] [Server thread/INFO] (Minecraft) [STDOUT]: [1.0, 1.0, 1.0, 4.0]
[00:57:58] [Server thread/INFO] (Minecraft) [STDOUT]: Sending Info now
[00:57:58] [Server thread/INFO] (Minecraft) [STDOUT]: LEN: 4
[00:57:58] [Server thread/INFO] (Minecraft) [STDOUT]: [1.0, 1.0, 1.0, 4.0]
[00:57:58] [Server thread/INFO] (Minecraft) [STDOUT]: Sending Info now
[00:57:58] [Server thread/INFO] (Minecraft) [STDOUT]: LEN: 4
[00:57:58] [Server thread/INFO] (Minecraft) [STDOUT]: [1.0, 1.0, 1.0, 4.0]
[00:57:58] [Server thread/INFO] (Minecraft) [STDOUT]: Sending Info now
[00:57:58] [Server thread/INFO] (Minecraft) [STDOUT]: LEN: 4
[00:57:58] [Server thread/INFO] (Minecraft) [STDOUT]: [1.0, 1.0, 1.0, 4.0]
[00:57:58] [Server thread/INFO] (Minecraft) [STDOUT]: Sending Info now
[00:57:58] [Server thread/INFO] (Minecraft) [STDOUT]: LEN: 4
[00:57:58] [Server thread/INFO] (Minecraft) [STDOUT]: [1.0, 1.0, 1.0, 4.0]
[00:57:58] [Server thread/INFO] (Minecraft) [STDOUT]: Sending Info now
[00:57:58] [Server thread/INFO] (Minecraft) [STDOUT]: LEN: 4
[00:57:58] [Server thread/INFO] (Minecraft) [STDOUT]: [1.0, 1.0, 1.0, 4.0]
[00:57:58] [Server thread/INFO] (Minecraft) [STDOUT]: Sending Info now
[00:57:58] [Server thread/INFO] (Minecraft) [STDOUT]: LEN: 4
[00:57:58] [Server thread/INFO] (Minecraft) [STDOUT]: [1.0, 1.0, 1.0, 4.0]
[00:57:58] [Server thread/INFO] (Minecraft) [STDOUT]: Sending Info now
[00:57:58] [Server thread/INFO] (Minecraft) [STDOUT]: LEN: 4
[00:57:58] [Server thread/INFO] (Minecraft) [STDOUT]: [1.0, 1.0, 1.0, 4.0]
[00:57:58] [Server thread/INFO] (Minecraft) [STDOUT]: Sending Info now
[00:57:58] [Server thread/INFO] (Minecraft) [STDOUT]: LEN: 4
[00:57:58] [Server thread/INFO] (Minecraft) [STDOUT]: [1.0, 1.0, 1.0, 4.0]
[00:57:58] [Server thread/INFO] (Minecraft) [STDOUT]: Sending Info now
[00:57:58] [Server thread/INFO] (Minecraft) [STDOUT]: LEN: 4
[00:57:58] [Server thread/INFO] (Minecraft) [STDOUT]: [1.0, 1.0, 1.0, 4.0]
[00:57:59] [Server thread/INFO] (Minecraft) [STDOUT]: Sending Info now
[00:57:59] [Server thread/INFO] (Minecraft) [STDOUT]: LEN: 4
[00:57:59] [Server thread/INFO] (Minecraft) [STDOUT]: [1.0, 1.0, 1.0, 4.0]
[00:57:59] [Server thread/INFO] (Minecraft) [STDOUT]: Sending Info now
[00:57:59] [Server thread/INFO] (Minecraft) [STDOUT]: LEN: 4
[00:57:59] [Server thread/INFO] (Minecraft) [STDOUT]: [1.0, 1.0, 1.0, 4.0]
[00:57:59] [Server thread/INFO] (Minecraft) [STDOUT]: Sending Info now
[00:57:59] [Server thread/INFO] (Minecraft) [STDOUT]: LEN: 4
[00:57:59] [Server thread/INFO] (Minecraft) [STDOUT]: [1.0, 1.0, 1.0, 4.0]
[00:57:59] [Server thread/INFO] (Minecraft) [STDOUT]: Sending Info now
[00:57:59] [Server thread/INFO] (Minecraft) [STDOUT]: LEN: 4
[00:57:59] [Server thread/INFO] (Minecraft) [STDOUT]: [1.0, 1.0, 1.0, 4.0]
[00:57:59] [Server thread/INFO] (Minecraft) [STDOUT]: Sending Info now
[00:57:59] [Server thread/INFO] (Minecraft) [STDOUT]: LEN: 4
[00:57:59] [Server thread/INFO] (Minecraft) [STDOUT]: [1.0, 1.0, 1.0, 4.0]
[00:57:59] [Server thread/INFO] (Minecraft) [STDOUT]: Sending Info now
[00:57:59] [Server thread/INFO] (Minecraft) [STDOUT]: LEN: 4
[00:57:59] [Server thread/INFO] (Minecraft) [STDOUT]: [1.0, 1.0, 1.0, 4.0]
[00:57:59] [Server thread/INFO] (Minecraft) [STDOUT]: Sending Info now
[00:57:59] [Server thread/INFO] (Minecraft) [STDOUT]: LEN: 4
[00:57:59] [Server thread/INFO] (Minecraft) [STDOUT]: [1.0, 1.0, 1.0, 4.0]
[00:57:59] [Server thread/INFO] (Minecraft) [STDOUT]: Sending Info now
[00:57:59] [Server thread/INFO] (Minecraft) [STDOUT]: LEN: 4
[00:57:59] [Server thread/INFO] (Minecraft) [STDOUT]: [1.0, 1.0, 1.0, 4.0]
[00:57:59] [Server thread/INFO] (Minecraft) [STDOUT]: Sending Info now
[00:57:59] [Server thread/INFO] (Minecraft) [STDOUT]: LEN: 4
[00:57:59] [Server thread/INFO] (Minecraft) [STDOUT]: [1.0, 1.0, 1.0, 4.0]
[00:57:59] [Server thread/INFO] (Minecraft) [STDOUT]: Sending Info now
[00:57:59] [Server thread/INFO] (Minecraft) [STDOUT]: LEN: 4
[00:57:59] [Server thread/INFO] (Minecraft) [STDOUT]: [1.0, 1.0, 1.0, 4.0]
[00:58:00] [Server thread/INFO] (Minecraft) [STDOUT]: Sending Info now
[00:58:00] [Server thread/INFO] (Minecraft) [STDOUT]: LEN: 4
[00:58:00] [Server thread/INFO] (Minecraft) [STDOUT]: [1.0, 1.0, 1.0, 4.0]
[00:58:00] [Server thread/INFO] (Minecraft) [STDOUT]: Sending Info now
[00:58:00] [Server thread/INFO] (Minecraft) [STDOUT]: LEN: 4
[00:58:00] [Server thread/INFO] (Minecraft) [STDOUT]: [1.0, 1.0, 1.0, 4.0]
[00:58:00] [Server thread/INFO] (Minecraft) [STDOUT]: Sending Info now
[00:58:00] [Server thread/INFO] (Minecraft) [STDOUT]: LEN: 4
[00:58:00] [Server thread/INFO] (Minecraft) [STDOUT]: [1.0, 1.0, 1.0, 4.0]
[00:58:00] [Server thread/INFO] (Minecraft) [STDOUT]: Sending Info now
[00:58:00] [Server thread/INFO] (Minecraft) [STDOUT]: LEN: 4
[00:58:00] [Server thread/INFO] (Minecraft) [STDOUT]: [1.0, 1.0, 1.0, 4.0]
[00:58:00] [Server thread/INFO] (Minecraft) [STDOUT]: Sending Info now
[00:58:00] [Server thread/INFO] (Minecraft) [STDOUT]: LEN: 4
[00:58:00] [Server thread/INFO] (Minecraft) [STDOUT]: [1.0, 1.0, 1.0, 4.0]
[00:58:00] [Server thread/INFO] (Minecraft) [STDOUT]: Sending Info now
[00:58:00] [Server thread/INFO] (Minecraft) [STDOUT]: LEN: 4
[00:58:00] [Server thread/INFO] (Minecraft) [STDOUT]: [1.0, 1.0, 1.0, 4.0]
[00:58:00] [Server thread/INFO] (Minecraft) [STDOUT]: Sending Info now
[00:58:00] [Server thread/INFO] (Minecraft) [STDOUT]: LEN: 4
[00:58:00] [Server thread/INFO] (Minecraft) [STDOUT]: [1.0, 1.0, 1.0, 4.0]
[00:58:00] [Server thread/INFO] (Minecraft) [STDOUT]: Sending Info now
[00:58:00] [Server thread/INFO] (Minecraft) [STDOUT]: LEN: 4
[00:58:00] [Server thread/INFO] (Minecraft) [STDOUT]: [1.0, 1.0, 1.0, 4.0]
[00:58:00] [Server thread/INFO] (Minecraft) [STDOUT]: Sending Info now
[00:58:00] [Server thread/INFO] (Minecraft) [STDOUT]: LEN: 4
[00:58:00] [Server thread/INFO] (Minecraft) [STDOUT]: [1.0, 1.0, 1.0, 4.0]
[00:58:00] [Server thread/INFO] (Minecraft) [STDOUT]: Sending Info now
[00:58:00] [Server thread/INFO] (Minecraft) [STDOUT]: LEN: 4
[00:58:00] [Server thread/INFO] (Minecraft) [STDOUT]: [1.0, 1.0, 1.0, 4.0]
[00:58:01] [Server thread/INFO] (Minecraft) [STDOUT]: Sending Info now
[00:58:01] [Server thread/INFO] (Minecraft) [STDOUT]: LEN: 4
[00:58:01] [Server thread/INFO] (Minecraft) [STDOUT]: [1.0, 1.0, 1.0, 4.0]
[00:58:01] [Server thread/INFO] (Minecraft) [STDOUT]: Sending Info now
[00:58:01] [Server thread/INFO] (Minecraft) [STDOUT]: LEN: 4
[00:58:01] [Server thread/INFO] (Minecraft) [STDOUT]: [1.0, 1.0, 1.0, 4.0]
[00:58:01] [Server thread/INFO] (Minecraft) [STDOUT]: Sending Info now
[00:58:01] [Server thread/INFO] (Minecraft) [STDOUT]: LEN: 4
[00:58:01] [Server thread/INFO] (Minecraft) [STDOUT]: [1.0, 1.0, 1.0, 4.0]
[00:58:01] [Server thread/INFO] (Minecraft) [STDOUT]: Sending Info now
[00:58:01] [Server thread/INFO] (Minecraft) [STDOUT]: LEN: 4
[00:58:01] [Server thread/INFO] (Minecraft) [STDOUT]: [1.0, 1.0, 1.0, 4.0]
[00:58:01] [Server thread/INFO] (Minecraft) [STDOUT]: Sending Info now
[00:58:01] [Server thread/INFO] (Minecraft) [STDOUT]: LEN: 4
[00:58:01] [Server thread/INFO] (Minecraft) [STDOUT]: [1.0, 1.0, 1.0, 4.0]
[00:58:01] [Server thread/INFO] (Minecraft) [STDOUT]: Sending Info now
[00:58:01] [Server thread/INFO] (Minecraft) [STDOUT]: LEN: 4
[00:58:01] [Server thread/INFO] (Minecraft) [STDOUT]: [1.0, 1.0, 1.0, 4.0]
[00:58:01] [Server thread/INFO] (Minecraft) [STDOUT]: Sending Info now
[00:58:04] [Render thread/INFO] (Minecraft) Loaded 75 advancements
[00:58:27] [Server thread/INFO] (Minecraft) Saving and pausing game...
[00:58:27] [Server thread/INFO] (Minecraft) Saving chunks for level 'ServerLevel[New World]'/minecraft:overworld
[00:58:27] [Server thread/INFO] (Minecraft) Saving chunks for level 'ServerLevel[New World]'/minecraft:the_end
[00:58:27] [Server thread/INFO] (Minecraft) Saving chunks for level 'ServerLevel[New World]'/minecraft:the_nether
[00:58:28] [Server thread/INFO] (Minecraft) Player927 lost connection: Disconnected
[00:58:28] [Server thread/INFO] (Minecraft) Player927 left the game
[00:58:28] [Server thread/INFO] (Minecraft) Stopping singleplayer server as player logged out
[00:58:28] [Server thread/INFO] (Minecraft) Stopping server
[00:58:28] [Server thread/INFO] (Minecraft) Saving players
[00:58:28] [Server thread/INFO] (Minecraft) Saving worlds
[00:58:28] [Server thread/INFO] (Minecraft) Saving chunks for level 'ServerLevel[New World]'/minecraft:overworld
[00:58:29] [Server thread/INFO] (Minecraft) Saving chunks for level 'ServerLevel[New World]'/minecraft:the_end
[00:58:29] [Server thread/INFO] (Minecraft) Saving chunks for level 'ServerLevel[New World]'/minecraft:the_nether
[00:58:29] [Server thread/INFO] (Minecraft) ThreadedAnvilChunkStorage (New World): All chunks are saved
[00:58:29] [Server thread/INFO] (Minecraft) ThreadedAnvilChunkStorage (DIM1): All chunks are saved
[00:58:29] [Server thread/INFO] (Minecraft) ThreadedAnvilChunkStorage (DIM-1): All chunks are saved
[00:58:29] [Server thread/INFO] (Minecraft) ThreadedAnvilChunkStorage: All dimensions are saved
[00:58:30] [Render thread/INFO] (Minecraft) Stopping!
